Sr.No.	Customer	Quotation No.	Quotation Date	Prepared By	Status	Remarks
1	R Satendra Yadav		28-Sep-2026	Srivaari	Open	
2	Viaxel International LLP	SB/QTN/16323/2026-27	28-Sep-2026	Srivaari	Open	
3	Dhanashri Packaging	SB/QTN/15705-F/24-25-R2	26-Sep-2026	Amit B	Open	
4	AUROX REGEN P LTD	STF/QTN/2462/2026-27	26-Sep-2026	Srivaari	Open	
5	CHANDRA KAMAL DAIRY	SB/QTN/16321-F/26-27	25-Sep-2026	Amit B	Open	
6	Veda Engineering	SB/QTN/16314-NRP/26-27	25-Sep-2026	Amit B	Open	
7	AZAKEM LABS PVT LTD	SB/QTN/16317/2026-27	24-Sep-2026	Srivaari	Open	
8	Neotech Boilers Pvt Ltd	SB/QTN/16318/2026-27	24-Sep-2026	Srivaari	Open	
9	TFARM PRIVATE LIMITED	SB/QTN/16319/2026-27	24-Sep-2026	Srivaari	Open	
10	FUSION HEALTH CARE PVT LTD	STF/QTB/2269-R1-F /2025-26	23-Sep-2026	Srivaari	Open	
11	Vaishnavi Paper LLP	STF/QTN/2046/2024-25-R1	23-Sep-2026	Amit B	Open	
12	BASAVARAJ ABHADRANAVAR	SB/QTN/16316 F/2026-27	23-Sep-2026	Srivaari	Open	
13	Aditya Akshaya Bio Pharma P Ltd	STF/QTN/2394-R2-F/2026-27-R1	23-Sep-2026	Srivaari	Open	
14	ANNUNAKI PRODUCTS	SB/QTN/16304-R1/2026-27	22-Sep-2026	Srivaari	Open	
15	Krijan Biotech Private Limited	SB/QTN/16315 B/2026-27	22-Sep-2026	Srivaari	Open	
16	Krijan Biotech Private Limited	SB/QTN/16315 AF/2026-27	22-Sep-2026	Srivaari	Open	
17	KAVERI SEEDS COMPANY LTD	SB/QTN/16295-R1-F/26-27	22-Sep-2026	Amit B	Open	
18	BIO PLUS	SB/QTN/16283-R1-F /2026-27	22-Sep-2026	Srivaari	Open	
19	RE SUSTAINABILITY LIMITED	SB/QTN/16310-R1-NRP/26-27	22-Sep-2026	Amit B	Open	
20	AROMATIC FOOD PROESSING PVT LTD	SB/QTN/16313-B-R1/26-27	21-Sep-2026	Amit B	Open	
21	SANUX LABORATORIES P LTD	STF/QTN/2460 A/2026-27	21-Sep-2026	Srivaari	Open	
22	CRAFTSMART PRODUCTS PVT LTD	STF/QTN/2408-B-F/2026-27	20-Sep-2026	Srivaari	Open	
23	Tejaskhanda Nutraceuticals Pvt Ltd	STF/QTN/2458/26-27	20-Sep-2026	Amit B	Open	
24	Tejaskhanda Nutraceuticals Pvt Ltd		20-Sep-2026	Amit B	Open	
25	VINS Bioproducts Limited	STF/QTN/2447-B-F/2026-27-R2F	19-Sep-2026	Srivaari	Open	
26	ROJA & COMPANY	STF/QTN/2457 F/2026-27	19-Sep-2026	Srivaari	Open	
27	Alkaloids PVT LTD	SB/QTN/16312 F/2026-27	18-Sep-2026	Srivaari	Open	
28	KANTA ENGINEERING WORKS	SB/QTN/16311/2026-27	18-Sep-2026	Srivaari	Open	
29	FUSION HEALTH CARE PVT LTD	STF/QTN/2456/2026-27	18-Sep-2026	Srivaari	Open	
30	The Crisp Linen Co	SB/QTN/16290--B-R1-NRP/2026-27	17-Sep-2026	Srivaari	Open	
31	LIMRA ASSOCIATE	SB/QTN/16308-R1-F/26-27	17-Sep-2026	Amit B	Open	
32	LIMRA ASSOCIATE	SB/QTN/16308-F/26027	17-Sep-2026	Amit B	Open	
33	AAA EXIM	SB/QTN/16218 R2/2026-27	17-Sep-2026	Srivaari	Open	
34	DENIM CLINIC	SB/QTN/16306 F/2026-27	16-Sep-2026	Srivaari	Open	
35	DAYA ENGINEERING WORKS P LTD	STF/QTN/2381-R8/2026-27-R4F	16-Sep-2026	Srivaari	Open	
36	SUNIT BREW	SB/QTN/16307 F/2026-27-F	16-Sep-2026	Srivaari	Open	
37	VILASITHA FARMS & FEEDS PVT LTD	SB/QTN/16305 R1F/2026-27 R1	15-Sep-2026	Srivaari	Open	
38	YORKAR FABRICS	STF/QTN/2449/2026-27	15-Sep-2026	Srivaari	Open	
39	TEST - PUJAN	SB/QTN/TEST	14-Sep-2026	Amit B	Open	
40	JANGALPARA RICE MILL	SB/QTN/2454/2026-27	12-Sep-2026	Srivaari	Open	
41	VIJETHA POLYMERS	SB/QTN/16117 A/2026-27	12-Sep-2026	Srivaari	Open	
42	SSB BRICKS	SB/QTN/16303/2026-27	12-Sep-2026	Srivaari	Open	
43	Bio-Med Ingredients Pvt. Ltd.	STF/QTN/2299/2026-27-R1 F	11-Sep-2026	Srivaari	Open	
44	CARLSBERG INDIA	SB/16300/26-27	10-Sep-2026	Devansh Trivedi	Open	
45	SGRM & SONS AGRO PRIVATE LIMITED	STF/QTN/2453/2026-27	10-Sep-2026	Srivaari	Open	
46	LNS INFRA PRIVATE LTD	STF/QTN/2368-R3-F-NRP/2026-27	10-Sep-2026	Srivaari	Open	
47	SYNTHOCHEM PVT LTD	SB/16301/26-27	10-Sep-2026	Devansh Trivedi	Open	
48	Trikone Agro Pvt. Ltd.	STF/QTN/2445 BK/2026-27-F	09-Sep-2026	Srivaari	Open	
49	KAMMAC PROJECTS	STF/QTN/2452-OEM-R1-NRP /26-27	09-Sep-2026	Amit B	Open	
50	GNANESHWARI AGRO INDUSTRIES	STF/QTN/2451/2026-27	08-Sep-2026	Srivaari	Open	
51	RITESH SAHU	SB/QTN/2438-R1-F/2026-27	07-Sep-2026	Srivaari	Open	
52	AP EXPLOSSIVE LTD	SB/QTN/16296-F/26-27	07-Sep-2026	Amit B	Open	
53	SAM THERMOC TECH	STF/QTN/2346-D/2025-26	07-Sep-2026	Srivaari	Open	
54	PVS GROUP INDIA	STF/QTN/2398-R1-NRP/26-27	07-Sep-2026	Amit B	Open	
55	PVS GROUP INDIA	STF/QTN/2398-B-R1--INVOICE /2026-27	07-Sep-2026	Srivaari	Open	
56	SUPRA LIFE SCIENCES	SB/QTN/16294-F/26-27	07-Sep-2026	Amit B	Open	
57	ADITYA DRYERS	STF/QTN/2450-NRP-OEM/26-27	06-Sep-2026	Amit B	Open	
58	Thermo Cables Limited	STF/QTN/2441-B/26-27	05-Sep-2026	Devansh Trivedi	Open	
59	Botanic Healthcare p ltd	SB/QTN/16293 F/2026-27-F	05-Sep-2026	Srivaari	Open	
60	SHRI GANESH RICE MILL	STF/2444 R2 /26-27	05-Sep-2026	Devansh Trivedi	Open	
61	Botanic Healthcare p ltd	SB/QTN/16284 A/2026-27-F	04-Sep-2026	Srivaari	Open	
62	YORKAR FABRICS	STF/QTN/2449/2026-27	04-Sep-2026	Srivaari	Open	
63	K.C. Engineers Limited	SB/QTN/16291/2026-27	04-Sep-2026	Srivaari	Open	
64	Green Commons Private Limited	SB/QTN/16292/2026-27	04-Sep-2026	Srivaari	Open	
65	Trikone Argo Pvt. Ltd.	SB/QTN/16288/2026-27	03-Sep-2026	Srivaari	Open	
66	JAYA VIJAYAA INDUSTRIES	SB/QTN/16289/2026-27-F	03-Sep-2026	Srivaari	Open	
67	BHEL Energy Systems Facilities	SB/QTN/16287/2026-27	02-Sep-2026	Srivaari	Open	
68	Creamline Dairy Products Ltd	SB/QTN/16285/2026-27-F	02-Sep-2026	Srivaari	Open	
69	SYNTHOCHEM PVT LTD	STF/QN/2446-B--F/26-27	02-Sep-2026	Amit B	Open	
70	AP EXPLOSIVES	SB/QTN/16286 F/2026-27-F	02-Sep-2026	Srivaari	Open	
71	SRI VENKATESWARA CATERING EQUIPMENTS	SB/QTN/16278/2026-27-R1	01-Sep-2026	Srivaari	Open	
72	LAKSHMI ORGANICS PVT LTD	SB/QTN/16280 F/2026-27-F	01-Sep-2026	Srivaari	Open	
73	ANNUNAKI PRODUCTS	SB/QTN/16279-F-CP/26-27	01-Sep-2026	Amit B	Open	
74	Neotech Boilers Pvt Ltd	STF/QTN/2443 F/2026-27 NRP	01-Sep-2026	Srivaari	Open	
75	Neotech Boilers Pvt Ltd	STF/QTN/2442 F/2026-27-NRP	01-Sep-2026	Srivaari	Open	
76	Prochem industries	SB/QTN/16282 AF/2026-27	01-Sep-2026	Srivaari	Open	
77	Prochem industries	SB/QTN/16282 BF/2026-27	01-Sep-2026	Srivaari	Open	
78	BALAJI INDUSTRIES	STF/QTN/2421-R1-F /2026-27-R1	31-Aug-2026	Srivaari	Open	
79	SAMARTH BIO TECH LIMITED	SB/QTN/16256-C-R2-NRP-F/26-27	31-Aug-2026	Amit B	Open	
80	SAMARTH BIO TECH LIMITED	SB/QTN/16256 B-R3-NRP-F/2026-27	31-Aug-2026	Srivaari	Open	
81	I TECH EQUIPMENTS	SB/QTN/16277/2026-27	29-Aug-2026	Srivaari	Open	
82	ChemRaw Tech (OPC) Pvt. Ltd.	SB/QTN/16276-R1-NRP/2026-27-F-NRP	29-Aug-2026	Srivaari	Open	
83	RUDRAASH ECO TECH	STF/QTN/2440-NRP/26-27	28-Aug-2026	Amit B	Open	
84	SREE VENKATA PADMA RICE MILL	STF/QTN/2439/2026-27	27-Aug-2026	Srivaari	Open	
85	J P OIL MILL	SB/QTN/16192-B-NRP-F /2026-27	27-Aug-2026	Srivaari	Open	
86	Tamkeen Enterprises	STF/QTN/2436/2026-27	25-Aug-2026	Srivaari	Open	
87	AKOLA SWEETS	STF/QTN/2435/2026-27	25-Aug-2026	Srivaari	Open	
88	RECOVE VENTURES PVT LTD	STF/QTN/2437-F/26-27	25-Aug-2026	Amit B	Open	
89	Akash Plywood Industries	SB/QTN/16275/2026-27	25-Aug-2026	Srivaari	Open	
90	SS Engineers India	STF/QTN/2434/2026-27	25-Aug-2026	Srivaari	Open	
91	Akash Plywood Industries	SB/QTN/16275/2026-27	25-Aug-2026	Srivaari	Open	
92	YUWAN FOODS PRODUCTS	SB/QTN/16272-B-R1-F/26-27	25-Aug-2026	Amit B	Open	
93	Mahaveer Krushi Udyog	STF/QTN/2431 B/2026-27	22-Aug-2026	Srivaari	Open	
94	YUWAN FOODS PRODUCTS	SB/QTN/16272-A-F/26-27	22-Aug-2026	Amit B	Open	
95	SRI RAJARAJESHWARA INDUSTRIES	STF/QTN/2433-F/25-26	22-Aug-2026	Amit B	Open	
96	DEVISREE RICE INDUSTRIES LLP	STF/QTN/2432/2026-27	22-Aug-2026	Srivaari	Open	
97	DEVISREE RICE INDUSTRIES LLP	STF/QTN/2432/2026-27	22-Aug-2026	Srivaari	Open	
98	Regen Polymers	SB/QTN/16271/2026-27	21-Aug-2026	Srivaari	Open	
99	J P OIL MILL	SB/QTN/16192 C/2026-27	21-Aug-2026	Srivaari	Open	
100	Mahaveer Krushi Udyog	STF/QTN/2430/2026-27	21-Aug-2026	Srivaari	Open	
101	Spanex Fibertech Private Limited	SB/QTN/16268/2026-27	21-Aug-2026	Srivaari	Open	
102	NNB AGRO FEEDS PRIVATE LIMITED	STF/QTN/2429/2026-27	21-Aug-2026	Srivaari	Open	
103	I TECH EQUIPMENTS	SB/QTN/16270/2026-27	21-Aug-2026	Srivaari	Open	
104	SNR PHARMA	STF/QTN/2431/2026-27	21-Aug-2026	Srivaari	Open	
105	Sri Siva Shakthi Industries LLP	STF/QTN/2428 BK/2026	20-Aug-2026	Srivaari	Open	
106	VYANKTESH PACKAGING (Hyderabad) P LTD	SB/QTN/16252-R1-F/2026-27	20-Aug-2026	Srivaari	Open	
107	Ovobel Foods Limited	SB/QTN/16268/2026-27	19-Aug-2026	Srivaari	Open	
108	GLS PHARMA LTD	SB/QTN/16266/2026-27	18-Aug-2026	Srivaari	Open	
109	HILCON AAC BLOCK	SB/QTN/2427 F/2026-27	18-Aug-2026	Srivaari	Open	
110	CARLSBERG INDIA	SB/16265/2026-27	17-Aug-2026	Devansh Trivedi	Open	
111	SRI TEJA INDUSTRIES	STF/QTN/2426 F/2026-27 F	17-Aug-2026	Srivaari	Open	
112	BIO PLUS	SB/QTN/16264/2026-27	14-Aug-2026	Srivaari	Open	
113	Sristi Biosciences Pvt. Ltd	SB/QTN/16261/2026-27	14-Aug-2026	Srivaari	Open	
114	STALWART LABORATORIES	SB/QTN/16263/2026-27	13-Aug-2026	Srivaari	Open	
115	Amar-Deep Pharmas LLP	SB/QTN/16262/2026-27	12-Aug-2026	Srivaari	Open	
116	Sree Rayalseema Natural Proteins Private Ltd	SB/16260/2026-27	12-Aug-2026	Devansh Trivedi	Open	
117	BAUD DISTILLORIES	SB/QTN/16127-R2-F/26-27	12-Aug-2026	Amit B	Open	
118	Malkha Marketing Trust	SB/QTN/16245 F/2026-27-R1	12-Aug-2026	Srivaari	Open	
119	MITRA AND SONS PRIVATE LIMITED	SB/QTN/16257/2026-27	11-Aug-2026	Srivaari	Open	
120	ADEEP LABORATORIES P LTD	SB/QTN/16255/2026-27	11-Aug-2026	Srivaari	Open	
121	SAMARTH BIO TECH LIMITED	SB/QTN/16256 B/2026-27	11-Aug-2026	Srivaari	Open	
122	ADITYA CHEMICALS	SB/QTN/16528/2026-27	11-Aug-2026	Srivaari	Open	
123	RK Silk Traders	SB/QTN/16259 F/2026-27-F	11-Aug-2026	Srivaari	Open	
124	VISION PHARMACOAT	STF/QTN/2425/2026-27	10-Aug-2026	Srivaari	Open	
125	VISION PHARMACOAT	SB/QTN/16254/2026-27-R1	10-Aug-2026	Srivaari	Open	
126	MSK FLAVOURS	SB/16253R1/26-27	10-Aug-2026	Devansh Trivedi	Open	
127	GRINHI BEVERAGES	SB/QTN/16229-R3-F/26-26	10-Aug-2026	Amit B	Open	
128	KAMSON GROUP OFCOMPANIES	SB/QTN/16235/2026-27-R2 F	07-Aug-2026	Srivaari	Open	
129	Iyantra Industries	STF/QTN/2423/2026-27	07-Aug-2026	Srivaari	Open	
130	SAI SRINIVASA INDUSTRIES	SB/QTN/16244 R2/2026-27-NRP	07-Aug-2026	Srivaari	Open	
131	DARJEELING PLASTO MECH PRIVATE LIMITED	STF/QTN/2419/2026-27	06-Aug-2026	Srivaari	Open	
132	Veda Engineering	SB/QTN/16248/2026-27	06-Aug-2026	Srivaari	Open	
133	CHINIKESHEVA BRICKS	STF/QTN/2420/2026-27	06-Aug-2026	Srivaari	Open	
134	CARLSBERG INDIA	SB/16250R2/26-27	06-Aug-2026	Devansh Trivedi	Open	
135	SAMARTH BIO TECH LIMITED	SB/QTN/16249/2026-27	06-Aug-2026	Srivaari	Open	
136	MSS Enterprise	SB/QTN/16247/2026-27	05-Aug-2026	Srivaari	Open	
137	Orion chemicals	STF/QTN/2402 B/2026-27	05-Aug-2026	Srivaari	Open	
138	Maven Laboratories	STF/QTN/2418/2026-27	05-Aug-2026	Srivaari	Open	
139	Hyderabad MSW Energy Solutions Pvt. Ltd	SB/QTN/16241/2026-27-F	04-Aug-2026	Srivaari	Open	
140	NORMADA SECONDARY PASTING INDUSTRY	STF/QTN/2342 BK /2025-26	03-Aug-2026	Srivaari	Open	
141	NITHYA AGENCIES	SB/QTN/16243/2026-27	03-Aug-2026	Srivaari	Open	
142	SUROJIT ENTERPRISES	SB/QTN/16242/2026-27	03-Aug-2026	Srivaari	Open	
143	HKM CHARITABLE FOUNDATION	SB/QTN/16208-F/25-26	31-Jul-2026	Amit B	Open	
144	FLEMING LABORATORIES LIMITED	SB/QTN/16240/R2/2026	31-Jul-2026	Devansh Trivedi	Open	
145	RE SUSTAINABILITY LIMITED	SB/QTN/16237/2026-27-F	31-Jul-2026	Srivaari	Open	
146	HKM CHARITABLE FOUNDATION -	SB/QTN/16207-R1-NRP-2LOT /26-27	31-Jul-2026	Amit B	Open	
147	LKT ENGINEERING SERVICES	SB/QTN/16239/2026-27	31-Jul-2026	Srivaari	Open	
148	S Varshan Constructions	STF/QTN/2382-E-NRP-F/26-27	31-Jul-2026	Amit B	Open	
149	SRI THIRUMALA AGRO	STF/QTN/2415/2026-27	30-Jul-2026	Srivaari	Open	
150	TARA MAA NATURAL GRAINS PVT. LTD.	STF/QTN/2412/2026-27	30-Jul-2026	Srivaari	Open	
151	SRI THIRUMALA AGRO	STF/QTN/2414/2026-27	30-Jul-2026	Srivaari	Open	
152	Vamika Traders	SB/QTN/16236/2026-27	30-Jul-2026	Srivaari	Open	
153	NALNEEL OVERSEAS	STF/QTN/2413/2026-27	30-Jul-2026	Srivaari	Open	
154	DHANADA GREEN VENTURES	QTF/QTN/2401-R1-F/26-27	26-Jul-2026	Amit B	Open	
155	FABRIQUE LAUNDROMAT SERVICES P LTD	SB/QTN/16234/2026-27	25-Jul-2026	Srivaari	Open	
156	SRI SAI BHASKAR RICE TRADERS	STF/QTN/2411/2026-27-F	24-Jul-2026	Srivaari	Open	
157	Sree Padmavathi Agro Foods	STF/QTN/2410 B/2026-27-F	24-Jul-2026	Srivaari	Open	
158	Sree Padmavathi Agro Foods	STF/QTN/2410/2026-27-F	24-Jul-2026	Srivaari	Open	
159	SRI SAI BHASKAR RICE TRADERS	STF/QTN/2411 B/2026-27-F	24-Jul-2026	Srivaari	Open	
160	Rajesh Kumar Enterprises	STF/QTN/2409/2026-27-F	23-Jul-2026	Srivaari	Open	
161	BIO PLUS	SB/QTN/16233/2026-27	23-Jul-2026	Srivaari	Open	
162	Sripati Labs	SB/QTN/16186 B-R3/2026-27-	22-Jul-2026	Srivaari	Open	
163	GARUDA INDUSTRY	SB/QTN/16230/2026-27	22-Jul-2026	Srivaari	Open	
164	GARUDA INDUSTRY	SB/QTN/16230/2026-27	22-Jul-2026	Srivaari	Open	
165	GRINHI BEVERAGES	SB/QTN/16229 B/2026-27	22-Jul-2026	Srivaari	Open	
166	GRINHI BEVERAGES	SB/QTN/16229/2026-27	22-Jul-2026	Srivaari	Open	
167	Jindal Naturecare Limited	SB/QTN/16232-F/26-27	22-Jul-2026	Amit B	Open	
168	VEERCHEMIE AND AROMATICS P LTD	SB/16231/2026-2027	22-Jul-2026	Devansh Trivedi	Open	
169	RE SUSTAINABILITY LIMITED	SB/16227/2^-27	21-Jul-2026	Devansh Trivedi	Open	
170	MANIKANTA CONSTRUCTIONS & INFRA	STF/QTN/2406 B/2026-27	21-Jul-2026	Srivaari	Open	
171	NAYA PVT LTD	STF/QTN/2407/2026-27	21-Jul-2026	Srivaari	Open	
172	Sarvani Laboratory	STF/QTN/2405 B/2026-27	20-Jul-2026	Srivaari	Open	
173	SARVANI LABS P LTD	STF/QTN/2405/2026-27	20-Jul-2026	Srivaari	Open	
174	H S ENGINEERING	STF/QTN/16226/2026-27	20-Jul-2026	Srivaari	Open	
175	DAYA ENGINEERING WORKS P LTD	SB/QTN/16225/2026-27	17-Jul-2026	Srivaari	Open	
176	Raghava Life Sciences Pvt Ltd	STF/QTN/2403/2026-27	14-Jul-2026	Srivaari	Open	
177	Neotech Boilers Pvt Ltd	SB/QTN/16223/2026-27	14-Jul-2026	Srivaari	Open	
178	Neotech Boilers Pvt Ltd	STF/QTN/2404/2026-27	14-Jul-2026	Srivaari	Open	
179	ORION CHEMICAL	STF/QTN/2302 A/2026-27	13-Jul-2026	Srivaari	Open	
180	FLEMING LABORATORIES LIMITED	SB/QTN/16215/2026-27-R1-F	13-Jul-2026	Srivaari	Open	
181	DHANADA GREEN VENTURES	STF/QTN/2401 B/2026-27	11-Jul-2026	Srivaari	Open	
182	Unicorn Nutrition Pvt Ltd	SB/QTN/16172/2026-27-R2-F	11-Jul-2026	Srivaari	Open	
183	MATRI WATER PRODUCTS(P) LTD	SB/QTN/15918-C-R3-F/2026-27	10-Jul-2026	Srivaari	Open	
184	DHANADA GREEN VENTURES	STF/QUO/2401-F/26-27	10-Jul-2026	Amit B	Open	
185	SRI PADMAVATHI MILK & MILK PRODUCTS	SB/QTN/16189/2026-27-R3-F-BK	08-Jul-2026	Srivaari	Open	
186	Nosch Labs Private Limited	SB/QTN/16213/2026-27-F	07-Jul-2026	Srivaari	Open	
187	Samasti Foods	SB/QTN/16216/2025-26-F	07-Jul-2026	Srivaari	Open	
188	M/s DHANALAXMI RICE INDUSTRIES	SB/QTN/16214/2026-27-F	07-Jul-2026	Srivaari	Open	
189	ELANADU MILK PVT LTD	STF/QTN/2399/2026-27	02-Jul-2026	Srivaari	Open	
190	GUJARAT FOODS	-STF/QTN/2396-R2-NRP-ACT/26-27	01-Jul-2026	Srivaari	Open	
191	AMSPRO BIOTECH PRIVATE LIMITED	SB/QTN/16209/2026-27	01-Jul-2026	Srivaari	Open	
192	AURIO PHARMA LABORATORIES	SB/QTN/16210/2026-27	01-Jul-2026	Srivaari	Open	
193	AMSPRO BIOTECH PRIVATE LIMITED	SB/QTN/16209 A/2026-27	01-Jul-2026	Srivaari	Open	
194	HKM CHARITABLE FOUNDATION	SB/QTN/16207-NRP//26-27	30-Jun-2026	Amit B	Open	
195	REPUTE ENGINEERS P LTD	SB/QTN/16208-R1-F-OEM /2026-27-CP	30-Jun-2026	Srivaari	Open	
196	MILKON DAIRY AND FOOD PRODUCTS PVT LTD	SB/QTN/16221/2026-27	27-Jun-2026	Srivaari	Open	
197	SPAR INDUSTRIES	SB/QTN/16204/2026-27	27-Jun-2026	Srivaari	Open	
198	PERFECT ENGINEERS	SB/QTN/16203-F/26-27	27-Jun-2026	Amit B	Open	
199	J K PALANISAMY	SB/QTN/16205/2026-27	27-Jun-2026	Srivaari	Open	
200	SSB BRICKS	SB/QTN/16201/2026-27-F	26-Jun-2026	Srivaari	Open	
201	SAKET CHAVA	SB/QTN/16202 B/2026-27	26-Jun-2026	Srivaari	Open	
202	SAKET CHAVA	SB/QTN/16202 B/2026-27	26-Jun-2026	Srivaari	Open	
203	SAKET CHAVA	SB/QTN/16202/2026-27	26-Jun-2026	Srivaari	Open	
204	RAGHAV TYRES PVT LTD	SB/QT/16187-R3-NRP/26-27	24-Jun-2026	Amit B	Open	
205	Telangana Foods	SB/QTN/16200/2026-27	24-Jun-2026	Srivaari	Open	
206	PRODAPTPIONEER ENGINEERS LLP	SBB//16198/26-27	23-Jun-2026	Devansh Trivedi	Open	
207	BORN LIFE SCIENCES PRIVATE LIMITED	STF/QTN/2391/2026-27	20-Jun-2026	Srivaari	Open	
208	NAYA PVT LTD	STF/QTN/2395/2026-27	19-Jun-2026	Srivaari	Open	
209	GLAND BOTANICA	SB/QTN/16193/2026-27-F	19-Jun-2026	Srivaari	Open	
210	Suraj Labs	SB/QTN/16188/2026-27-R1F	19-Jun-2026	Srivaari	Open	
211	DHANSHREE PACKAGING	SB/QTN/16191/26-27	18-Jun-2026	Sales Desk	Open	
212	TARUN GARG	SB/QTN/16101 C/2026-27	18-Jun-2026	Srivaari	Open	
213	pran beverages india pvt ltd	STF/QTN/2393/2026-27	18-Jun-2026	Srivaari	Open	
214	Menorah Industries	SB/QTN/2392/2026-27	18-Jun-2026	Srivaari	Open	
215	ARB ENGINEERING & FABRICATORS	SB/QTN/16190/2026-27	17-Jun-2026	Srivaari	Open	
216	Shree Awadh Agro Foods Pvt. Ltd.	STF/QTN/2390/2026-27	16-Jun-2026	Srivaari	Open	
217	Nisarg Biosciences Pvt Ltd	STF/QTN/2389/2026-27	16-Jun-2026	Srivaari	Open	
218	Siddiqui Mohammad Azeemuddin	STF/QTN/2388 B/2025-26	15-Jun-2026	Srivaari	Open	
219	MYNAMPATI POLYMERS & CARBONS P LTD	STF/QTN/2387 A/2026-27	15-Jun-2026	Srivaari	Open	
220	AUBURN DESIGN PVT LTD	SB/QTN/16152-R2-F/2026-27	15-Jun-2026	Srivaari	Open	
221	Siddiqui Mohammad Azeemuddin	STF/QTN/2388A/2025-26	15-Jun-2026	Srivaari	Open	
222	MYNAMPATI POLYMERS & CARBONS P LTD	STF/QTN/2387 B/2026-27	15-Jun-2026	Srivaari	Open	
223	Sri Nitya Feeds	SB/QTN/16185/2026-27	13-Jun-2026	Srivaari	Open	
224	N K PROTEINS	SB/QTN/16184/2026-27	13-Jun-2026	Srivaari	Open	
225	Vindhyanchal Rice Mill Private Limited	STF/QTN/2386/2026-27-F	13-Jun-2026	Srivaari	Open	
226	Crystal Pharmaa Chem	SB/QTN/16183/2026-27-F	12-Jun-2026	Srivaari	Open	
227	Aindra Tech Private Limited	SB/QTN/16179/2026-27	12-Jun-2026	Srivaari	Open	
228	SEDNA HORECA PVT LTD	SB/QTN/16181-CP/26-27	11-Jun-2026	Amit B	Open	
229	ORISSA CONCRETE & ALLIED INDUSTRIES LTF	STF/QTN/2385/2026-27	11-Jun-2026	Srivaari	Open	
230	HUZAIF Khan	SB/QTN/16180/2026-27	10-Jun-2026	Srivaari	Open	
231	HUZAIF Khan	STF/QTN/2384/2026-27	10-Jun-2026	Srivaari	Open	
232	HUZAIF Khan		10-Jun-2026	Srivaari	Open	
233	MAHAKALI FOOD INDUSTRIES	SB/QTN/16178 B/2026	09-Jun-2026	Srivaari	Open	
234	COTEC PHARMA	SB/16177R1/2026	09-Jun-2026	Devansh Trivedi	Open	
235	MARUTI POP INDUSTRIES	STF/QTN/2383/2026-27	08-Jun-2026	Srivaari	Open	
236	MARUTI POP INDUSTRIES	STF/QTN/2383/2026-27	08-Jun-2026	Srivaari	Open	
237	UniNova Enterprises	SB/QTN/16176/2026-27	08-Jun-2026	Srivaari	Open	
238	S Varshan Constructions	STF/QTN/2382-A-F/26-27	07-Jun-2026	Amit B	Open	
239	Gorakh kumar Maddeshiya	SB/QTN/16173-F/2026-27	07-Jun-2026	Srivaari	Open	
240	RELSUS INDIA PVT LTD	STF/QTN/2372-B-F/26-27	06-Jun-2026	Amit B	Open	
241	PRABHAT SINGH	STF/QTN/2380/2026-27	05-Jun-2026	Srivaari	Open	
242	RAYALSEEMA CONCRETE SLEEPERS PVT LTD	SB/QTN/16102/2026-27-R1	05-Jun-2026	Srivaari	Open	
243	LAGOS BIOLIFE	SB/QTN/16175/2026-27	05-Jun-2026	Srivaari	Open	
244	NU-WAY HEATRANSFER PVT LTD	SB/QTN/16174/2026-27	05-Jun-2026	Srivaari	Open	
245	Brahma Enterprise	SB/QTN/16134-R1-F /2026-27	04-Jun-2026	Srivaari	Open	
246	Food Lovers Private Limited	STF/QTN/2379/2026-27	04-Jun-2026	Srivaari	Open	
247	Unicorn Nutrition Pvt Ltd	SB/QTN/16172 B/2026-27	03-Jun-2026	Srivaari	Open	
248	Granary Agro LLP	SB/QTN/16170/2026-27	02-Jun-2026	Srivaari	Open	
249	Ferrox Chemicals	SB/QTN/16171/2026-27	02-Jun-2026	Srivaari	Open	
250	Nellore District Milk Producers Mutually Aided Co-op Union Ltd	SB/QTN/16168/2026-27	29-May-2026	Srivaari	Open	
251	GOVIND INDUSTRIES	SB/16166/2026-27	29-May-2026	Devansh Trivedi	Open	
252	Nitroalkanes Specialist Pvt Ltd	SB/QTN/15995 A-R1-F/2025-26	28-May-2026	Srivaari	Open	
253	Botanic Healthcare p ltd	SB/QTN/16164/2026-27	28-May-2026	Srivaari	Open	
254	MIDWEST LIMITED	SB/QTN/16148-R1-F/26-27	28-May-2026	Amit B	Open	
255	RAJESH NARRULE	STF/QTN/2378 A/2026-27	27-May-2026	Srivaari	Open	
256	RAJESH NARRULE	STF/QTN/2378 B/2026-24	27-May-2026	Srivaari	Open	
257	Island Veer Chemie Pvt.Ltd,	SB/QTN/16161/2026-27--R1	26-May-2026	Srivaari	Open	
258	TKIL Industries Pvt. Ltd.	SB/QTN/16162/2026-27-R1	26-May-2026	Srivaari	Open	
259	UniNova Enterprises	SB/QTN/16158/2026-27-R1	26-May-2026	Srivaari	Open	
260	Expert Dry	SB/QTN/16160/2026-27	25-May-2026	Srivaari	Open	
261	Connex Pharma P LTD	SB/QTN/1640/2026-27-R1	25-May-2026	Srivaari	Open	
262	Alkaloids PVT LTD	SB/QTN/16143/-R2-F/2026-27	25-May-2026	Srivaari	Open	
263	SHARANA FOODS	SB/QTN/16144-R2F/26-27	25-May-2026	Amit B	Open	
264	TRANSWORLD FURTICHEM LTD	SB/QTN/16159/2026-27-F	25-May-2026	Srivaari	Open	
265	NEOCELL BIOTECHNOLOGIES P LTD	SB/QTN/16142 B/2026-27	23-May-2026	Srivaari	Open	
266	Sankaraiah Rice Mill	SB/QTN/16157/2026-27-R1-F	23-May-2026	Srivaari	Open	
267	MALABAR VANEERS	SB/16155/26	23-May-2026	Devansh Trivedi	Open	
268	TAGORE LABORATORIES PVT LTD	STF/QTN/2375-F/26-27	23-May-2026	Amit B	Open	
269	N K PROTEINS	SB/QTN/16153/2026-27-R2F	22-May-2026	Srivaari	Open	
270	RELSUS INDIA PVT LTD	STF/QTN/2372-CP-F/26-27	21-May-2026	Amit B	Open	
271	INDORE SWEETS	STF/QTN/2363-R1-F/26-27	21-May-2026	Amit B	Open	
272	V R Process Engineering Consultants Pvt. Ltd.	SB/QTN/16154/2026-27	21-May-2026	Srivaari	Open	
273	AMEENJI RUBBER LTD	SB/QTN/16151/2026-27-F	20-May-2026	Srivaari	Open	
274	CARLTON PHARMACEUTICALS & CHEMICALS P LTD	SB/QTN/16149/2026-27	19-May-2026	Srivaari	Open	
275	SRI MAHADEV INDUSTRY	SB/QTN/16150/2026-27-R1-NRP	19-May-2026	Srivaari	Open	
276	MIDWEST LIMITED	SB/QTN/2329-D-R3-F/26-27	18-May-2026	Amit B	Open	
277	Creamline Dairy Products Ltd	SB/QTN/16116 B/2026-27-R1	16-May-2026	Srivaari	Open	
278	KAMROOP TIMBER	SB/QTN/16131-B-CP-F/26-27	14-May-2026	Amit B	Open	
279	PRADEEP SAHA	STF/QTN/2372-F/26-27	14-May-2026	Amit B	Open	
280	TARUN GARG	SB/QTN/16101 B/2026-27-R1	13-May-2026	Srivaari	Open	
281	ChemSepT Engineering Pvt Ltd	SB/QTN/16141/2026-27	12-May-2026	Srivaari	Open	
282	Datta Krupa Stone Crusher	STF/QTN/2371/2026-27	12-May-2026	Srivaari	Open	
283	K.R. Textile Mills	STF/QTN/2370 B/2026-27	12-May-2026	Srivaari	Open	
284	K.R. Textile Mills	STF/QTN/2370/2026-27	12-May-2026	Srivaari	Open	
285	SOMESH ENTERPRISES	SB/QTN/16131/2026-27	11-May-2026	Srivaari	Open	
286	Assam Live stock And Poultry Corporation Ltd(ALPCO LTD.)	STF/QTN/2369/2026-27	11-May-2026	Srivaari	Open	
287	Vindhyanchal Rice Mill Private Limited	SB/QTN/16138/2026-27	11-May-2026	Srivaari	Open	
288	BIO PLUS	SB/QTN/16139/2026-27-R1	11-May-2026	Srivaari	Open	
289	Dwarka Sea Foods	SB/QTN/16135/2026-27	08-May-2026	Srivaari	Open	
290	I TECH EQUIPMENTS	SB/QTN/16135/2026-27	08-May-2026	Srivaari	Open	
291	Elite Infra Products	SB/QTN/14522-R5-NRP/25-26	07-May-2026	Srivaari	Open	
292	agya Holdings pvt ltd	SB/QTN/16133/2026-27	07-May-2026	Srivaari	Open	
293	AUBURN DESIGN PVT LTD	SB/QTN/16132/2026-27	06-May-2026	Srivaari	Open	
294	RAMSON ENGINEERING ENTERPRISES	STF/QTN/2367-A-F/26-27	06-May-2026	Amit B	Open	
295	ORISSA CONCRETE & ALLIED INDUSTRIES LTF	STF/QTN/2366/2026-27	05-May-2026	Srivaari	Open	
296	Dinesh Pharma Labs Pvt Ltd	SB/QTN/16124/2026-27	04-May-2026	Srivaari	Open	
297	SINGHANIA RECYCLING P LTD	SB/QTN/16125/2026-27	04-May-2026	Srivaari	Open	
298	INDORE SWEETS	STF/QTN/2363/25-26	04-May-2026	Amit B	Open	
299	LAL SWEETS	SB/QTN/16123 B/2026-27-F	04-May-2026	Srivaari	Open	
300	MOHAN FEEDS & CHEMICALS P LTD	STF/QTN/2361-B-R1-F/2026-27	28-Apr-2026	Srivaari	Open	
301	Shreyansh Enterprise	SB/QTN/16119/2026-27	27-Apr-2026	Srivaari	Open	
302	VIJETHA POLYMERS	SB/QTN/16117/2026-27-F-R2	25-Apr-2026	Srivaari	Open	
303	Gloster Cables Limited	SB/QTN/16114/2026-27	24-Apr-2026	Srivaari	Open	
304	Creamline Dairy Products Ltd	SB/QTN/16116 A/2026-27-R1	24-Apr-2026	Srivaari	Open	
305	DAYAL MILK PRODUCT	SB/QTN/16115/2026-27	24-Apr-2026	Srivaari	Open	
306	DHEERAJ	SB/QTN/16109/2026-27	22-Apr-2026	Srivaari	Open	
307	Elite Infra Products	SB/QTN/14522-R3-F/25-26	22-Apr-2026	Srivaari	Open	
308	PRINCE ABHISHEK	SB/QTN/16108/2026-27	22-Apr-2026	Srivaari	Open	
309	Prateek	SB/QTN/16111/2026-27	22-Apr-2026	Srivaari	Open	
310	BALAJI BOARDS	SB/16110/26-27	22-Apr-2026	Devansh Trivedi	Open	
311	Premier Explosive Ltd		21-Apr-2026	Amit B	Open	
312	SRI LAKSHMI CHEMICALS	SB/16107/26-27	20-Apr-2026	Devansh Trivedi	Open	
313	MIDWEST LIMITED	STF/QTN/2329-C-R2/25-26	20-Apr-2026	Amit B	Open	
314	Emcor Packaging Private Limited	SB/QTN/16104/2026-27	18-Apr-2026	Srivaari	Open	
315	HOTEL AMBASSAD0R	SB/QTN/16085-B-NRP/2026-27	18-Apr-2026	Srivaari	Open	
316	MAYA SAW MILL AND INDUSTRIES	SB/QTN/2359-R2-F/2026-27	17-Apr-2026	Srivaari	Open	
317	Coromandel Concrete Products Pvt Ltd.	STF/QTN/2303-R3-F/25-26	17-Apr-2026	Amit B	Open	
318	AAC NAVED BHAI	STF/QTN/2360/26-27	17-Apr-2026	Srivaari	Open	
319	Trimukta Ventures Pvt Ltd	STF/QTN/2358 B/2026-27	16-Apr-2026	Srivaari	Open	
320	SR INFRA MART	STF/QTN/2306-B-R1-NRP/26-27	16-Apr-2026	Srivaari	Open	
321	Sri Sai Ram Packaging	STF/QTN/2357-R2-F-NRP/26-27	16-Apr-2026	BDM Hyderabd	Open	
322	KAR BAKERY EQUIPMENTS INDIA PVT LTD	STF/QTN/2356-A-F/26-27	15-Apr-2026	Amit B	Open	
323	UniNova Enterprises	SB/QTN/16103/2026-27	15-Apr-2026	Srivaari	Open	
324	KAR BAKERY EQUIPMENTS INDIA PVT LTD	STF/QTN/2356-B	15-Apr-2026	Amit B	Open	
325	TARUN GARG	SB/QTN/16101/2026-27	14-Apr-2026	Srivaari	Open	
326	I TECH EQUIPMENTS	SB/QTN/16099/2026-27	13-Apr-2026	Srivaari	Open	
327	ESHWAR SWEETS	STF/QTN/2354/2026-27	13-Apr-2026	Srivaari	Open	
328	SS Engineers India	SB/QTN/2347-R1-F /2025-26	11-Apr-2026	Srivaari	Open	
329	Neotech Boilers Pvt Ltd	STF/QTN/2353/2026-27	10-Apr-2026	Srivaari	Open	
330	FB AGRIVET	SB/QTN/16097/2026-27	10-Apr-2026	Srivaari	Open	
331	LIFE LINE SPRINGS	SB/QTN/16096/2026-27	09-Apr-2026	Srivaari	Open	
332	The Rajlakshmi cotton mills pvt ltd	SB/QTN/16065 C/2026-27	09-Apr-2026	Srivaari	Open	
333	VB Medicare	STF/QTN/2258-R8-NRP-F/25-26	08-Apr-2026	Amit B	Open	
334	Vijaya Dairy - TSDDCF LTD	SB/QTN/16093/2026-27	08-Apr-2026	Srivaari	Open	
335	Vijaya Dairy - TSDDCF LTD	SB/QTN/16093/2026-27	08-Apr-2026	Srivaari	Open	
336	SATYA TILES	STF/QTN/2352 B/2026-27	08-Apr-2026	Srivaari	Open	
337	SATYA TILES	STF/QTN/2352 A/2026-27	08-Apr-2026	Srivaari	Open	
338	EXPORT PROMOTION COUNCIL FOR HANDICRAFTS	SB/QTN/16092 B/2026-27	08-Apr-2026	Srivaari	Open	
339	EXPORT PROMOTION COUNCIL FOR HANDICRAFTS	SB/QTN/16092 A/2025-26	08-Apr-2026	Srivaari	Open	
340	The Rajlakshmi cotton mills pvt ltd	SB/QTN/16092/2025-26	08-Apr-2026	Srivaari	Open	
341	The Rajlakshmi cotton mills pvt ltd	SB/QTN/16065-B/25-26	08-Apr-2026	Amit B	Open	
342	PRAVAAR CAST INDUSTRIES	SB/QTN/16091/25-26	07-Apr-2026	Srivaari	Open	
343	KASHI ANNAPURANA MILK	SB/QTN/16090/2025-26-F-R2	07-Apr-2026	Srivaari	Open	
344	ISKON TIRUPATI	SB/QTN/16089-B-R2-F/Kalahasti	06-Apr-2026	Amit B	Open	
345	SARVANI FOR LASTING MEMORIES	STF/QTN/2350/2026-27	06-Apr-2026	Srivaari	Open	
346	FERTIS INDIA PVT LTD	STF/QTN/2348/26-27	04-Apr-2026	Amit B	Open	
347	SS Engineers India	STF/QTN/2347/2025-26	03-Apr-2026	Srivaari	Open	
348	The Ravals Treatery	SB/QTN/16088/2025-26	02-Apr-2026	Srivaari	Open	
349	Amarnaathh Engineering	STF/QTN/2336-R1-F/2025-26	02-Apr-2026	Srivaari	Open	
350	Etico Chemicals P Ltd	SB/QTN/16086/2025-26	01-Apr-2026	Srivaari	Open	
351	MAHESHWARI OILS	SB/QTN/16087/2025-26	01-Apr-2026	Srivaari	Open	
352	St.Antonys Modern Rice Mill	SB/QTN/16084/2025-26	31-Mar-2026	Srivaari	Open	
353	SOMESHWAR ENTERPRISES	STF/QTN/2344-B-F/25-26	30-Mar-2026	Amit B	Open	
354	Seutic Pharma Pvt Ltd	SB/QTN/16080-F/25-26	27-Mar-2026	Amit B	Open	
355	AP MARKFED COOPERATIVE	SB/QTN/16081-F/25-26	27-Mar-2026	Amit B	Open	
356	NORMADA SECONDARY PASTING INDUSTRY	STF/QTN/2342 B/2025-26	27-Mar-2026	Srivaari	Open	
357	AAVISHKAR HYFAB INDUSTRIES LTD	STF/QTN/2341/2025-26	27-Mar-2026	Srivaari	Open	
358	UniNova Enterprises	SB/QTN/16078/2025-26	26-Mar-2026	Srivaari	Open	
359	M/s.SAI NIKHIL PHARMA	1082A-R4-NO-REGT-FINAL	25-Mar-2026	BDM Hyderabd	Open	
360	ORRISA CONCRETE AND ALLIED INDUSTRIES PVT LTD	STF/QTN/2337/2025-26	24-Mar-2026	Srivaari	Open	
361	AIR STONE INFRATECH PVT LTD	STF/QTN/2338/2025-26	24-Mar-2026	Srivaari	Open	
362	Tallampally Rubbers Pvt. Ltd.	SB/QTN/16076-F/25-26	24-Mar-2026	Amit B	Open	
363	NISARGA BIOTECH PVT LTD	STF/QTN/2334/2025-26	21-Mar-2026	Srivaari	Open	
364	Rajasthan Sweets	SB/QTN/16075/2025-26	20-Mar-2026	Srivaari	Open	
365	AP MARKFED	SB/QTN/16072/2025-26	20-Mar-2026	Srivaari	Open	
366	TWC Services	SB/QTN/16076-F/25-26	20-Mar-2026	Amit B	Open	
367	Biomatic	SB/QTN/16074/2025-26	19-Mar-2026	Amit B	Open	
368	AET LABORATORIES PVT. LTD.	SB/QTN/16064-R2-C-F/25-26	18-Mar-2026	Amit B	Open	
369	Avdhoot Patil	SB/QTN/16061/2025-26-F	18-Mar-2026	Srivaari	Open	
370	SK SWASTHIK	SB/QTN/16011 C-R1-F/2025-26-R1	17-Mar-2026	Srivaari	Open	
371	RATTAN INDUSTRIAL INDIA PVT LTD	SB/QTN/16069-F-ACT	17-Mar-2026	Amit B	Open	
372	HBL POWER SYSTEMS LTD	SB/QTN/16068/2025-26	16-Mar-2026	Srivaari	Open	
373	R S ENTERPRISES	SB/QTN/16066/2025-26	16-Mar-2026	Srivaari	Open	
374	KRISHNA AAC BUILDING	SB/QTN/16067/2025-26	16-Mar-2026	Srivaari	Open	
375	BURDHAN INDUSTRIES	STF/QTN/2331/2025-26-F	16-Mar-2026	Srivaari	Open	
376	Honour Lab Ltd	SB/QTN/16063/2025-26	13-Mar-2026	Srivaari	Open	
377	RPM EXIM PVT LTD	STF/QTN/2328-F/25-26	13-Mar-2026	Amit B	Open	
378	KAMALA CASHEW INDUSTRIES	SB/QTN/16062/2025-26	12-Mar-2026	Srivaari	Open	
379	Srikar Laboratories	SB/QTN/16037-R2-F/2025-26-	11-Mar-2026	Srivaari	Open	
380	KAVERI ENGINEERING	SB/QTN/16060/2025-26	10-Mar-2026	Srivaari	Open	
381	Alkaloids PVT LTD	SB/QTN/16047-R1/2025-26	10-Mar-2026	Srivaari	Open	
382	CENTRALIZED MICRO DISTILLERY	SB/QTN/16059-F/25-26	10-Mar-2026	Amit B	Open	
383	Alkaloids PVT LTD	SB/QTN/16061/2025-26	10-Mar-2026	Srivaari	Open	
384	Kreative Organics Private Limited	SV/QTN/1290/2025-26	09-Mar-2026	Srivaari	Open	
385	PROJECT PERFECT ENGINEERING WORKS	SB/QTN/16028-R1-F/25-26	09-Mar-2026	Amit B	Open	
386	Patil Group	SB/QTN/16056/2025-26	09-Mar-2026	Srivaari	Open	
387	Visakha Milk Products India Private Limited	SB/QTN/16054-F/25-26	08-Mar-2026	Amit B	Open	
388	GUJJULA VAMSHI KRISHNA REDDY	SB/QTN/16053/2025-26	07-Mar-2026	Srivaari	Open	
389	VISHAKA DAIRY	SB/QTN/16048/25-26	05-Mar-2026	Amit B	Open	
390	ATHENA PROCESS DESIGN & MANUFACTURING	SB/QTN/16049/2025-26	05-Mar-2026	Srivaari	Open	
391	VIRCHOW BIOTECH P LTD	STF/QTN/2315-R5-F/25-26	05-Mar-2026	Amit B	Open	
392	SRI MAHAVEER SPECIALITY PAPERS	STF/QTN/2259-E-R1-F/2025-26	03-Mar-2026	BDM Hyderabd	Open	
393	SREE INDUSTRIES	STF/QTN/2120-BK/25-26	28-Feb-2026	Amit B	Open	
394	GANESH BANE	STF/QTN/16046/2025-26	28-Feb-2026	Srivaari	Open	
395	Green Garden Agro Products	STF/QTN/2324 F/2025-26	27-Feb-2026	Srivaari	Open	
396	Suraj Labs	SB/QTN/16045/2025-26-F	27-Feb-2026	Srivaari	Open	
397	DAYA ENGINEERING WORKS P LTD	STF/QTN/2325/2025-26	27-Feb-2026	Srivaari	Open	
398	VIDYA HERBS PVT. LTD	STF-QTN/2323-F/25-26	26-Feb-2026	Amit B	Open	
399	Smart feed industries Pvt Ltd	SB/QTN/16044/2025-26	25-Feb-2026	Srivaari	Open	
400	Alkaloids PVT LTD	SB/QTN/16043/2025-26	25-Feb-2026	Srivaari	Open	
401	Simberg Aquaspring Private Limited	SB/QTN/16038/2025-26-R1-	24-Feb-2026	Srivaari	Open	
402	GAYATRI FLY ASH BRICKS & CLOCKS	STF/QTN/2321/2025-26	24-Feb-2026	Srivaari	Open	
403	WINGSSKYMARK PRIVATE LIMITED	STF/QTN/2319/2025-26	23-Feb-2026	Srivaari	Open	
404	Sri Sai Ram Seeds	SB/QTN/16042/2025-26-F	23-Feb-2026	Srivaari	Open	
405	Varapradda Construction & Developers	STF/QTN/2306 BF/2025-26	21-Feb-2026	Srivaari	Open	
406	Shodana Labs	STF/QTN/2286-R3-NRP/25-25	21-Feb-2026	Amit B	Open	
407	STARCHIK FOOD PRIVATE LTD	SB/QTN/15931 B-R1-F/2025-26	21-Feb-2026	Srivaari	Open	
408	Sagar	SB/QTN/16041/2025-26	21-Feb-2026	Srivaari	Open	
409	RENU TECHNO ENGINEERING	SB/QTN/160039/2025-26	19-Feb-2026	Srivaari	Open	
410	RIL	SB/QTN/16027-R2-F/2025-26	19-Feb-2026	Srivaari	Open	
411	SUNANDA KUMARI PANDA	STF/QTN/2318/2025-26	18-Feb-2026	Srivaari	Open	
412	Srikar Laboratories	SB/QTN/16037/2025-26	18-Feb-2026	Srivaari	Open	
413	CRESCENT FORMULATION	SB/QTN/15768-R10-F/2025-26	18-Feb-2026	BDM Hyderabd	Open	
414	SAHABADI INDUSTRIES	STF/QTN/2316/2025-26	16-Feb-2026	Srivaari	Open	
415	VIRCHOW BIOTECH P LTD	STF/QTN/16036-R1-F/2025-26	15-Feb-2026	Srivaari	Open	
416	MAHINDRA FOODS LTD	SB/QTN/16035/2025-26	14-Feb-2026	Srivaari	Open	
417	RE Sustainability Limited	SB/QTN/16030/25-26-R1	13-Feb-2026	Amit B	Open	
418	SHOBHA LIFE SCIENCES PVT LTD	SB/QTN/16031/2025-26	13-Feb-2026	Srivaari	Open	
419	SIGNOVA CROP SCIENCES PVT LTD	STF/QTN/2308-F-F/25-26	13-Feb-2026	Amit B	Open	
420	KRISHAN KUMAR KAGRA	SB/QTN/16032 F /2025-26	13-Feb-2026	Srivaari	Open	
421	PROJECT PERFECT ENGINEERING WORKS	SB/QTN/16028 F/2025-26	10-Feb-2026	Srivaari	Open	
422	AL RAYAN EXPORS	STF/QTN/2313 F/2025-26	09-Feb-2026	Srivaari	Open	
423	SANJEEB KUMAR MOHAPATRA	SB/QTN/16026/2025-26	09-Feb-2026	Srivaari	Open	
424	SMS PHARMACEUTICALS LTD	SB/QTN/16022-R1-F/2025-26	07-Feb-2026	Srivaari	Open	
425	SMS PHARMACEUTICALS LTD	SB/QTN/16023 F/2025-26	07-Feb-2026	Srivaari	Open	
426	ADITYA PATEL	SB/QTN/16024 F/2025-26	07-Feb-2026	Srivaari	Open	
427	ANITA DAIRY	STF/QTN/2271-R1-F/25-26	07-Feb-2026	Amit B	Open	
428	ChemSepT Engineering Pvt Ltd	SB/QTN/16025/2025-26-F	07-Feb-2026	Srivaari	Open	
429	Anjaneya Bricks and cement	STF/QTN/2310/2025-26	06-Feb-2026	Srivaari	Open	
430	VEPURI AGRO PRODUCTS	STF/QTN/2282 B-R1-NRP /2025-26-R1	06-Feb-2026	Srivaari	Open	
431	ANIL UPADHAYA	STF/QTN/2311 A/2025-26	06-Feb-2026	Srivaari	Open	
432	ANIL UPADHAYA	STF/QTN/2311 B/2025-26	06-Feb-2026	Srivaari	Open	
433	Anjaneya Bricks and cement	STF/QTB/2310/2025-26	06-Feb-2026	Srivaari	Open	
434	OMM SMART BLOCKS	STF/QTN/2309-R1-F/2025-26	06-Feb-2026	Srivaari	Open	
435	SNECOFRi	SB/QTN/16009/2025-26-R2	06-Feb-2026	Srivaari	Open	
436	SIGNOVA CROP SCIENCES PVT LTD	STF/QTN/2308 A/2025-26	05-Feb-2026	Srivaari	Open	
437	SIGNOVA CROP SCIENCES PVT LTD	STF/QTN/2307-B-F/25-26	05-Feb-2026	Amit B	Open	
438	SIGNOVA CROP SCIENCES PVT LTD	STF/QTN/2308 BF/2025-26	05-Feb-2026	Srivaari	Open	
439	SIGNOVA CROP SCIENCES PVT LTD	STF/QTN/2307-D-F /25-26	05-Feb-2026	Amit B	Open	
440	SRI DURGA WOOD TRADERS	SB/QTN/16005-R2-F/2025-26	04-Feb-2026	Srivaari	Open	
441	SRI DURGA WOOD TRADERS	SB/QTN/16005-R1-F/2025-26	04-Feb-2026	Srivaari	Open	
442	Sree Balaji feeds	SB/QTN/16017/2025-26	03-Feb-2026	Srivaari	Open	
443	Agrisol India Private Limited	SB/QTN/16021 F/2025-26	03-Feb-2026	Srivaari	Open	
444	Mayoori Furniture	SB/QTN/160019/2025-26	03-Feb-2026	Srivaari	Open	
445	HBL Power Systems Ltd	SB/QTN/16020/2025-26	03-Feb-2026	Srivaari	Open	
446	Chhavi Nutricos Industries LLP	SB/QTN/16018/2025-26	03-Feb-2026	Srivaari	Open	
447	Cubex tubings ltd ,Mr.Mohan Sharma	SB/QTN/16014 C-NRP/2025-26	02-Feb-2026	Srivaari	Open	
448	IMMEUREKA ANIMAL HEALTH PVT. LTD	SB/QTN/16016-F/25-26	02-Feb-2026	Amit B	Open	
449	RANSH PHARMA PRIVATE LIMITED	SB/QTN/16012-F/25-26	01-Feb-2026	Amit B	Open	
450	SK SWASTHIK	SB/QTN/16011/2025-26	31-Jan-2026	Srivaari	Open	
451	Suraj Labs	SB/QTN/16010/2025-26	31-Jan-2026	Srivaari	Open	
452	RE SUSTAINABILITY LIMITED	SB/QTN/16001R2/2026	30-Jan-2026	Devansh Trivedi	Open	
453	QUALITEK PHARMA	STF/QTN/2305-F/25-26	28-Jan-2026	Amit B	Open	
454	PRAVAAR CAST INDUSTRIES	SB/QTN/16007-F/25-26	28-Jan-2026	Amit B	Open	
455	Mformillet foods p ltd	SB/QTN/16006 A/2025-26	23-Jan-2026	Srivaari	Open	
456	Mformillet foods p ltd	SB/QTN/16005 A/2025-26	23-Jan-2026	Srivaari	Open	
457	Mformillet foods p ltd	SB/QTN/16006 B/2025-26	23-Jan-2026	Srivaari	Open	
458	MOHAN SETHUPALLY	SB/QTN/16005/2025-26	23-Jan-2026	Srivaari	Open	
459	Sri Laxmi Nivasa Ply and Boards	SB/QTN/16004/2025-26	22-Jan-2026	Srivaari	Open	
460	SWOSTI PUJAN MISTANNA BHANDAR	STF/QTN/2301-F/25-26	21-Jan-2026	Amit B	Open	
461	SRK ORGANICS PVT LTD	STF/QTN/2304-F/25-26	21-Jan-2026	Amit B	Open	
462	SUNITA MISHRA - AAC Plant	STF/QTN/2302-B-F/25-26	21-Jan-2026	Amit B	Open	
463	CHORUS LABS	SB/QRN/16002-F/25-26	20-Jan-2026	Amit B	Open	
464	PRATIK INDUSTRIES	S/QTN/15998-R1/2025-26	20-Jan-2026	Srivaari	Open	
465	Bio-Med Ingredients Pvt. Ltd.	STF/QTN/2299-F/25-26	19-Jan-2026	Amit B	Open	
466	JSW LAUNDRY SOLUTIONS	SB/QTN/15979-R2-F NRP/2025-26	19-Jan-2026	Srivaari	Open	
467	TAGOOR LABORATORIES PRIVATE LIMITED	SB/QTN/16000/-R12025-26	19-Jan-2026	Srivaari	Open	
468	JAI FOODS	SB/QTN/16001/2025-26	19-Jan-2026	Srivaari	Open	
469	ISLAND VEERCHEMIE P LTD	SB/15999/26	19-Jan-2026	Devansh Trivedi	Open	
470	Shri Swami Samarth Industries	SB/QTN/15997 BF/202526	19-Jan-2026	Srivaari	Open	
471	Shri Swami Samarth Industries	SB/QTN/15997 A/2025-26	19-Jan-2026	Srivaari	Open	
472	Vijaya Dairy - TSDDCF LTD	SB/QTN/15996/2025-26	19-Jan-2026	Srivaari	Open	
473	DUARS TIMBER CONCERNS	STF/QTN/2257-C-F/25-26	19-Jan-2026	Amit B	Open	
474	DUARS TIMBER CONCERNS	STF/QTN/2257-B-R1-F/2025-26	19-Jan-2026	Srivaari	Open	
475	Venkateshwara Coir Industry	SB/QTN/15994/2025-26	17-Jan-2026	Srivaari	Open	
476	Nitroalkanes Specialist Pvt Ltd	SB/QTN/15995 B-R1-F/2025-26	17-Jan-2026	Srivaari	Open	
477	Mformillet Foods Private Limited		16-Jan-2026	Devansh Trivedi	Open	
478	SRI SAPTHAGIRI INDUSTRIES	SB/QTN/15993/2025-26	16-Jan-2026	Srivaari	Open	
479	Sai Venkateshwara Corrugators	SB/QTN/15989-F/25-26	15-Jan-2026	Amit B	Open	
480	AKASH PLYWOOD	SB/QTN/15990-F/25-26	15-Jan-2026	Amit B	Open	
481	OK PLYWOOD	SB/QTN/15991-F/25-26	15-Jan-2026	Amit B	Open	
482	Akash Plywood		15-Jan-2026	Amit B	Open	
483	VK DAIRY	SB/QTN/15988/2025-26-F	13-Jan-2026	Srivaari	Open	
484	COTEC PHARMA	SB/QTN/15987/2025-26	12-Jan-2026	Srivaari	Open	
485	NEOTECH ENERGY SYSTEMS PVT LTD	SB/QTN/15986/2025-26-F	10-Jan-2026	Srivaari	Open	
486	UBIC LIFE SCIENCES	STF/QTN/1026-E-R3-NRP/ 25-26-NRP	10-Jan-2026	BDM Hyderabd	Open	
487	Regal Healthy Fine Foods Private Limited	STF/QTN/2288/2025-26-R1	09-Jan-2026	Srivaari	Open	
488	INGEX BOTANICALS LTD	SB/QTN/2297/2025-26	08-Jan-2026	Srivaari	Open	
489	SRI LAKSHMI VENKATESHWARA BEVERAGES	SB/QTN/15985-B-F/25-26	08-Jan-2026	Amit B	Open	
490	BAJAJ CHEMICAL INDUSTRIES	SB/QTN/15984 F/2025-26	07-Jan-2026	Srivaari	Open	
491	Torrent Pharma Ltd	SB/QTN/15975/2025-26-R1F	07-Jan-2026	Srivaari	Open	
492	Bhavuk Singh	SB/QTN/15983/2025-26	07-Jan-2026	Srivaari	Open	
493	Nosch Labs Private Limited	SB/QTN/15981/2025-26-F	07-Jan-2026	Srivaari	Open	
494	ROUT EDUCATION TRUST	SB/QTN/15963 B/2025-26-R1	06-Jan-2026	Srivaari	Open	
495	ROUT EDUCATION TRUST	SB/QTN/15963 A/2025-26-R1	06-Jan-2026	Srivaari	Open	
496	SIDS FARM	SB/QTN/15980/2025-26	06-Jan-2026	Srivaari	Open	
497	KAMMAC PROJECTS	QTN/STF/2295-R2-NRP-F-INDORE25-26	06-Jan-2026	Amit B	Open	
498	GREENTECH LABORATORIES P LTD	SB/QTN/15978/2025-26-F-R2	01-Jan-2026	Srivaari	Open	
499	PROJECT PERFECT ENGINEERING WORKS	STF/QTN/2290-B-F/25-26	01-Jan-2026	Srivaari	Open	
500	MMIT	SB/QTN/15977/2025-26	30-Dec-2025	Srivaari	Open	
501	ALMAS LIFE SCIENCES	SB/QTN/2294/2025-26-F	27-Dec-2025	Srivaari	Open	
502	Torrent Pharma Ltd	SB/QTN/15975/2025-26-F	26-Dec-2025	Srivaari	Open	
503	GANGAA CATTLE FEED	SB/QTN/15974/2025-26	25-Dec-2025	Srivaari	Open	
504	ABR ORGANICS	SB/QTN/15973/2025-26	24-Dec-2025	Srivaari	Open	
505	Ujjain sahkari dairy	SB/QTN/15970 A/2025-26-F	23-Dec-2025	Srivaari	Open	
506	Nosch Labs	SB/QTN/15972/2025-26-F	23-Dec-2025	Srivaari	Open	
507	Creamline Dairy Products Limited	SB/QTN/15971/202526-F	23-Dec-2025	Srivaari	Open	
508	Ujjain sahkari dairy	SB/QTN/15970 B/2025-26-F	23-Dec-2025	Srivaari	Open	
509	RENU TECHNO ENGINEERING	STF/QTN/2292/2025-26-F	22-Dec-2025	Srivaari	Open	
510	PROJECT PERFECT ENGINEERING WORKS	STF/QTN/2290-F/25-26	21-Dec-2025	Amit B	Open	
511	PROJECT PERFECT ENGINEERING WORKS	STF/QTN/2292-F/25-26	21-Dec-2025	Amit B	Open	
512	PROJECT PERFECT ENGINEERING WORKS	STF/QTN/2291-F/25-26	21-Dec-2025	Amit B	Open	
513	SS Engineers India	SB/QTN/15968/2025-26	19-Dec-2025	Srivaari	Open	
514	GK INDUSTRIES	SB/QTN/2291/2025-26-F	19-Dec-2025	Srivaari	Open	
515	Chandan Natural dairy	SB/QTN/15969/2025-26	19-Dec-2025	Srivaari	Open	
516	TOFFLON (INDIA) PRIVATE LIMITED	SB/QTN/15967/2025-26	17-Dec-2025	Srivaari	Open	
517	Shri Durga udhyog	STF/QTN/2277-R2-F/2025-26-F	17-Dec-2025	Srivaari	Open	
518	Maa Kali Modern Rice Mill	STF/QTN/2289-F/25-26	17-Dec-2025	Amit B	Open	
519	LALIT INDUSTRIES	SB/QTN/15965/2025-26	16-Dec-2025	Srivaari	Open	
520	Creamline Dairy Products Ltd	SB/QTN/15966/2025-26	16-Dec-2025	Srivaari	Open	
521	RENU MILK PRODUCTS	SB/QTN/15964 A/2025-26	16-Dec-2025	Srivaari	Open	
522	RENU MILK PRODUCTS	SB/QTN/15964 B/2025-26	16-Dec-2025	Srivaari	Open	
523	VILASITHA FARMS & FEEDS PVT LTD	STF/QTN/15962/2025-26	13-Dec-2025	Srivaari	Open	
524	Modicrete India LLP	STF/QTN/2287-F/25-26	12-Dec-2025	Amit B	Open	
525	Modicrete India LLP	STF/QTN/2100-C-F/24-25	12-Dec-2025	Amit B	Open	
526	ALPHA PET EXPORTS	STF/QTN/2284/2025-26-F-NRP	11-Dec-2025	Srivaari	Open	
527	RS Food Chain	STF/QTN/2285-NRP/25-26	11-Dec-2025	Amit B	Open	
528	AMMA RICE MILL	STF/QTN/2283/2025-26	11-Dec-2025	Srivaari	Open	
529	TONGUE TINKLERS	SB/QTN/15960-D-R1-F/25-26-NRP	08-Dec-2025	Srivaari	Open	
530	Elina Farm House	STF/QTN/2225-C-F /2025-26	06-Dec-2025	Srivaari	Open	
531	TONGUE TINKLERS	SB/QTN/15960-C-F/25-26	05-Dec-2025	Amit B	Open	
532	VEPURI AGRO PRODUCTS	STF/QTN/2282/2025-26	05-Dec-2025	Srivaari	Open	
533	Etico Chemicals P Ltd	STF/2237A/2025-26-F-NRP	04-Dec-2025	BDM Hyderabd	Open	
534	Pearl Beverages Ltd	SB/QTN/15957/2025-26-R1	03-Dec-2025	Srivaari	Open	
535	CONCORD DRUGS LTD	SB/QTN/15958 B/2025-26	02-Dec-2025	Srivaari	Open	
536	PRAJWAL REDDY	STF/QTN/2281/2025-26	01-Dec-2025	Srivaari	Open	
537	Shradha Dairy	SB/QTN/15956/2025-26	29-Nov-2025	Srivaari	Open	
538	VELAN MODERN RICE MILL	STF/QTN/2280/2025-26	29-Nov-2025	Srivaari	Open	
539	Rygen Bio Pharma P Ltd	SB/QTN/15955/2025-26	27-Nov-2025	Srivaari	Open	
540	Surya dairy	SB/QTN/15953/2025-26	26-Nov-2025	Srivaari	Open	
541	SUNRISE AGRO FOOD PRODUCTS	SB/QTN/15954/2025-26	26-Nov-2025	Srivaari	Open	
542	VAMSHI MUDAVATH	STF/QTN/2279/2025-26	25-Nov-2025	Srivaari	Open	
543	GIRIDHARI LAL AND SONS	STF/QTN/2278-F/25-26	23-Nov-2025	Amit B	Open	
544	Fresh Milk Products	SB/QTN/15951-R1-F/25-26	23-Nov-2025	Amit B	Open	
545	MATRI WATER PRODUCTS(P) LTD	SB/QTN/15918 C/2025-26	21-Nov-2025	Srivaari	Open	
546	MATRI WATER PRODUCTS(P) LTD	SB/QTN/15918 B/2025-26	21-Nov-2025	Srivaari	Open	
547	Iyantra Industries	STF/QTN/2219-B-R2-F/25-26	18-Nov-2025	Amit B	Open	
548	CHLORINA ORGANICS INDUSTRIES	STF/QTN/2273-B-R1-F/2025-26-F	18-Nov-2025	Srivaari	Open	
549	Morena Kirshore Kripa Cold	SB/QTN/15947-B-NRP/25-26	18-Nov-2025	Amit B	Open	
550	United Engineering	STF/QTN/2275-F/25-26	17-Nov-2025	Amit B	Open	
551	ASTA LAKSHMI AGRO PRODUCTS	STF/QTN/2276/25-26	17-Nov-2025	Amit B	Open	
552	United Engineering	STF/QTN/2274-F/25-26	16-Nov-2025	Amit B	Open	
553	WASH CLUB	SB/QTN/15945/2025-26	15-Nov-2025	Srivaari	Open	
554	Vikrama Innovative Technologies	SB/QTN/15946/25-26	15-Nov-2025	Amit B	Open	
555	CHANDRA LIFE SCIENCES	SB/QTN/15930-R2-F/25-26	13-Nov-2025	Amit B	Open	
556	CHLORINA ORGANICS INDUSTRIES	STF/QTN/2273 AF/2025-26-F	13-Nov-2025	Srivaari	Open	
557	Mallikarjuna Agencies	SBH/15943/2025-26	13-Nov-2025	BDM Hyderabd	Open	
558	Sri Satya Sai Engineering	SBH/15942/2025-26	10-Nov-2025	BDM Hyderabd	Open	
559	Manotri Pharma Pvt Ltd	SB/15941/2025-26	08-Nov-2025	BDM Hyderabd	Open	
560	BEST SOLUTION ENTERPRISE	SB/QTN/15939/2025-26	07-Nov-2025	Srivaari	Open	
561	MAHATHI GROUP GLOBAL EPC SOLUTIONS	SBH/2250A/2025-26	07-Nov-2025	BDM Hyderabd	Open	
562	M/s Dalai Enterprises	SBH/15938/2025-26	06-Nov-2025	BDM Hyderabd	Open	
563	S S POULTRY P LTD	SBH-15925R3/2025-26	06-Nov-2025	BDM Hyderabd	Open	
564	ALIRAM	SBH/2270/2025-26	04-Nov-2025	BDM Hyderabd	Open	
565	MANUKONDA PRAVEEN BABU	SBH-15935-2025-26	04-Nov-2025	BDM Hyderabd	Open	
566	STARCHIK FOOD PRIVATE LTD	SB/QTN/15931 C/2025-26	03-Nov-2025	Srivaari	Open	
567	VANNSH LIFE SCIENCES Pvt. Ltd.	STF/QTN/1028/-BK/24-25	01-Nov-2025	Sales Desk	Open	
568	Corobus Alcobevs	SB/QTN/15875-R1-F	31-Oct-2025	Amit B	Open	
569	SRAVANAM PHARMACEUTICALS PVT LTD	SBH/2268/2025-26	29-Oct-2025	BDM Hyderabd	Open	
570	Raghavendra Industries	SBH-15928-2025-26	29-Oct-2025	BDM Hyderabd	Open	
571	S S POULTRY P LTD	SBH/15925R2/2025-26	29-Oct-2025	BDM Hyderabd	Open	
572	SWISSBAKE ZAMBIA LTD	SB/QTN/15926/2025-26	29-Oct-2025	Srivaari	Open	
573	COY DSC ODF MK	SBH-15927-2025-26	29-Oct-2025	BDM Hyderabd	Open	
574	Swastik Calico	SBH/2267/2025-26	27-Oct-2025	BDM Hyderabd	Open	
575	Sree fruit beverages	SB/QTN/15924/2025-26	27-Oct-2025	Srivaari	Open	
576	Sri Venkatarajeshwari Engineering Works	SB/QTN/15922/2025-26	25-Oct-2025	Srivaari	Open	
577	MATRI WATER PRODUCTS(P) LTD	SB/15918/2025-26	25-Oct-2025	BDM Hyderabd	Open	
578	SM feeds	SB/QTN/15920/2025-26	24-Oct-2025	Srivaari	Open	
579	MAHESHWARI OILS	SB/QTN/15921-F/25-26	24-Oct-2025	Amit B	Open	
580	Nitri industries pvt limited	STF/QTN/1054/25-26-R3-F-NRP	24-Oct-2025	Srivaari	Open	
581	BIJU RICE MILL	STF/QTN/2266/2025-26-F	24-Oct-2025	Srivaari	Open	
582	KC Enterprises	SB/QTN/2264 F /2025-26-F	23-Oct-2025	Srivaari	Open	
583	Mathivanan	STF/QTN/2265 F/2025-26-F	23-Oct-2025	Srivaari	Open	
584	MATRI WATER PRODUCTS(P) LTD	SBH/15918/25-26	23-Oct-2025	BDM Hyderabd	Open	
585	KARWAN COMPANY	SB/QTN/15919/2025-26-F	23-Oct-2025	Srivaari	Open	
586	Mid Make developer Private Limited	STF/QTN/2263/2025-26	22-Oct-2025	Srivaari	Open	
587	Veda Engineering	SB/QTN/15917-F/25-26	22-Oct-2025	Amit B	Open	
588	SRI SANGAMESHWARA RICE INDUSTRIES	STF/QTN/2262/2025-26-BK	21-Oct-2025	Srivaari	Open	
589	Prashant Shri Sai Electrical & Automation	SB/QTN/15915/2025-26	21-Oct-2025	Srivaari	Open	
590	S G KING	SB/QTN/15914/2025-26	21-Oct-2025	Srivaari	Open	
591	M and T Engineering Technologies	SBH/15913/25-26	18-Oct-2025	BDM Hyderabd	Open	
592	ARNAV POLYMER	SB/QTN/15911/-R12025-26-r1	17-Oct-2025	Srivaari	Open	
593	Nosch Labs Private Limited	SB/QTN/15912/2025-26	17-Oct-2025	Srivaari	Open	
594	ARNAV POLYMER	SB/QTN/15911/2025-26	17-Oct-2025	Srivaari	Open	
595	Botanic Healthcare p ltd	SB/QTN/15910/2025-26	17-Oct-2025	Srivaari	Open	
596	Tarini Chemical Industries	STF/QTN/1063 B R2F/2025-26	17-Oct-2025	BDM Hyderabd	Open	
597	MAHABALA AGRO INDUSTRIES	SBH/2260/2025-26	16-Oct-2025	BDM Hyderabd	Open	
598	Carmal Matha Polymers	SBH/15874B/2025-26	16-Oct-2025	BDM Hyderabd	Open	
599	DUARS TIMBER CONCERNS	STF/QTN/2257 A/2025-26	14-Oct-2025	Srivaari	Open	
600	DWARAKAMAAYE ENGINEERING ASSOCIATES	SB/QTN/15908-F/25-26	14-Oct-2025	Amit B	Open	
601	Vijaya Chemical Industries	SB/QTN/15909/2025-26	13-Oct-2025	Srivaari	Open	
602	Bagalkot Cement & Industries Limited	SB/QTN/15907/2025-26-F	11-Oct-2025	Srivaari	Open	
603	Karimnagar Dairy	SB/QTN/15906/2025-26	11-Oct-2025	Srivaari	Open	
604	MALABAR VANEERS	SB/QTN/15882/25-26-R1-F	11-Oct-2025	Devansh Trivedi	Open	
605	ABDIN LEATHER CONCERIA PVT LTD	STF/QTN/15904/25-26	10-Oct-2025	Amit B	Open	
606	OM Kareshwaar Agro Industries	SB/QN/15905-F/25-26	10-Oct-2025	Amit B	Open	
607	OM Kareshwaar Agro Industries	SB/QTN/15905-CP-F/25-26	10-Oct-2025	Amit B	Open	
608	SINTREX PHARMA P LTD		09-Oct-2025	BDM Hyderabd	Open	
609	Tarini Chemical Industries	STF/QTN/1063 B R1F/2025-26	09-Oct-2025	BDM Hyderabd	Open	
610	M S TRADING	SB/QTN/15900/2025-26	07-Oct-2025	Srivaari	Open	
611	Dr. Dalavais Laboratories Private Limited	SBH/15898/2025-26	05-Oct-2025	BDM Hyderabd	Open	
612	MALABAR VANEERS	SB/15882/25-26	04-Oct-2025	Devansh Trivedi	Open	
613	Gloster Cables Limited	SB/15881/25-26	03-Oct-2025	Devansh Trivedi	Open	
614	Bakelite Hylam Limited.	STF/QTN/2172-B-R1-F/2025-26	01-Oct-2025	Srivaari	Open	
615	Tc Energy Solutions	STF/2255/2025-26	30-Sep-2025	BDM Hyderabd	Open	
616	LNB GROUP OF COMPANIES	SBH/2249B/2025-26	30-Sep-2025	BDM Hyderabd	Open	
617	Teamech	STF/QTN/2178-B/25-26	29-Sep-2025	Amit B	Open	
618	Mahathi Infra Services Pvt Ltd		27-Sep-2025	Srivaari	Open	
619	DSR DESIGN SOLUTIONS	SFT/2254/2025-26	27-Sep-2025	BDM Hyderabd	Open	
620	Aryan precisions Pvt Ltd	SB/2241C/2025-26	27-Sep-2025	BDM Hyderabd	Open	
621	SINTREX PHARMA P LTD	SB/QTN/15894/2025-26-R1	26-Sep-2025	Srivaari	Open	
622	Sri Lakshmi Venkata Sai Rice Mill	STF/QTN/2251/2025-26	25-Sep-2025	Srivaari	Open	
623	ENCORE FABRICS P LTD	SB/QTN/15879 B-R2-NRP /2025-26-NRP	25-Sep-2025	Srivaari	Open	
624	Mahathi Infra Services Pvt Ltd	STF/QTN/2250-B/2025-26	25-Sep-2025	Srivaari	Open	
625	HEMA LABORATORIES	SB/QTN/15892/2025-26-R1	24-Sep-2025	Srivaari	Open	
626	PISTA HOUSE	SB/QTN/15889/2025-26-R1	23-Sep-2025	Srivaari	Open	
627	Triveni Intermediates Pvt Ltd	STF/QTN/2247/2025-26	19-Sep-2025	Srivaari	Open	
628	M/s. REDGIANT IMMPEX	SB/QTN/15890/2025-26	19-Sep-2025	Srivaari	Open	
629	SKICORP GROUP	STF/QTN/2245-A/2025-26	18-Sep-2025	BDM Hyderabd	Open	
630	R.K.S. Industries	STF/QTN/2246 A/2025-26	16-Sep-2025	Srivaari	Open	
631	R.K.S. Industries	STF/QTN/2246 B/2025-26	16-Sep-2025	Srivaari	Open	
632	BML GROUP & INDUSTRIES	SB/QTN/15885 F/2025-26	16-Sep-2025	Srivaari	Open	
633	SKICORP GROUP	SBH/2245/2025-26	15-Sep-2025	BDM Hyderabd	Open	
634	Bhavyas Pharmaceuticals Pvt Ltd	SB/QTN/15884/2025-26	15-Sep-2025	Srivaari	Open	
635	CREAMLINE DAIRY	15882-2025-26	13-Sep-2025	BDM Hyderabd	Open	
636	Aryan precisions Pvt Ltd	2241B-R1-2025-26	12-Sep-2025	BDM Hyderabd	Open	
637	Aryan precisions Pvt Ltd	2241A-R1-2025-26	12-Sep-2025	BDM Hyderabd	Open	
638	Tarini Chemical Industries	STF/QTN/1063 B/2025-26-F	11-Sep-2025	Srivaari	Open	
639	Taj Engineering Works	SB/QTN/15880/2025-26	11-Sep-2025	Srivaari	Open	
640	Best Engineering Works	B/QTN/15881/2025-26	11-Sep-2025	Srivaari	Open	
641	SRIVILLAS HYDROTECH PVT LTD	SB/15801BR3 FINAL/2025-26	10-Sep-2025	BDM Hyderabd	Open	
642	Dubey Perfumes	STF/QTN/2244/2025-26-F	09-Sep-2025	Srivaari	Open	
643	FRESH BOWL HORTICULTURE PRIVATE LTD	SB/QTN/15733/2025-26-R2	08-Sep-2025	Srivaari	Open	
644	Vijayasri organics Pvt Ltd	SB/QTN/15877/2025-26	08-Sep-2025	Srivaari	Open	
645	Sai Cooltech Industry	SB/QTN/15876/2025-26	08-Sep-2025	Srivaari	Open	
646	CARMAL MATHA POLYMERS	SB/QTN/15874/2025-26-R1	05-Sep-2025	Srivaari	Open	
647	M/S - Upure Agro Foods	SB/2242/2025-26	05-Sep-2025	BDM Hyderabd	Open	
648	SRI DURGA AGROTECH	SB/QTN/15873/2025-26-F	05-Sep-2025	Srivaari	Open	
649	Rishka Enterprises	SBH/2243/2025-26	05-Sep-2025	BDM Hyderabd	Open	
650	Solar Dryers & Foods Pvt. Ltd	SB/QTN/15871/2025-26-NRP	05-Sep-2025	Srivaari	Open	
651	VV Foods	SB/QTN/15870/2025-26	04-Sep-2025	Srivaari	Open	
652	BRUNDAVAN LABORATORIES PRIVATE LTD	SB/QTN/15869/2025-26	04-Sep-2025	Srivaari	Open	
653	R R LABORATORIES	SB/QTN/15868/2025-26	03-Sep-2025	Srivaari	Open	
654	Mounika Seeds	SB/QTN/15862-F/25-26	02-Sep-2025	Amit B	Open	
655	Kuber Lakshmi Overseas	SB/QTN/15865/2025-26	02-Sep-2025	Srivaari	Open	
656	Aryan precisions Pvt Ltd	SB/2241/2025-26	02-Sep-2025	BDM Hyderabd	Open	
657	BOTANIC SUPPLEMENTS P LTD	SB/15851R2/2025-26	02-Sep-2025	BDM Hyderabd	Open	
658	TAGOOR LABORATORIES PRIVATE LIMITED	SB/QTN/15863/2025-26	02-Sep-2025	Srivaari	Open	
659	M/s Seutic Pharma Pvt Ltd & M/s Seutic Labs Pvt Ltd	SB/15864/2025-26	02-Sep-2025	BDM Hyderabd	Open	
660	Giridhari sizing n dyeing works	SBH/2239/2025-26	01-Sep-2025	BDM Hyderabd	Open	
661	Gurudeva Oils Private Limited	STF/QTN/2240-2025-26	01-Sep-2025	Srivaari	Open	
662	Sourav Ghosh	SB/QTN/15858/2025-26	28-Aug-2025	Srivaari	Open	
663	Suryanarayan Foods	SB/QTN/15859/2025-26	28-Aug-2025	Srivaari	Open	
664	Empire Jute mill	SB/QTN/15857/2025-26	28-Aug-2025	Srivaari	Open	
665	Corobus Alcobevs	STF/QTN/2238/2025-26	28-Aug-2025	Srivaari	Open	
666	MAA DURGA DYEING	SB/QTN/15854/2025-26	25-Aug-2025	Srivaari	Open	
667	R R LABORATORIES	SB/QTN/15856/2025-26	25-Aug-2025	Srivaari	Open	
668	AMBICA INDUSTRIES	STF/2233/2025-26	22-Aug-2025	BDM Hyderabd	Open	
669	Sri Vishnu Seeds	SB/QTN/15849-F/25-26	22-Aug-2025	Amit B	Open	
670	VISAKHA MILK PRODUCTS INDIA PRIVATE LTD	STF/QTN/2232/2025-26	21-Aug-2025	Srivaari	Open	
671	Sri Mythri Rotopack	STF/2230F/2025-26	21-Aug-2025	BDM Hyderabd	Open	
672	Lakshmi AAC Blocks	SB/QTN/15852/2025-26	21-Aug-2025	Srivaari	Open	
673	Botanic Healthcare p ltd	SB/15851/2025-26	21-Aug-2025	BDM Hyderabd	Open	
674	Kuber Lakshmi Overseas	SB/14951A/2025-26	21-Aug-2025	BDM Hyderabd	Open	
675	Pavan Laminates Pvt Ltd	STF/QTN/2231/2025-26	21-Aug-2025	Srivaari	Open	
676	R K SEEDS	SB/QTN/15850-F/2025-26	20-Aug-2025	Srivaari	Open	
677	RIYANSH INDUSTRIES PRIVATE LIMITED	STF/QTN/2229/25-26	20-Aug-2025	Amit B	Open	
678	Laxmi Agro Tech Pvt Ltd.	STF/QTN/2203-R2-NRP/2025-26	19-Aug-2025	Srivaari	Open	
679	SB Alisha Rice Mill	SB/QTN/15848/2025-26	19-Aug-2025	Srivaari	Open	
680	Sree Nandini Polymers	2228/2025-26	19-Aug-2025	BDM Hyderabd	Open	
681	Kuber Lakshmi Overseas	14951R3/2025-26	19-Aug-2025	BDM Hyderabd	Open	
682	Krijan Biotech Private Limited	SB/QTN/14847 B/2025-26	19-Aug-2025	Srivaari	Open	
683	Krijan Biotech Private Limited	SB/QTN/15847 A/2025-26	19-Aug-2025	Srivaari	Open	
684	Manikiran ginning delinting and processing unit	STF/QTN/2227-F/25-26	19-Aug-2025	Amit B	Open	
685	Nirmaan Aoudhyogik Rasayan Private Limited	STF/QTN/2226/2025-26	18-Aug-2025	Srivaari	Open	
686	Anay Industries	STF/QTN/15845/25-26	18-Aug-2025	Amit B	Open	
687	Ravi Gupta	SB/QTN/15846/2025-26	18-Aug-2025	Srivaari	Open	
688	BSSNR Global Trade	SB/QTN/15843/2025-26	16-Aug-2025	Srivaari	Open	
689	Milk Masti Dairy Products	SB/QTN/15842/2025-26	16-Aug-2025	Srivaari	Open	
690	BSSNR Global Trade	SB/QTN/1584	16-Aug-2025	Srivaari	Open	
691	Bharat Zeocat LLP	SB/QTN/15147-R1-NRP/25-26	16-Aug-2025	BDM Hyderabd	Open	
692	RAYALSEEMA CONCRETE SLEEPERS PVT LTD	STF/QTN/2224 B/2025-26	15-Aug-2025	Srivaari	Open	
693	Teamech	SB/QTN/15841-F/25-26	15-Aug-2025	Amit B	Open	
694	RAYALSEEMA CONCRETE SLEEPERS PVT LTD	STF/QTN/2224 A/2025-26	15-Aug-2025	Srivaari	Open	
695	Fortune Engineering Works	STF/QTN/2116/2025-26-NRP	14-Aug-2025	Srivaari	Open	
696	Murali Consultant	SBH/2222A/2025-26	14-Aug-2025	BDM Hyderabd	Open	
697	Creamline Dairy Products Ltd	SB/QTN/15838/2025-26	12-Aug-2025	Srivaari	Open	
698	Surya Agro Industries	STF/QTN/2221-F/25-26	11-Aug-2025	Amit B	Open	
699	Wood Land Timber	SB/QTN/15836/2025-26-NRP-R1	11-Aug-2025	Srivaari	Open	
700	Gourmet Popcornica LLP	STF/QTN/2213-C--R1-F/2025-26	11-Aug-2025	Srivaari	Open	
701	Salus Laboratories Pvt Ltd	STF/QTN/2220/2025-26	11-Aug-2025	Srivaari	Open	
702	DRS Technologies	SB/QTN/15832-C-F/25-26	11-Aug-2025	Amit B	Open	
703	SAHAJ MARG	SB/QTN/15833 B/2025-26	08-Aug-2025	Srivaari	Open	
704	SAHAJ MARG	SB/QTN/15833 C/2025-26	08-Aug-2025	Srivaari	Open	
705	DRS Technologies	SB/QTN/15832-F/25-26	08-Aug-2025	Amit B	Open	
706	SAHAJ MARG	SB/QTN/15833 A/2025-26	08-Aug-2025	Srivaari	Open	
707	Jasoda Agro Foods	SB/2218A/2025-26	07-Aug-2025	BDM Hyderabd	Open	
708	RAMADEVI FOODS PVT LTD	SB/QTN/2217/2025-26	07-Aug-2025	BDM Hyderabd	Open	
709	Jasoda Agro Foods	SBH/2218B/2025-26	07-Aug-2025	BDM Hyderabd	Open	
710	PANKAJ IMPEX	STF/QTN/2216/2025-26	06-Aug-2025	Srivaari	Open	
711	ARVAIS NATURES PRODUCTS PVT LTD	STF/QTN/2209 B/2025-26	06-Aug-2025	Srivaari	Open	
712	Verdant Agro	SB/QTN/15826/2025-26	04-Aug-2025	Srivaari	Open	
713	I.F.F.D.C. Krishak Seva Kendra	STF/QTN/2215/2025-26	04-Aug-2025	Srivaari	Open	
714	SRI NIJA SEEDS	STF/QTN/2196 -R1-F-NRP2025-26-R1	01-Aug-2025	Srivaari	Open	
715	AMBICA CASHEW PRODUCTS	SB/QTN/15824-B-R2-F/2025-26	01-Aug-2025	Srivaari	Open	
716	SRI KASI ANNAPURNA SEEDS	STF/QTN/2205 B/2025-26-F-NRP	01-Aug-2025	Srivaari	Open	
717	Premier Explosive Ltd	SB/15805B/2025-26	31-Jul-2025	BDM Hyderabd	Open	
718	S2 Engineering Industry Pvt Ltd.	SBH/2214/2025-26	31-Jul-2025	BDM Hyderabd	Open	
719	VERDANT PHARMA PVT LTD.	SB/QTN/15826/2025-26	30-Jul-2025	Srivaari	Open	
720	Sri Sai Ram Seeds	STF/QTN/2190-R1-F/2025-26	30-Jul-2025	Srivaari	Open	
721	Suryas Exports Pvt Ltd	15133R2-F-2025-26	30-Jul-2025	BDM Hyderabd	Open	
722	AMBICA CASHEW PRODUCTS	SB/QTN/15824/2025-26	30-Jul-2025	Srivaari	Open	
723	SESHA SAI CHEMICALS	SB/QTN/15823 F/2025-26-R1	30-Jul-2025	Srivaari	Open	
724	Kreative Organics Private Limited	SB/QTN/15825/2025-26	30-Jul-2025	Srivaari	Open	
725	Shilpa Pharma Lifesciences Limited	SB/QTN/15822/2025-26	30-Jul-2025	Sales Desk	Open	
726	Premier Explosive Ltd	SB/15805R1/2025-26	29-Jul-2025	BDM Hyderabd	Open	
727	SAI RAGHAVA SEEDS	STF/QTN/2212/2025-26	28-Jul-2025	Srivaari	Open	
728	Sri Ram Seeds	STF/QTN/2205-R2-NRP/25-26	28-Jul-2025	Amit B	Open	
729	SOLIDD CARTONS	STF/QTN/2210/2025-26	26-Jul-2025	Srivaari	Open	
730	Best Engineering Works	STF/QTN/2208/2025-26-F	25-Jul-2025	Srivaari	Open	
731	ARVAIS NATURES PRODUCTS PVT LTD	STF/QTN/2209/2025-26	25-Jul-2025	Srivaari	Open	
732	TIRUMALA SEEDS	STF/QTN/2211/2025-26	25-Jul-2025	Srivaari	Open	
733	Best Engineering Works	SB/QTN/15819/2025-26-F	25-Jul-2025	Srivaari	Open	
734	Bhagya Lakshmi Enterprises	SB/QTN/15817/2025-26-F	24-Jul-2025	Srivaari	Open	
735	SRI KUSUM ARANABA SEEDS	STF/QTN/2207/2025-26	24-Jul-2025	Srivaari	Open	
736	JAI LARA DRUGS PVT LTD	SB/QTN/15818/2025-26-F	24-Jul-2025	Srivaari	Open	
737	DPM Green Bricks	STF/QTN/2206/2025-26-F	24-Jul-2025	Srivaari	Open	
738	Salicylates and Chemicals	SB/15814R1-F/2025-26	24-Jul-2025	BDM Hyderabd	Open	
739	Salicylates and Chemicals	SB/15814R1-F/2025-26	24-Jul-2025	BDM Hyderabd	Open	
740	Neotech Boilers Pvt Ltd	SB/QTN/15816/2025-26	23-Jul-2025	Srivaari	Open	
741	Salicylates and Chemicals	SBH/I5814/2025-2026	23-Jul-2025	BDM Hyderabd	Open	
742	Neotech Boilers Pvt Ltd	SB/QTN/15815/2025-26	23-Jul-2025	Srivaari	Open	
743	M S TRADERS	SB/QTN/15813/2025-26	22-Jul-2025	Srivaari	Open	
744	S S Technologies	SB/QTN/15794 B/2025-26-F	21-Jul-2025	Srivaari	Open	
745	Progressive Agro Products	STF/QTN/2180-B-F/2025-26	19-Jul-2025	Srivaari	Open	
746	Harita Corn Conditioning Unit	STF/QTN/2192 B/2025-26-F-NRP	19-Jul-2025	Srivaari	Open	
747	BS Engineering	STF/QTN/2204/2025-26-F	18-Jul-2025	Srivaari	Open	
748	Aditya Seeds	STF/QTN/2188-R5-/25-26	17-Jul-2025	Amit B	Open	
749	Harita Corn Conditioning Unit	STF/QTN/2192 B/2025-26	17-Jul-2025	Srivaari	Open	
750	Kurnool Seeds P. Ltd	STF/QTN/2193-R1-F/2025-26-NRP	17-Jul-2025	Amit B	Open	
751	GBR SEEDS	SBH/220B-R1-F/2025-26	17-Jul-2025	BDM Hyderabd	Open	
752	Sri Venkateshwara Seeds	STF/QTN/2187-R3-F /25-26	17-Jul-2025	Amit B	Open	
753	Jaya Chickes Co. Pvt. Ltd	SB/QTN/15023/2025-26-R2-NRP	17-Jul-2025	Srivaari	Open	
754	S R GARMENTS & FOOTWEAR	SB/QTN/15810/2025-26	16-Jul-2025	Srivaari	Open	
755	Kammac Projects	STF/QTN/2202/25-26	15-Jul-2025	Amit B	Open	
756	Sri Yaganti Ped Ramaiah Agros	STF/QTN/2171-B-R3-F/2025-26	14-Jul-2025	Srivaari	Open	
757	laxmi rail infra pvt ltd	SBH/15808/2025-26	14-Jul-2025	BDM Hyderabd	Open	
758	BEST ENGINEERING TECHNOLOGIES	SB/QTN/15809 B/2025-26	14-Jul-2025	Srivaari	Open	
759	BEST ENGINEERING TECHNOLOGIES	SB/QTN/15809 A/2025-26	14-Jul-2025	Srivaari	Open	
760	Limagrain India Private Limited	SBH/2201/2025-26	12-Jul-2025	BDM Hyderabd	Open	
761	EPITOCHEM PHARMA Pvt Ltd	STF/QTN/2199/2025-26	11-Jul-2025	Srivaari	Open	
762	Ujala Mill Stores	STF/QTN/2200/2025-26	11-Jul-2025	Srivaari	Open	
763	BIMAL KUMAR KEDIA	SB/QTN/15806/2025-26	11-Jul-2025	Srivaari	Open	
764	Premier Explosive Ltd	SBH/15805/2025-26	10-Jul-2025	BDM Hyderabd	Open	
765	GODREJ JERSEY - CDPL	15806/2025-26	10-Jul-2025	BDM Hyderabd	Open	
766	Neotech Boilers Pvt Ltd	SB/QTN/15804/2025-26	10-Jul-2025	Srivaari	Open	
767	Sai Srinivasa Agro	SBH/221/2025-26	09-Jul-2025	BDM Hyderabd	Open	
768	Lorven Biologics Pvt Ltd	SBH/14673DR1-FF/2025-26	09-Jul-2025	BDM Hyderabd	Open	
769	BACTOLAC NUTRACEUTICAL PVT LTD.	SBH/15803/2025-26	09-Jul-2025	BDM Hyderabd	Open	
770	APPIDI Technologies Pvt. Ltd.	15802-SBH-OF-2025-26	09-Jul-2025	BDM Hyderabd	Open	
771	GBR SEEDS	SBH/220/2025-26	09-Jul-2025	BDM Hyderabd	Open	
772	M/s. Srivilas Hydrotech Private Limited	SBH/15801/25-26	09-Jul-2025	BDM Hyderabd	Open	
773	AL WAFI AGRI FOODS P LTD	STF/QTN/2198/2025-26	08-Jul-2025	Srivaari	Open	
774	PVR Seeds	STF/QTN/2197-B/2025-26	08-Jul-2025	Srivaari	Open	
775	Ganesh Fly Ash Bricks	STF/QTN/2195-F/25-26	08-Jul-2025	Amit B	Open	
776	PVR Seeds	STF/QTN/2197-A/2025-26	08-Jul-2025	Srivaari	Open	
777	VVR Seeds Pvt Ltd	STF/QTN/2196/2025-26	08-Jul-2025	Srivaari	Open	
778	Dubey Perfumes	STF/QTN/2194/2025-26-R1	05-Jul-2025	Srivaari	Open	
779	FLEMING LABORATORIES LIMITED	SBH/15799/2025-26	04-Jul-2025	BDM Hyderabd	Open	
780	SMS PHARMACEUTICALS LTD	SB/QTN/15798/2025-26	03-Jul-2025	Srivaari	Open	
781	Sun Agro Foods & Exports Limited	STF/QTN/2191/2025-26	03-Jul-2025	Srivaari	Open	
782	Nosch Labs	SB/QTN/15797-R1-F/25-26	03-Jul-2025	Amit B	Open	
783	Harita Corn Conditioning Unit	STF/QTN/2192-F/2025-26	03-Jul-2025	Srivaari	Open	
784	Lorven Biologics Pvt Ltd	SBH/14673D-F/2025-2026	03-Jul-2025	BDM Hyderabd	Open	
785	Kuber Lakshmi Overseas	14951R4-SB-SF-50/25-26	02-Jul-2025	BDM Hyderabd	Open	
786	M/S MILAZO DAIRY PRODUCTS PVT LTD	2190B/SB/MF/2025-26	02-Jul-2025	BDM Hyderabd	Open	
787	Neotech Boilers Pvt Ltd	STF/QTN/2189/2025-26-F	01-Jul-2025	Srivaari	Open	
788	ANITHA DAIRY	SB/QTN/15795/2025-26-F	01-Jul-2025	Srivaari	Open	
789	test123		01-Jul-2025	Amit B	Open	
790	Sri Sai Ram Seeds	STF/QTN/2185-F/25-26	30-Jun-2025	Amit B	Open	
791	Epic Crop Sciences	STF/QTN/2186-F/25-26	30-Jun-2025	Amit B	Open	
792	NUTECH BIOSCIENCES INDIA PRIVATE LIMITED	SB/QTN/15793-B-F/25-26	28-Jun-2025	Amit B	Open	
793	HBL POWER SYSTEMS LTD	SB/QTN/15792-F/25-26	25-Jun-2025	Amit B	Open	
794	Panchratna Packaging	STF/QTN/2184/2025-26-F	24-Jun-2025	Srivaari	Open	
795	Mane Electrical	SB/QTN/15790/2025-26	24-Jun-2025	Srivaari	Open	
796	Stresscon Industries Ltd	SB/QTN/15771/2025-26-R1-NRP	24-Jun-2025	Srivaari	Open	
797	Ambadas Gajula	SB/QTN/15789/2025-26	23-Jun-2025	Srivaari	Open	
798	M/s Sathavahana Breeding & Hatcheries P Ltd	STF/QTN/2174/2025-26	21-Jun-2025	BDM Hyderabd	Open	
799	Botanic Healthcare p ltd	15787-SB-BH-72/2025-26	21-Jun-2025	BDM Hyderabd	Open	
800	SS Food Products	SB/QTN/15785/2025-26	21-Jun-2025	Srivaari	Open	
801	Indian Bio Tech Enterprises	15784-SB-SF-100-2025-26	21-Jun-2025	BDM Hyderabd	Open	
802	AVS DRUGS	2181A-FINAL	20-Jun-2025	BDM Hyderabd	Open	
803	CRESCENT FORMULATION	SB/QTN/15768 F/2025-26-R1	19-Jun-2025	Srivaari	Open	
804	HUDSON FOODS P LTD		18-Jun-2025	Amit B	Open	
805	Invicta Agritech India Pvt Ltd	SBH/2176/R32025-26	17-Jun-2025	BDM Hyderabd	Open	
806	Sri Rama Agri Genetics (I) Pvt Ltd	SB/QTN/2179 F/2025-26	17-Jun-2025	Srivaari	Open	
807	ACTIS GENERICS PRIVATE LIMITED	SB/QTN/15780/2025-26	17-Jun-2025	Srivaari	Open	
808	Bhalkeswar Sugars	2043-SBH-2025-26	17-Jun-2025	BDM Hyderabd	Open	
809	House Of Oils	SBH/2175/2025-26	17-Jun-2025	BDM Hyderabd	Open	
810	Sunil Juwar	SB/QTN/15781/2025-26	16-Jun-2025	Srivaari	Open	
811	M/s Sathavahana Breeding & Hatcheries P Ltd	STF/QTN/2174/2025-26	16-Jun-2025	Srivaari	Open	
812	OM Plywood	STF/QTN/2173/2025-26	16-Jun-2025	Srivaari	Open	
813	Wynn Chem Adhesives	SB/QTN/2170/2025-26	13-Jun-2025	Srivaari	Open	
814	Holocene Ecosolutions Pvt Ltd	STF/QTN/2168/2025-26	12-Jun-2025	Srivaari	Open	
815	MEGHANA FOODS	SB/QTN/15779/2025-26-BK	12-Jun-2025	Srivaari	Open	
816	Kamalanara Stitchings Pvt Ltd	SB/QTN/15778/2025-26-BK	12-Jun-2025	Srivaari	Open	
817	Neotech Boilers Pvt Ltd	SB/QTN/2169/2025-26-NRP	12-Jun-2025	Srivaari	Open	
818	Sri Yaganti Ped Ramaiah Agros		12-Jun-2025	Amit B	Open	
819	Kamalanara Stitchings Pvt Ltd	SB/QTN/15778/2025-26-NRP	12-Jun-2025	Amit B	Open	
820	RHICONEX SOLUTIONS	SB/QTN/15777-F/2024-25	12-Jun-2025	Srivaari	Open	
821	GM Agro & Beverages (I) Pvt Ltd	SB/QTN/15777-F/2024-25	11-Jun-2025	Srivaari	Open	
822	A K AGRO FOOD PROCESSING P LTD	SB/QTN/2167/2025-26	11-Jun-2025	Srivaari	Open	
823	Mechotech	SB/QTN/15773-F/25-26	09-Jun-2025	Amit B	Open	
824	Shri Tulsi Phosphate Ltd	SB/QTN/15773/2025-26	09-Jun-2025	Srivaari	Open	
825	TINARA FOODS LLP	STF/QTN/2166-B/2025-26	07-Jun-2025	Srivaari	Open	
826	SB Alisha Rice Mill	STF/QTN/2164/25-26	06-Jun-2025	Srivaari	Open	
827	Dwarka Sea Foods	SB/QTN/15758-B/2025-26-R1	06-Jun-2025	Srivaari	Open	
828	Sree Nandini Polymers	1098BR1-Final/2025-26	06-Jun-2025	BDM Hyderabd	Open	
829	TINARA FOODS LLP	STF/QTN/2166-A/2025-26	06-Jun-2025	Srivaari	Open	
830	PardhaSaradhi	SB/QTN/15769/2025-26	05-Jun-2025	Srivaari	Open	
831	CRESCENT FORMULATION	SB/QTN/15768 F/2025-26	05-Jun-2025	Srivaari	Open	
832	SRI VYSHNAVI FOODS PVT LTD	STF/QTN/2160/25-26-R3	02-Jun-2025	Srivaari	Open	
833	MAHINDRA FOODS LTD	SB/QTN/15765/2025-26	02-Jun-2025	Srivaari	Open	
834	Sree Nandini Polymers	1098R2/2025-2026	02-Jun-2025	BDM Hyderabd	Open	
835	KORE CHEMICAL INDUSTRIES	2104B/2025-2026	02-Jun-2025	BDM Hyderabd	Open	
836	BLYPIN ENTERPRISES PRIVATELIMITED	STF/QTN/2105-BK//2024-25	01-Jun-2025	Srivaari	Open	
837	VIKAS RUBBER	STF/QTN/2163/2025-26	30-May-2025	Srivaari	Open	
838	SRI VYSHNAVI FOODS PVT LTD	SBH/2160/25-26-R-1	29-May-2025	BDM Hyderabd	Open	
839	Sai Venkateshwara Packaging	STF/QTN/2044-R2- F/2024-25	28-May-2025	Srivaari	Open	
840	Sree Nandini Polymers	1098B-SBH/BAG/2025-26	27-May-2025	BDM Hyderabd	Open	
841	Ravoos Laboratories Pvt Ltd	STF/QTN/1072-R2-F/24-25	26-May-2025	BDM Hyderabd	Open	
842	Sree Nandini Polymers	SBH/1098R2/2025-26	26-May-2025	BDM Hyderabd	Open	
843	HBL POWER SYSTEMS LTD	SB/QTN/15763/2025-26	26-May-2025	Srivaari	Open	
844	MLR INSTITUTE OF TECHNOLOGY	SB/QTN/15764/2025-26	26-May-2025	Srivaari	Open	
845	Hiranya Cellulose Products	SBH/15720 R1/2025-26	24-May-2025	BDM Hyderabd	Open	
846	Sree Nandini Polymers	SBH/1098R1/2025-26	24-May-2025	BDM Hyderabd	Open	
847	RG ECO BLOCKS	STF/QTN/2156-R2-F/2025-26	24-May-2025	Srivaari	Open	
848	FENOPLAST P.LTD	STF/QTN/2161/2025-26	23-May-2025	Srivaari	Open	
849	I-TECH EQUIPMENTS	SB/QTN/15758/2025-26-R2	21-May-2025	Srivaari	Open	
850	MLR INSTITUTE OF TECHNOLOGY	SB/QTN/15748 B/2025-26	21-May-2025	Srivaari	Open	
851	Sidhi Vinayak Plastic Industry	SB/QTN/14982-R1-BK /24-25-BK	20-May-2025	Srivaari	Open	
852	VSR Dairy	SB/QTN/15760/2025-26	20-May-2025	Amit B	Open	
853	tpsr milk products	SB/QTN/15762/2025-26	20-May-2025	Srivaari	Open	
854	Deepak Insulations	SB/QTN/15759/2025-26	19-May-2025	Srivaari	Open	
855	Dwarka Sea Foods	SB/QTN/15758/2025-26	19-May-2025	Srivaari	Open	
856	Sree Nandini Polymers	SBH-SF-1098R1/25-26	19-May-2025	BDM Hyderabd	Open	
857	JEBAJEYAM FLY ASH BRICK INDUSTRIES	STF/QTN/2125-R2/2025-26	16-May-2025	Srivaari	Open	
858	S.S. VENEERS	STF/QTN/2157 B/2025-26	12-May-2025	Srivaari	Open	
859	Telliepact Global	SB/QTN/15756/25-26	12-May-2025	Sales Desk	Open	
860	WINDSTON SPRINGS P.LTD	SB/QTN/15755/2025-26	12-May-2025	Srivaari	Open	
861	Raipur Tar Products	STF/QTN/15756 A/2025-26	12-May-2025	Srivaari	Open	
862	Hotel Maharana Pratap	STF/QTN/2122 AF/2025-26-R1	12-May-2025	Srivaari	Open	
863	liha life Science pvt ltd	SB/QTN/15753/2025-26	12-May-2025	Srivaari	Open	
864	Shree Sitaram Enterprises	SB/QTN/15754/2025-26	12-May-2025	Srivaari	Open	
865	MANGAL SINGH	SB/QTN/15750/2025-26	09-May-2025	Srivaari	Open	
866	UNITECH LASER	SB/QTN/15747/2025-26	08-May-2025	Srivaari	Open	
867	RAYALSEEMA CONCRETE SLEEPERS PVT LTD	SB/QTN/15744/2025-26	06-May-2025	Srivaari	Open	
868	Veer Chemie & Aromatics Pvt Ltd.,	SB/QTN/15743/2025-26	06-May-2025	Srivaari	Open	
869	Batolac Neutraceuticals Pvt Ltd	SB/QTN/15741-A-F/25-26	05-May-2025	Amit B	Open	
870	Fours International	SB/QTN/15742/2025-26	05-May-2025	Srivaari	Open	
871	CEYONE LIFE SCIENCES PVT LTD	SB/QTN/15737-R1-F/2025-26	03-May-2025	Srivaari	Open	
872	Chiclam Pvt Ltd	STF/QTN/2123-D/ 2025-26	02-May-2025	Srivaari	Open	
873	Subodh Sah	SB/QTN/15739/2025-26	30-Apr-2025	Srivaari	Open	
874	SPECTRAA TECHNOLOGY SOLUTIONS LIMITED	STF/QTN/2124-F/25-26	28-Apr-2025	Amit B	Open	
875	SPECTRAA TECHNOLOGY SOLUTIONS LIMITED	STF/QTN/2124/2024-25	28-Apr-2025	Srivaari	Open	
876	SIVA SHAKTI CURD INDUSTRY	SB/QTN/15715-R1-F/2025-26	26-Apr-2025	Srivaari	Open	
877	HUDSON FOODS P LTD	SB/QTN/15158-R1-F/2024-25	25-Apr-2025	Srivaari	Open	
878	Tirumala Milk Products Pvt Ltd	SB/QTN/15736/2025-26	24-Apr-2025	Srivaari	Open	
879	SMS PHARMACEUTICALS LTD	SB/QTN/15735/2025-26	24-Apr-2025	Srivaari	Open	
880	Amrutam	SB/QTN/15734/2025-26	24-Apr-2025	Srivaari	Open	
881	FRESH BOWL HORTICULTURE PRIVATE LTD	SB/QTN/15733/2025-26	23-Apr-2025	Srivaari	Open	
882	Gaytri Industries	STF/QTN/2119-D-/24-25	22-Apr-2025	Amit B	Open	
883	Chiclam Pvt Ltd	STF/QTN/2123/2025-26	22-Apr-2025	Srivaari	Open	
884	Hotel Maharana Pratap	STF/QTN/2122 A/2025-26	21-Apr-2025	Srivaari	Open	
885	Hotel Maharana Pratap	STF/QTN/2122 B/2025-26	21-Apr-2025	Srivaari	Open	
886	SARKAR PLYWOOD	STF/QTN/2041-D-F/2025-26	21-Apr-2025	Srivaari	Open	
887	SREE INDUSTRIES		19-Apr-2025	Amit B	Open	
888	SS Engineers India	SB/QTN/15730/2025-26	18-Apr-2025	Srivaari	Open	
889	SS Engineers India	SB/QTN/15730/2025-26	18-Apr-2025	Srivaari	Open	
890	SS Engineers India	SB/QTN/15730/2025-26	18-Apr-2025	Srivaari	Open	
891	NSL KRISHNAVENI SUGARS LIMITED	SB/QTN/15731/2025-26	18-Apr-2025	Srivaari	Open	
892	Coromandel Concrete Products Pvt Ltd		17-Apr-2025	Srivaari	Open	
893	Coromandel Concrete Products Pvt Ltd	SB/QTN/15728/2025-26	17-Apr-2025	Srivaari	Open	
894	Coromandel Concrete Products Pvt Ltd		17-Apr-2025	Srivaari	Open	
895	Bhalkeswar Sugars		17-Apr-2025	BDM Hyderabd	Open	
896	Bhalkeswar Sugars		17-Apr-2025	BDM Hyderabd	Open	
897	Salicilates and Chemicals	SBH/2102 B/24-25	17-Apr-2025	BDM Hyderabd	Open	
898	Coromandel Concrete Products Pvt Ltd	SB/QTN/15728/2025-26	17-Apr-2025	Srivaari	Open	
899	Gaytri Industries	STF/QTN/2119-B-/25-26	17-Apr-2025	Amit B	Open	
900	Gaytri Industries	STF/QTN/2119-A/25-26	17-Apr-2025	Amit B	Open	
901	Gaytri Industries	STF/QTN/2119-A/25-26	17-Apr-2025	Amit B	Open	
902	Gaytri Industries	STF/QTN/2119-A/25-26	17-Apr-2025	Amit B	Open	
903	Coromandel Concrete Products Pvt Ltd	SB/QTN/15728/2025-26	17-Apr-2025	Srivaari	Open	
904	Coromandel Concrete Products Pvt Ltd		17-Apr-2025	Srivaari	Open	
905	Coromandel Concrete Products Pvt Ltd	SB/QTN/15728/2025-26	17-Apr-2025	Srivaari	Open	
906	Coromandel Concrete Products Pvt Ltd		17-Apr-2025	Srivaari	Open	
907	Gaytri Industries	STF/QTN/2119//24-25	17-Apr-2025	Amit B	Open	
908	Coromandel Concrete Products Pvt Ltd	SB/QTN/15728/2025-26	17-Apr-2025	Srivaari	Open	
909	Gaytri Industries	STF/QTN/2119-B-/25-26	17-Apr-2025	Amit B	Open	
910	Gaytri Industries	STF/QTN/2119-A/25-26	17-Apr-2025	Amit B	Open	
911	Lalit Industries	STF/QTN/2118/2025-26	15-Apr-2025	Srivaari	Open	
912	Oil Palm India Ltd	SB/QTN/15054-R1-F/24-25	15-Apr-2025	Amit B	Open	
913	SHOBHA LIFE SCIENCES PVT LTD	SB/QTN/15724 F/2025-26	14-Apr-2025	Srivaari	Open	
914	Yuvan Food Products	SB/QTN/15725/2025-26	14-Apr-2025	Srivaari	Open	
915	Neotech Boilers Pvt Ltd	SB/QTN/15726 A/2025-26	14-Apr-2025	Srivaari	Open	
916	Neotech Boilers Pvt Ltd	SB/QTN/15726 B/2025-26	14-Apr-2025	Srivaari	Open	
917	Kammac Projects	STF/QTN/2111-R1-F/24-25	14-Apr-2025	Amit B	Open	
918	Neotech Boilers Pvt Ltd	SB/QTN/15726 A/2025-26	14-Apr-2025	Srivaari	Open	
919	Best Engineering Technologies	STF/QTN/2117/2025-26	12-Apr-2025	Srivaari	Open	
920	Fortune Engineers	15722	11-Apr-2025	BDM Hyderabd	Open	
921	I TECH EQUIPMENTS	15723A	11-Apr-2025	BDM Hyderabd	Open	
922	Fortune Engineering Works	STF/QTN/2116/2025-26	11-Apr-2025	Srivaari	Open	
923	Kasyamana Silicates Pvt. Ltd.	15720	11-Apr-2025	BDM Hyderabd	Open	
924	Meena Enterprises	SB/QTN/15718 BF/2025-26	10-Apr-2025	Srivaari	Open	
925	STANDARD PRODUCT MANUCATURING	SB/QTN/15717/2025-26	10-Apr-2025	Srivaari	Open	
926	Meena Enterprises	STF/QTN/2115 CF/2025-26	10-Apr-2025	Srivaari	Open	
927	Meena Enterprises	SB/QTN/15718 AF/2025-26	10-Apr-2025	Srivaari	Open	
928	Meena Enterprises	STF/QTN/2115 CF/2025-26	10-Apr-2025	Srivaari	Open	
929	Meena Enterprises	STF/QTN/2115 CF/2025-26	10-Apr-2025	Srivaari	Open	
930	M/s ATGC Biotech pvt ltd	14967C	10-Apr-2025	BDM Hyderabd	Open	
931	Meena Enterprises	STF/QTN/2115 CF/2025-26	10-Apr-2025	Srivaari	Open	
932	Sangam Milk Producer Company Limited	SB/QTN/15716/2025-26	09-Apr-2025	Srivaari	Open	
933	Pandurangaiah	SB/QTN/15712 B/2025-26	05-Apr-2025	Srivaari	Open	
934	Pandurangaiah	SB/QTN/15712/2024-25	05-Apr-2025	Srivaari	Open	
935	Sri Balaji Metal Industries	15711	05-Apr-2025	BDM Hyderabd	Open	
936	PM FLY ASH BRICKS AND COMPANY		04-Apr-2025	Amit B	Open	
937	PM FLY ASH BRICKS AND COMPANY	STF/QTN/2114-F/25-26	04-Apr-2025	Amit B	Open	
938	Zihwa foods pvt ltd		04-Apr-2025	Amit B	Open	
939	CEYONE LIFE SCIENCES PVT LTD	SB/QTN/15709 F/2025-26	04-Apr-2025	Srivaari	Open	
940	RK Industries	SB/QTN/15699 F/2024-25-R1	03-Apr-2025	Srivaari	Open	
941	Chiclam Pvt Ltd	STF/QTN/2113 F/2025-26	03-Apr-2025	Srivaari	Open	
942	Rohit Pandey	STF/QTN/2112 F/2024-25	31-Mar-2025	Srivaari	Open	
943	Kammac Projects	STF/QTN/2111-B-F/24-25	29-Mar-2025	Amit B	Open	
944	Abhay Innovate Plastic Ltd	SB/QTN/15707-F/24-25-R1	29-Mar-2025	Amit B	Open	
945	Hiranya Cellulose Products	15702B	29-Mar-2025	BDM Hyderabd	Open	
946	Kanwaria Chemical	SB/QTN/15688-R2-F/2024-25-R2	27-Mar-2025	Srivaari	Open	
947	Salicilates and Chemicals	SB/QTN/15706-F/24-25	25-Mar-2025	BDM Hyderabd	Open	
948	Siddhi Papers	STF/QTN/2110-F/2024-25	20-Mar-2025	Srivaari	Open	
949	Granary Agro LLP	SB/QTN/15703/24-25	20-Mar-2025	Sales Desk	Open	
950	Padma Industries	SBQTN/15701-F/2024-25	20-Mar-2025	Srivaari	Open	
951	Granary Agro LLP		20-Mar-2025	Srivaari	Open	
952	Hiranya Cellulose Products	15702	20-Mar-2025	BDM Hyderabd	Open	
953	Karimnagar Dairy, The managing Director Milk Products Factroy	SB/QTN/15698/2024-25	19-Mar-2025	Sales Desk	Open	
954	Lohiya Industry	STF/QTN/2088-B-F/2024-25	19-Mar-2025	Srivaari	Open	
955	Trifolium Scientifics	SB/QTN/15700 F/2024-25	19-Mar-2025	Srivaari	Open	
956	Raja Kumar	STF/QTN/2109 AF/2024-25	19-Mar-2025	Srivaari	Open	
957	Raja Kumar	STF/QTN/2109 BF/2024-25	19-Mar-2025	Srivaari	Open	
958	Island Veer Chemie Pvt.Ltd,	SB/QTN/15697/24-25	18-Mar-2025	Sales Desk	Open	
959	KORE CHEMICAL INDUSTRIES	2104A	17-Mar-2025	BDM Hyderabd	Open	
960	Star Milk products pvt ltd	STF/QTN/2107 F/2024-25	17-Mar-2025	Srivaari	Open	
961	EASHWAR LAUNDRY	SB/QTN/15695 F/2024-25	17-Mar-2025	Srivaari	Open	
962	PATMOS INDUSTRIES	STF/QTN/2106 F/2024-25	17-Mar-2025	Srivaari	Open	
963	BLYPIN ENTERPRISES PRIVATELIMITED	STF/QTN/2105-B-F/2024-25	17-Mar-2025	Srivaari	Open	
964	NIFTY LABS PVT LTD	2103B	15-Mar-2025	BDM Hyderabd	Open	
965	NIFTY LABS PVT LTD	2103C	15-Mar-2025	BDM Hyderabd	Open	
966	NIFTY LABS PVT LTD	2103C	15-Mar-2025	BDM Hyderabd	Open	
967	GS Plywood Industries Pvt Ltd	STF/QTN/2101 AF/2024-25	13-Mar-2025	Srivaari	Open	
968	Sk Poultry Feed	SB/QTN/15694 F/2024-25	13-Mar-2025	Srivaari	Open	
969	VV Foods	SB/QTN/14977-R1-F/24-25	13-Mar-2025	Srivaari	Open	
970	Sk Poultry Feed	SB/QTN/15694 F/2024-25	13-Mar-2025	Srivaari	Open	
971	Patil Rail	SB/QTN/15690-F/24-25	12-Mar-2025	Srivaari	Open	
972	Kanwaria Chemical	SB/QTN/15688 F/2024-25-R1	11-Mar-2025	Srivaari	Open	
973	FERMAC BIO PRIVATE LTD	SB/QTN/15687 F/2024-25 D	10-Mar-2025	Srivaari	Open	
974	GREENTECH LABORATORIES P LTD	STF/QTN/2099 F/2024-25	10-Mar-2025	Srivaari	Open	
975	Kanwaria Chemical	SB/QTN/15688 F/2024-25	10-Mar-2025	Srivaari	Open	
976	Kalki Agro Foods	STF/QTN/2097 BF/2024-25	10-Mar-2025	Srivaari	Open	
977	Hubert Healthcare Pvt. Ltd.		08-Mar-2025	BDM Hyderabd	Open	
978	Hubert Healthcare Pvt. Ltd.	15685	08-Mar-2025	BDM Hyderabd	Open	
979	Sidhi Vinayak Plastic Industry	SB/QTN/14982-B-NRP/24-25	07-Mar-2025	Srivaari	Open	
980	Oil Palm India Ltd	SB/QTN/15162-R3/24-25	07-Mar-2025	Amit B	Open	
981	Kanwaria Chemical		07-Mar-2025	Amit B	Open	
982	KSR Modern Rice Mill	SB/QTN/15678-BF /24-25	07-Mar-2025	Srivaari	Open	
983	Coromandel Concrete Products Pvt Ltd	SB/QTN/15682 F/2024-25-NRP	06-Mar-2025	Srivaari	Open	
984	RAKESH BEHRA	SB/QTN/15681 F/2024-25	05-Mar-2025	Srivaari	Open	
985	SS Engineers India	SB/QTN/15680 F/2024-25	04-Mar-2025	Srivaari	Open	
986	SS Engineers India	SB/QTN/15680 F/2024-25	04-Mar-2025	Srivaari	Open	
987	M/s BEST ENGINEERING TECHNOLOGIES	15675 FINAL R2	04-Mar-2025	BDM Hyderabd	Open	
988	NSL SUGARS LTD	SB/QTN/15679/2024-25	04-Mar-2025	Srivaari	Open	
989	M/s BEST ENGINEERING TECHNOLOGIES	15675 FINAL R1	04-Mar-2025	BDM Hyderabd	Open	
990	Kalki Agro Foods	STF/QTN/2097 F/2024-25	03-Mar-2025	Srivaari	Open	
991	Sri Ganapathy power laundry	SB/QTN/15667 F/2024-25	03-Mar-2025	Srivaari	Open	
992	KEVYS GENERICS P LTD	STF/QTN/2086/2024-25 NRP-R1	03-Mar-2025	Srivaari	Open	
993	KEVYS GENERICS P LTD	STF/QTN/2086/2024-25 NRP-R1	03-Mar-2025	Srivaari	Open	
994	Sri Ganapathy power laundry	SB/QTN/15677 F/2024-25	03-Mar-2025	Srivaari	Open	
995	HBL Power Systems Ltd	SB/QTN/15676/2024+25	03-Mar-2025	Srivaari	Open	
996	M/s BEST ENGINEERING TECHNOLOGIES	15675	01-Mar-2025	BDM Hyderabd	Open	
997	SREE FRUIT	SB/QTN/15674 F/2025	01-Mar-2025	Srivaari	Open	
998	Murthy Engineering Works	15144A&B-F-R2	01-Mar-2025	BDM Hyderabd	Open	
999	SREE FRUIT	SB/QTN/15674 F/2025	01-Mar-2025	Srivaari	Open	
1000	Murthy Engineering Works	15144AR2	01-Mar-2025	BDM Hyderabd	Open	
1001	Empire Jute mill	SB/QTN/14806 B/2024-25/R-1	28-Feb-2025	Srivaari	Open	
1002	JUBLEE HILLS RESORT PVT LTD	STF/QTN/2096 F/2024-25	28-Feb-2025	Srivaari	Open	
1003	Power Sol Infrastructure Pvt Ltd		28-Feb-2025	Amit B	Open	
1004	JOTIRMOY DAS	SB/QTN/15673 BF/2024-25	27-Feb-2025	Srivaari	Open	
1005	JOTIRMOY DAS	SB/QTN/15673 F/2024-25	27-Feb-2025	Srivaari	Open	
1006	Maanata Food Products	SB/QTN/15672 F/2024-25	27-Feb-2025	Srivaari	Open	
1007	FRUIT & VEGETABLE TECHNOLOGY DEPARTMENT	SB/QTN/15669 F/2024-25	25-Feb-2025	Srivaari	Open	
1008	Jeeva Organics Pvt Ltd	SB/QTN/15132-R2-F/2024-25-R1	25-Feb-2025	Srivaari	Open	
1009	LIFE LINE SPRINGS	SB/QTN/15667 F/2024-25	24-Feb-2025	Srivaari	Open	
1010	Samasti Foods		23-Feb-2025	Amit B	Open	
1011	JK LIFE CARE CENTERS		23-Feb-2025	Amit B	Open	
1012	Samasti Foods		23-Feb-2025	Amit B	Open	
1013	Sourav Ghosh	SB/QTN/15165F/2024-25	21-Feb-2025	Srivaari	Open	
1014	Vasundhara Rice Mill	SB/QTN/15166-F/24-25	21-Feb-2025	Amit B	Open	
1015	East Coast Marine Products	SB/QTN/15667-F/24-25	21-Feb-2025	Amit B	Open	
1016	Raj Kishan Yadav	STF/QTN/2091 F/2024-25	20-Feb-2025	Srivaari	Open	
1017	Prajwal Insulations and Packaging Industries	STF/QTN/2090 F/2024-25	19-Feb-2025	Srivaari	Open	
1018	Sano Pharma Private Limited	STF/QTN/2089 F/2024-25	19-Feb-2025	Srivaari	Open	
1019	Mahakal Papad Udyog	SB/QTN/15163/2024-25	18-Feb-2025	Srivaari	Open	
1020	SG Foods	SB/QTN/15164/2024-25	18-Feb-2025	Srivaari	Open	
1021	Oil Palm India Ltd	SB/QTN/15162/24-25	15-Feb-2025	Amit B	Open	
1022	HIGAIN FEEDS & FARMS P LTD	STF/QTN/2087/2024-25	14-Feb-2025	Srivaari	Open	
1023	KEVYS GENERICS P LTD	STF/QTN/2086/2024-25 NRP	14-Feb-2025	Srivaari	Open	
1024	Shree Mallikarjuna Traders	STF/QTN/2085-F/24-25	13-Feb-2025	Amit B	Open	
1025	FAST AND FRESH LAUNDRY SERVICES	SB/QTN/15159/24-25	13-Feb-2025	Sales Desk	Open	
1026	Premier Explosive Ltd	2075BR1-F	13-Feb-2025	BDM Hyderabd	Open	
1027	VEENA RUBBER INDUSTRIES	SB/QTN/15157/2024-25 F	12-Feb-2025	Srivaari	Open	
1028	Fortune Engineers	2083	12-Feb-2025	BDM Hyderabd	Open	
1029	Kammac Projects	STF/QTN/2084-NRP/24-25	12-Feb-2025	Amit B	Open	
1030	HETSYM PHARMA PVT. LTD	15156	10-Feb-2025	BDM Hyderabd	Open	
1031	M/S KAPROLL PETROLUBES	STF/QTN/2034 F/2024-25-R1	07-Feb-2025	Srivaari	Open	
1032	Urban Rivet Clothing Co	SB/QTN/15150/2024-25	07-Feb-2025	Sales Desk	Open	
1033	SRI VEEREENDAR FRUIT BARS	STF/QTN/2078 -R2-F/2024-25	05-Feb-2025	Srivaari	Open	
1034	Sri Vinayaka Agro Food	SB/QTN/15140-R2-F/2024-25	05-Feb-2025	Srivaari	Open	
1035	Pankaj Kumar	STF/QTN/2082 F/2024-25	05-Feb-2025	Srivaari	Open	
1036	Premier Explosive Ltd	2075B	01-Feb-2025	BDM Hyderabd	Open	
1037	Neotech Boilers Pvt Ltd	STF/QTN/2081 F/2024-25-NRP-R1	01-Feb-2025	Srivaari	Open	
1038	Murthy Engineering Works	15144B	01-Feb-2025	BDM Hyderabd	Open	
1039	Murthy Engineering Works		01-Feb-2025	BDM Hyderabd	Open	
1040	Premier Explosive Ltd	2075A-R1	01-Feb-2025	BDM Hyderabd	Open	
1041	Murthy Engineering Works	15144A	01-Feb-2025	BDM Hyderabd	Open	
1042	Sri Laxmi Food Products	SB/QTN/13375 A/2025-26	31-Jan-2025	BDM Hyderabd	Open	
1043	PYRAMID WHITE CLOUD PRIVATE LTD	STF/QTN/2080F/2024-25	29-Jan-2025	Srivaari	Open	
1044	Sai Venkateshwara Packaging		29-Jan-2025	Amit B	Open	
1045	Suman Vatika Foods Products	STF/QTN/2079-F/24-25	28-Jan-2025	Amit B	Open	
1046	VITAL SYNTHETIC LABS	STF/QTN/2077 F/2024-25	27-Jan-2025	Srivaari	Open	
1047	Ultralite AAC Blocks		25-Jan-2025	Srivaari	Open	
1048	Premier Explosive Ltd	2075	25-Jan-2025	BDM Hyderabd	Open	
1049	Ravinder Kumar Jain	STF/QTN/2072-F/24-25	24-Jan-2025	Amit B	Open	
1050	PRADEEP SAHOO	STF/QTN/2073 F/2024-25	24-Jan-2025	Srivaari	Open	
1051	Brahma Enterprise	STF/QTN/2061-B-F/24-25	24-Jan-2025	Amit B	Open	
1052	S2 Engineering Industry Pvt Ltd.	2074	24-Jan-2025	BDM Hyderabd	Open	
1053	Suryas Exports Pvt Ltd	15133	24-Jan-2025	BDM Hyderabd	Open	
1054	Maa Purna Rice Mill	STF/QTN/1027-R1BK/24-25	23-Jan-2025	Sales Desk	Open	
1055	Hincha	STF/QTN/2071 F/2024-25	23-Jan-2025	Srivaari	Open	
1056	Hincha	SB/QTN/15131 AF/204-25	23-Jan-2025	Srivaari	Open	
1057	M/s Vidgas life sciences pvt ltd	14993R3	23-Jan-2025	BDM Hyderabd	Open	
1058	M S TRADERS	SB/QTN/15129/2024-25-R2	23-Jan-2025	Srivaari	Open	
1059	Maa Purna Rice Mill	STF/1027-R1-F/24-25	22-Jan-2025	Amit B	Open	
1060	Kartheek	SB/QTN/15130/2024-25	22-Jan-2025	Srivaari	Open	
1061	M S TRADERS	SB/QTN/15129/2024-25	21-Jan-2025	Srivaari	Open	
1062	NEOTECH ENERGY SYSTEMS PVT LTD	STF/QTN/2069/2024-25-NRP	20-Jan-2025	Srivaari	Open	
1063	Neotech Boilers Pvt Ltd	STF/QTN/2069/2024-25-NRP	20-Jan-2025	Srivaari	Open	
1064	Neotech Boilers Pvt Ltd	SB/QTN/15126-NRP/24-25	19-Jan-2025	Amit B	Open	
1065	Project Perfect Engineering Works	SB/QTN/14826-C-R3/24-25	18-Jan-2025	Sales Desk	Open	
1066	Venkateshwara Silk Dyeing Work	STF/QTN/2068F/2024-25	18-Jan-2025	Srivaari	Open	
1067	Nissi Energy Engineering Services	2067	18-Jan-2025	BDM Hyderabd	Open	
1068	Neotech Boilers Pvt Ltd	STF/QTN/2066-NRP/24-25	18-Jan-2025	Amit B	Open	
1069	Rajesh Kumar Gupta	SB/QTN/15124 F/2024-25	17-Jan-2025	Srivaari	Open	
1070	S N ENGINEERING	STF/QTN/2064 F/2024-25	17-Jan-2025	Srivaari	Open	
1071	S N ENGINEERING	STF/QTN/2065 F/2024-25	17-Jan-2025	Srivaari	Open	
1072	M K ENGINEERING WORKS	SB/QTN/15121/2024-25	16-Jan-2025	Srivaari	Open	
1073	SHARVANI LIFESCIENCES PVT LTD	SB/QTN/15121/2024-25	16-Jan-2025	Sales Desk	Open	
1074	Brahma Enterprise		14-Jan-2025	Amit B	Open	
1075	Brahma Enterprise	STF/QTN/2061-F/24-25	14-Jan-2025	Amit B	Open	
1076	UBL AGRO PRODUCTS	SB/QTN/15118B- R2-F/2024-25	14-Jan-2025	Srivaari	Open	
1077	Priyanka Refinery Pvt. Ltd	STF/QTN/2062 F/2024-25	13-Jan-2025	Srivaari	Open	
1078	Saha Enterprise And Engineering Nadia	SB/QTN/15120F/2024-25	13-Jan-2025	Srivaari	Open	
1079	Omprakash Nishad	SB/QTN/15119-CP-F/24-25	12-Jan-2025	Amit B	Open	
1080	KOMALA TRADERS	SB/QTN/15095/2024-25-R2	11-Jan-2025	Srivaari	Open	
1081	Indus Mega Food Park Pvt Ltd	SB/QTN/15089-R2-F/24-25	10-Jan-2025	Amit B	Open	
1082	SYNDIC CONSULTING ENGINEERS & TECHNOLOGIES PVT LTD	15114B	10-Jan-2025	BDM Hyderabd	Open	
1083	UBL AGRO PRODUCTS	SB/QTN/15118 F/2024-25	09-Jan-2025	Srivaari	Open	
1084	UBL AGRO PRODUCTS		09-Jan-2025	Amit B	Open	
1085	Brahma Enterprise	STF/QTN/2061 F/2024-25	09-Jan-2025	Srivaari	Open	
1086	Pravasha Agro industry	STF/QTN/2059-R2-F/2024-25-R1	09-Jan-2025	Srivaari	Open	
1087	PRO BIOTECH	SB/QTN/15113 DF/2024-25	08-Jan-2025	Srivaari	Open	
1088	Test		08-Jan-2025	Amit B	Open	
1089	Test		08-Jan-2025	Amit B	Open	
1090	Vaishnavi Paper LLP	STF/QTN/2046-BF/2024-25-R2	08-Jan-2025	Srivaari	Open	
1091	PRO BIOTECH	SB/QTN/15113 CF/2024-25	08-Jan-2025	Srivaari	Open	
1092	Chrome Pint Pack	STF/QTN/2060F/2024-25	08-Jan-2025	Srivaari	Open	
1093	Test		08-Jan-2025	Amit B	Open	
1094	Test		08-Jan-2025	Amit B	Open	
1095	Test		08-Jan-2025	Amit B	Open	
1096	Srinivasa Industries	2058	07-Jan-2025	BDM Hyderabd	Open	
1097	Pravasha Dairy	STF/QTN/2059 F/2024-25	07-Jan-2025	Srivaari	Open	
1098	Debabrata Pain	SB/QTN/15114 F/2024-25	06-Jan-2025	Srivaari	Open	
1099	ABHINANDAN DAS	STF/QTN/2057 F/2024-25	06-Jan-2025	Srivaari	Open	
1100	PRO BIOTECH	SB/QTN/15113-BF/2024-25	06-Jan-2025	Srivaari	Open	
1101	Wall Online Point	SB/QTN/15116 F/2024-25	06-Jan-2025	Srivaari	Open	
1102	Triumphant Industries	STF/QTN/2056 F/2024-25	06-Jan-2025	Srivaari	Open	
1103	PRO BIOTECH	SB/QTN/15113 AF/2024-25-R1	06-Jan-2025	Srivaari	Open	
1104	Manish Kumar	SB/QTN/2055F/2024-25	06-Jan-2025	Srivaari	Open	
1105	PRO BIOTECH	SB/QTN/15113-AF/2024-25	06-Jan-2025	Srivaari	Open	
1106	Jawed Garments	SB/QTN/15115 F/2024-25	06-Jan-2025	Srivaari	Open	
1107	RB Hataryers	SB/QTN/15108F/2024-25	04-Jan-2025	Srivaari	Open	
1108	SAURAV BHARDWAJ	SB/QTN/15110F/2024-25	04-Jan-2025	Srivaari	Open	
1109	Veera Enterprises.	SB/QTN/15109F/2024-25	04-Jan-2025	Srivaari	Open	
1110	Sandeep	SB/QTN/15107F/2024-25	04-Jan-2025	Srivaari	Open	
1111	Brick Field	SB/QTN/15106F/2024-25	04-Jan-2025	Srivaari	Open	
1112	Vinod Sahu	STF/QTN/2054F/2024-25	04-Jan-2025	Srivaari	Open	
1113	RAMANTA OVERSEAS	STF/QTN/2053F/2024-25	04-Jan-2025	Srivaari	Open	
1114	SHIVRAM AGRO INDUSTRIES	STF/QTN/2053 F/2024-25	03-Jan-2025	Srivaari	Open	
1115	R RAVI	SB/QTN/15103 F/2024-25-R1	01-Jan-2025	Srivaari	Open	
1116	Raj Kishan Yadav	STF/QTN/2051 F/2024-25	31-Dec-2024	Srivaari	Open	
1117	Sahu Traders	STF/QTN/2050-F/2024-25	31-Dec-2024	Srivaari	Open	
1118	R RAVI	SB/QTN/15103/2024-25	31-Dec-2024	Srivaari	Open	
1119	R RAVI	SB/QTN/15104/ 2024-25	31-Dec-2024	Srivaari	Open	
1120	Pintoo	SB/QTN/15105 F/2024-25	31-Dec-2024	Srivaari	Open	
1121	JE Innovative Enigneering Pvt Ltd	STF/QTN/1060-B-R1-F/24-25	31-Dec-2024	Srivaari	Open	
1122	Prem Singh	SB/QTN/15102 F/2024-25	31-Dec-2024	Srivaari	Open	
1123	laxmi rail infra pvt ltd	2053	31-Dec-2024	BDM Hyderabd	Open	
1124	MAMTA NANDI	SB/QTN/150101 F/2024-25	30-Dec-2024	Srivaari	Open	
1125	SAPOI TEA ESTATE	SB/QTN/15100 F/2024-25	30-Dec-2024	Srivaari	Open	
1126	COSMIC FOOD PRODUCTS	SB/QTN/1062-R4/24-25	30-Dec-2024	Amit B	Open	
1127	Hoster Labs Pvt. Ltd.	SB/QTN/15096/2024-25	27-Dec-2024	Srivaari	Open	
1128	JLS LABORATORIES P LTD	STF/QTN/2018-B-R2-BK/24-25	27-Dec-2024	Amit B	Open	
1129	RAMANJENEYA RICE MILL	STF/QTN/2049 B F /2024-25	25-Dec-2024	Srivaari	Open	
1130	Oil Palm India Ltd		24-Dec-2024	Amit B	Open	
1131	NORTH BENGAL PLY	STF/QTN/2048 F/2024-25	23-Dec-2024	Srivaari	Open	
1132	Trimurti Foodtech Private Limited	SB/QTN/15094 F/2024	23-Dec-2024	Srivaari	Open	
1133	Dorasani Life Sciences Pvt Ltd	STF/QTN/2047 F/2024-25	23-Dec-2024	Srivaari	Open	
1134	Dorasani Life Sciences Pvt Ltd		22-Dec-2024	Amit B	Open	
1135	Nosch Labs	SB/QTN/15090/24-25	19-Dec-2024	Sales Desk	Open	
1136	VANNSH LIFE SCIENCES Pvt. Ltd.	SB/QTN/15091 F/ 2024-25	19-Dec-2024	Srivaari	Open	
1137	Oxygenta Pharmaceutical Ltd		18-Dec-2024	Srivaari	Open	
1138	GHANSHYAM CHEMICAL	SB/QTN/15087 F/2024-25	18-Dec-2024	Srivaari	Open	
1139	Neotech Boilers Pvt Ltd	SB/QTN/15080/2024-25 -R2 DNP	18-Dec-2024	Srivaari	Open	
1140	Oxygenta Pharmaceutical Ltd	SB/QTN/15088 F/2024-25	18-Dec-2024	Srivaari	Open	
1141	Tulsi Fabric	STF/QTN/2045 AF/ 2024-25	13-Dec-2024	Srivaari	Open	
1142	Tulsi Fabric	SB/QTN/2045 BF/2024-25	13-Dec-2024	Srivaari	Open	
1143	SARKAR PLYWOOD	STF/QTN/2041 BF/2024-25-R1	13-Dec-2024	Srivaari	Open	
1144	M/s. Sri Monashi Life Sciences Pvt Ltd	1047B	12-Dec-2024	BDM Hyderabd	Open	
1145	Salicilates and Chemicals	15086	12-Dec-2024	BDM Hyderabd	Open	
1146	Rr Rubber	2045-SB-SF-150	12-Dec-2024	BDM Hyderabd	Open	
1147	CO3 Enterprise Private Limited	STF/QTN/2042 F/2024-25	11-Dec-2024	Srivaari	Open	
1148	Fortune Engineers	2031-Final Offer	11-Dec-2024	BDM Hyderabd	Open	
1149	Fortune Engineers	2035B	11-Dec-2024	BDM Hyderabd	Open	
1150	Sree Vishnu Chemicals	SB/QTN/15084/24-25	10-Dec-2024	Sales Desk	Open	
1151	SARKAR PLYWOOD	STF/QTN/2041 BF/2024-25	10-Dec-2024	Srivaari	Open	
1152	SARKAR PLYWOOD	STF/QTN/2041 AF/2024-25	10-Dec-2024	Srivaari	Open	
1153	Zonetech	2023R2	10-Dec-2024	BDM Hyderabd	Open	
1154	M/s Vilasitha Chicken Processing Plant	15014B	09-Dec-2024	BDM Hyderabd	Open	
1155	Neotech Boilers Pvt Ltd	STF/QTN/2039F/2024-25	09-Dec-2024	Srivaari	Open	
1156	Sai Sanjus Seeds	STF/QTN/2040 F/2024-25	09-Dec-2024	Srivaari	Open	
1157	Aisha Enterprise	SB/QTN/15083 F/2024-25	09-Dec-2024	Srivaari	Open	
1158	Hygenus Bioceutical Pvt Ltd	2011B-R3-FINAL NO REGRET	07-Dec-2024	BDM Hyderabd	Open	
1159	Hygenus Bioceutical Pvt Ltd		06-Dec-2024	BDM Hyderabd	Open	
1160	Hygenus Bioceutical Pvt Ltd	2011B-R2	06-Dec-2024	BDM Hyderabd	Open	
1161	BEST ENGINEERING TECHNOLOGIES	SB/QTN/14231B-R3/23-24	04-Dec-2024	Sales Desk	Open	
1162	Trendy Foods Pvt Ltd	SB/QTN/15058-R1-F/24-25	04-Dec-2024	Amit B	Open	
1163	Zonetech	2023R1	04-Dec-2024	BDM Hyderabd	Open	
1164	M/s.SAI NIKHIL PHARMA	1082A-R1-FINAL	04-Dec-2024	BDM Hyderabd	Open	
1165	Hygenus Bioceutical Pvt Ltd	2011B-R1	04-Dec-2024	BDM Hyderabd	Open	
1166	Feedwala ( OPC ) Pvt Ltd	SB/QTN/15081B F/2024-25	04-Dec-2024	Srivaari	Open	
1167	Feedwala ( OPC ) Pvt Ltd	SB/QTN/15081A F/2024-25	04-Dec-2024	Srivaari	Open	
1168	Kartik Puri	STF/QTN/2037 F/2024-25	02-Dec-2024	Srivaari	Open	
1169	GOLDEN SEAM INDUSTRIES lTD	SB/QTN/15062/2024-25	02-Dec-2024	Srivaari	Open	
1170	Nagarjuna Cerachem (P) Ltd	SB/QTN/15063/24-25	02-Dec-2024	Sales Desk	Open	
1171	Indrabhayi Industries Pvt Ltd	SB/QTN/15029B-F/24-25	02-Dec-2024	Amit B	Open	
1172	Sri Sai Ram Packaging		30-Nov-2024	Amit B	Open	
1173	Rakhumai Engineering services	STF/QTN/2035 F/2024-25	29-Nov-2024	Srivaari	Open	
1174	Healthy Honest Foods Pvt. Ltd.	STF/QTN/2020B F/2024-25	29-Nov-2024	Srivaari	Open	
1175	TS Kapoor Lubs	STF/QTN/2034 F/2024-25	29-Nov-2024	Srivaari	Open	
1176	Gandhi Mini Rice Mill	STF/QTN/2033 F/2024-25	28-Nov-2024	Srivaari	Open	
1177	VANNSH LIFESCIENCES	SB/QTN/15060/24-25	28-Nov-2024	Sales Desk	Open	
1178	Healthy Honest Foods Pvt. Ltd.		28-Nov-2024	Amit B	Open	
1179	Hygenus Bioceutical Pvt Ltd	STF/QTN/2011 B/2024-25	28-Nov-2024	Srivaari	Open	
1180	Suan Scientific Instruments & Equipments,	SB/QTN/15059/2024-25	28-Nov-2024	Srivaari	Open	
1181	Compass India Food Services Pvt. Ltd	SB/QTN/15055/24-25	27-Nov-2024	Amit B	Open	
1182	Neotech Boilers	SB/QTN/15057/2024-25	27-Nov-2024	Srivaari	Open	
1183	SVS Industries	STF/QTN/2031/2024-25	25-Nov-2024	Srivaari	Open	
1184	Agro Syndicate	STF/QTN/2032 F/2024-25	25-Nov-2024	Srivaari	Open	
1185	JK LIFE CARE CENTERS	SB/QTN/14704-R2-F/23-24	22-Nov-2024	Amit B	Open	
1186	Himalaya Wellness Company	STF/QTN/2029 F/2024-25	22-Nov-2024	Srivaari	Open	
1187	Madhu Engineering Work	SB/QTN/15053-F/2024-25	22-Nov-2024	Srivaari	Open	
1188	Eshwar Enterprises	STF/QTN/2028-F/2024-25	21-Nov-2024	Srivaari	Open	
1189	Eshwar Enterprises	STF/QTN/2028-F/2024-25	21-Nov-2024	Srivaari	Open	
1190	Creamline Dairy Products Ltd	SB/QTN/15051-F/2024-25	21-Nov-2024	Srivaari	Open	
1191	Yuvan Food Products	SB/QTN/15050 F/2024-25	21-Nov-2024	Srivaari	Open	
1192	Eshwar Enterprises	STF/QTN/2028-F/2024-25	21-Nov-2024	Srivaari	Open	
1193	SSB Bricks	SB/QTN/150449/2024-25	21-Nov-2024	Srivaari	Open	
1194	Hoster Labs Pvt. Ltd.	SB/QTN/15052/24-25	21-Nov-2024	Sales Desk	Open	
1195	SS Engineers India	SB/QTN/15046-F/2024-25-R1	20-Nov-2024	Srivaari	Open	
1196	Premier Explosive Ltd	STF/QTN/2002-B-F/2024-25	19-Nov-2024	Srivaari	Open	
1197	Sri Vinayaka Textile Processors	SB/QTN/15044/2024-25	19-Nov-2024	Srivaari	Open	
1198	KBT Enterprise	STF/QTN/2026 F/2024-25	19-Nov-2024	Srivaari	Open	
1199	Nosch Labs	SB/QTN/15042/2024-25	19-Nov-2024	Srivaari	Open	
1200	Coastal Laboratories	2025/24-25	18-Nov-2024	BDM Hyderabd	Open	
1201	DEEPAK SEEDS	STF/QTN/2024 F/ 2024-25	15-Nov-2024	Srivaari	Open	
1202	Ideal Detonators		14-Nov-2024	Amit B	Open	
1203	Zonetech	SB-MF-300-2023/24-25	14-Nov-2024	BDM Hyderabd	Open	
1204	Shubh Labh Milk Foods	STF/QTN/2022 F/2024-25	14-Nov-2024	Srivaari	Open	
1205	Ideal Detonators	STF/QTN/2021 F/2024-25	14-Nov-2024	Srivaari	Open	
1206	Shubh Labh Milk Foods	STF/QTN/2022 F/2024-25-R1	14-Nov-2024	Amit B	Open	
1207	Healthy Honest Foods Pvt. Ltd.	STF/QTN/2020 F/2024-25	11-Nov-2024	Srivaari	Open	
1208	Healthy Honest Foods Pvt. Ltd.		11-Nov-2024	Amit B	Open	
1209	Sripati Labs	15032/QTN/2024-25	11-Nov-2024	Srivaari	Open	
1210	chakra chem life science pvt ltd	14274D-FINAL/24-25	11-Nov-2024	BDM Hyderabd	Open	
1211	Swarnima Organics Pvt. Ltd.	SB/QTN/15038 F/2024-25	08-Nov-2024	Srivaari	Open	
1212	Hetero infra ltd	SB/QTN/15035-F/24-25	08-Nov-2024	Amit B	Open	
1213	Keshava Ganapathi Ecosolutions	15036F	08-Nov-2024	BDM Hyderabd	Open	
1214	chakra chem life science pvt ltd	FINAL-14247C/2024-25	07-Nov-2024	BDM Hyderabd	Open	
1215	Nikhita Laboratories	FINAL-2015/2024-2025	07-Nov-2024	BDM Hyderabd	Open	
1216	JLS LABORATORIES P LTD	STF/QTN/2018-A-F/24-25	05-Nov-2024	Amit B	Open	
1217	JLS LABORATORIES P LTD		05-Nov-2024	Amit B	Open	
1218	Brilliant Bio Pharma Pvt Ltd,	1067F-SBH-OF	04-Nov-2024	BDM Hyderabd	Open	
1219	UBIC LIFE SCIENCES	1026A	04-Nov-2024	BDM Hyderabd	Open	
1220	Sripati Labs	SB/QTN/15032-F/24-25	04-Nov-2024	Amit B	Open	
1221	Progressive Agro Products	SB/QTN/15030-F/24-25	31-Oct-2024	Amit B	Open	
1222	MOUNIKA SEEDS	STF/QTN/2011-F/24-25	30-Oct-2024	Amit B	Open	
1223	Nasense Labs Private Limited	1099B	29-Oct-2024	BDM Hyderabd	Open	
1224	Nasense Labs Private Limited	1099B	28-Oct-2024	BDM Hyderabd	Open	
1225	Nikhita Laboratories	2015	26-Oct-2024	BDM Hyderabd	Open	
1226	VASPET RECYCLING PVT. LTD	SB/QTN/15025-F/24-25	25-Oct-2024	Amit B	Open	
1227	Kalpana Chemicals Pvt Ltd	15024	24-Oct-2024	BDM Hyderabd	Open	
1228	Jaya Chickes Co. Pvt. Ltd	SB/QTN/15023-F/24-25	23-Oct-2024	Amit B	Open	
1229	Harika Packaging	SB/QTN/15022-F/24-25	23-Oct-2024	Amit B	Open	
1230	Hygenus Bioceutical Pvt Ltd	STF/QTN/2011/24-25	22-Oct-2024	Devansh Trivedi	Open	
1231	Shri Girja Concrete Works	SB/QTN/15020-R1-F/24-25	21-Oct-2024	Amit B	Open	
1232	Mahakal Papad Udyog	STF/QTN/2010-F/24-25	21-Oct-2024	Amit B	Open	
1233	Aditya Medi	SB/QTN/15018-R1-F/24-25	19-Oct-2024	Amit B	Open	
1234	DLP ENGG & ENTERPRISES	15017B	19-Oct-2024	BDM Hyderabd	Open	
1235	Coastal Foods	1096BR1	19-Oct-2024	BDM Hyderabd	Open	
1236	Viwynpharma pvt ltd	SB/QTN/15020/24-25	18-Oct-2024	Sales Desk	Open	
1237	Brilliant Bio Pharma Pvt Ltd,	1067D-R1	18-Oct-2024	BDM Hyderabd	Open	
1238	GHLS PRIVATE LIMITED	14410R5	16-Oct-2024	BDM Hyderabd	Open	
1239	New Genics Labs P Ltd	STF/QTN/2009/2024-25	16-Oct-2024	Srivaari	Open	
1240	Nasense Labs Private Limited	1099 R2	15-Oct-2024	BDM Hyderabd	Open	
1241	Fineday Agro Private Limited	STF/QTN/2008-F/2024-25	15-Oct-2024	Srivaari	Open	
1242	Sri Laxmi Trading Company	SB/QTN/15019-B-F/24-25	14-Oct-2024	Amit B	Open	
1243	Best Engineering Technologies	STF/QTN/2001-F/24-25	14-Oct-2024	Amit B	Open	
1244	Premier Explosive Ltd	STF/QTN/2002-F/24-25	14-Oct-2024	Amit B	Open	
1245	M/s Vilasitha Chicken Processing Plant	15014	09-Oct-2024	BDM Hyderabd	Open	
1246	Nasense Labs Private Limited	1099A	08-Oct-2024	BDM Hyderabd	Open	
1247	Nasense Labs Private Limited	1099B	05-Oct-2024	BDM Hyderabd	Open	
1248	Nasense Labs Private Limited	1099A	05-Oct-2024	BDM Hyderabd	Open	
1249	Dayalal Jabwani	15016	04-Oct-2024	BDM Hyderabd	Open	
1250	M/s Vilasitha Chicken Processing Plant	15014	03-Oct-2024	BDM Hyderabd	Open	
1251	Carba Impacts	14951R1	01-Oct-2024	BDM Hyderabd	Open	
1252	Sree Nandini Polymers	1098	01-Oct-2024	BDM Hyderabd	Open	
1253	Carba Impacts	14951R1	01-Oct-2024	BDM Hyderabd	Open	
1254	Vikrama Innovative Technologies	10511B	01-Oct-2024	BDM Hyderabd	Open	
1255	M/s MK POLYPET INDIA PVT LTD	1097	30-Sep-2024	BDM Hyderabd	Open	
1256	Shree Nidhi Oil Product	15012	30-Sep-2024	BDM Hyderabd	Open	
1257	Swarna Beverages	15013	30-Sep-2024	BDM Hyderabd	Open	
1258	M/s. Srivilas Hydrotech Private Limited	14994R1	30-Sep-2024	BDM Hyderabd	Open	
1259	M/s. Srivilas Hydrotech Private Limited	14994R1	30-Sep-2024	BDM Hyderabd	Open	
1260	Coastal Foods	1096	30-Sep-2024	BDM Hyderabd	Open	
1261	Coastal Foods	1096	28-Sep-2024	BDM Hyderabd	Open	
1262	Mr Ganesh Hullahalli	SB/QTN/15011/2024-25	27-Sep-2024	Sales Desk	Open	
1263	Mr Ganesh Hullahalli	SB/QTN/15011 B/2024-25	27-Sep-2024	Sales Desk	Open	
1264	Vikrama Innovative Technologies	10511	26-Sep-2024	BDM Hyderabd	Open	
1265	House Of Oils	14825R1	26-Sep-2024	BDM Hyderabd	Open	
1266	Vaishnavi Agro Industries	STF/QTN/1088 B-F/2024-25	26-Sep-2024	Srivaari	Open	
1267	M/s Maitree Rice mill	1095	26-Sep-2024	BDM Hyderabd	Open	
1268	3SB INDUSTRIES PVT LTD	STF/QTN/1094-F/24-25	26-Sep-2024	Amit B	Open	
1269	Supra Engineering	SB/QTN/15010-F/24-25	25-Sep-2024	Amit B	Open	
1270	Growell Agrochemical Industries	1092	25-Sep-2024	BDM Hyderabd	Open	
1271	Sun Agro Foods & Exports Limited	STF/QTN/1093-F/2024-25	25-Sep-2024	Srivaari	Open	
1272	M/s. Srivilas Hydrotech Private Limited	15009B	25-Sep-2024	BDM Hyderabd	Open	
1273	Vikrama Innovative Technologies	1090	24-Sep-2024	BDM Hyderabd	Open	
1274	Anwita Drugs and Chemicals Pvt Ltd	1091	24-Sep-2024	BDM Hyderabd	Open	
1275	Regional Agricultural Research Station,	15008	24-Sep-2024	BDM-AP-TS	Open	
1276	Sri Sai Ram Packaging	STF/QTN/1089-B	23-Sep-2024	Srivaari	Open	
1277	COSMIC FOOD PRODUCTS	STF/QTN/1062-R3-F/24-25	23-Sep-2024	Srivaari	Open	
1278	Rk Traders	SB/QTN/15007-F/24-25	23-Sep-2024	Srivaari	Open	
1279	Ashish singh	SB/QTN/15006-F/2024-25	23-Sep-2024	Srivaari	Open	
1280	Sri Sai Ram Packaging		23-Sep-2024	Amit B	Open	
1281	Ultra washtex pvt.ltd	STF/QTN/1079-B-F/2024-25	20-Sep-2024	Srivaari	Open	
1282	M/s Ganapathi Rice Industries	1084R1	19-Sep-2024	BDM Hyderabd	Open	
1283	Enrich Biotech	SB/QTN/15003-F/24-25	18-Sep-2024	Srivaari	Open	
1284	SRIVILLAS HYDROTECH PVT LTD	SB/QTN/14994/2024-25	18-Sep-2024	Sales Desk	Open	
1285	Shriram Frozen Foods	STF/QTN/1076-D-R3-F/2024-25	18-Sep-2024	Srivaari	Open	
1286	M/s Vidgas life sciences pvt ltd	14993R1	18-Sep-2024	BDM Hyderabd	Open	
1287	M/s Ganapathi Rice Industries	1084	17-Sep-2024	BDM Hyderabd	Open	
1288	OEM SREE GANESH ERECTORS AND FABRICATORS	15002	17-Sep-2024	BDM Hyderabd	Open	
1289	Sri Vishnu Seeds	STF/QTN/1083-F/24-25	15-Sep-2024	Amit B	Open	
1290	M/s.SAI NIKHIL PHARMA	1082B	14-Sep-2024	BDM Hyderabd	Open	
1291	Sree Bharati Bio Generatics Pvt. Ltd	STF/QTN/1049-R2-F/24-25	12-Sep-2024	Amit B	Open	
1292	Tanna Chemicals	STF/QTN/1081-F/2024-25	12-Sep-2024	Srivaari	Open	
1293	ACURE BIOSCIENCES PVT LTD	SB/QTB/15001-F/2024-25	12-Sep-2024	Srivaari	Open	
1294	Maitree Rice Mill	STF/QTN/1080 F/2024-25	12-Sep-2024	Srivaari	Open	
1295	Maitree Rice Mill	STF/QTN/1080 F/2024-25	12-Sep-2024	Srivaari	Open	
1296	Ultra Dimension Private Limited	STF/QTN/1079-F/2024-25	12-Sep-2024	Srivaari	Open	
1297	Flowline	15000	10-Sep-2024	BDM Hyderabd	Open	
1298	OEM SREE GANESH ERECTORS AND FABRICATORS	1078	10-Sep-2024	BDM Hyderabd	Open	
1299	Kaveri Hardware	SB/QTN/14999-F/2024-25	10-Sep-2024	Srivaari	Open	
1300	Bera Enterprises	SB/QTN/14998-F/2024-25	09-Sep-2024	Srivaari	Open	
1301	RE Sustainability Limited,	14996	08-Sep-2024	BDM Hyderabd	Open	
1302	Naidu dairy	SB/QTN/14995-F/24-25	05-Sep-2024	Srivaari	Open	
1303	Shriram Frozen Foods	STF/QTN/1076-B-F/2024-25	05-Sep-2024	Srivaari	Open	
1304	M/s Vidgas life sciences pvt ltd	14993-Commercial	05-Sep-2024	BDM Hyderabd	Open	
1305	Nosch Labs Private Limited	SB/QTN/14991/24-25	04-Sep-2024	Sales Desk	Open	
1306	Ram Kowshik Malayanur		04-Sep-2024	BDM Hyderabd	Open	
1307	OMALLOY CASTING	14992	03-Sep-2024	BDM Hyderabd	Open	
1308	OMALLOY CASTING	SB/QTN/14989/24-25	31-Aug-2024	Sales Desk	Open	
1309	Ravoos Laboratories Pvt Ltd	STF/QTN/1072-B-F/24-25	29-Aug-2024	Amit B	Open	
1310	Indus Plywood	STF-QTN/1071-F/24-25	29-Aug-2024	Amit B	Open	
1311	Brilliant Bio Pharma Pvt Ltd,	1067D	26-Aug-2024	BDM Hyderabd	Open	
1312	Alkaloids Pvt Ltd	SB/QTN/14490-R6-F/24-25	23-Aug-2024	Amit B	Open	
1313	Paramount Communications Ltd.	SB/QTN/14989-F/24-25	23-Aug-2024	Srivaari	Open	
1314	DEEPAK NITRITE LIMITED	14978B -R2	21-Aug-2024	BDM Hyderabd	Open	
1315	Brilliant Bio Pharma Pvt Ltd,	1067C	20-Aug-2024	BDM Hyderabd	Open	
1316	Ramdhan Laundries	STF/QTN/1070-F/24-25	19-Aug-2024	Amit B	Open	
1317	Flowline	1066	17-Aug-2024	BDM Hyderabd	Open	
1318	chakra chem life science pvt ltd	14247C	17-Aug-2024	BDM Hyderabd	Open	
1319	Flakely Polymers Pvt. Ltd	SB/QTN/14983-R-1-F/24-25	17-Aug-2024	Srivaari	Open	
1320	K A BOARDS	STF/QTN/1069-F/2024-25	16-Aug-2024	Srivaari	Open	
1321	chakra chem life science pvt ltd		16-Aug-2024	BDM Hyderabd	Open	
1322	K A BOARDS	STF/QTN/1065-B-F/2024-25	13-Aug-2024	Srivaari	Open	
1323	chakra chem life science pvt ltd	14247C	13-Aug-2024	BDM Hyderabd	Open	
1324	SD ENTERPRISES	SB/QTN/1064-A- F/2024-25	12-Aug-2024	Srivaari	Open	
1325	SD ENTERPRISES	STF/QTN/1064 B-F/2024-25	12-Aug-2024	Srivaari	Open	
1326	Tarini Chemical Industries	STF/QTN/1063/24-25	10-Aug-2024	Srivaari	Open	
1327	ZIHWA FOODS PVT. LTD	SB/QTN/14830 C-F/2024-25	10-Aug-2024	Srivaari	Open	
1328	Karimnagar Dairy	STF/QTN/1061-R1-F /2024-25	09-Aug-2024	Srivaari	Open	
1329	Vera Life Sciences	14836R3	09-Aug-2024	BDM Hyderabd	Open	
1330	M/s Sarvodaya	15000	08-Aug-2024	BDM Hyderabd	Open	
1331	M/s Sathavahana Breeding & Hatcheries P Ltd	15002	08-Aug-2024	BDM Hyderabd	Open	
1332	DEEPAK NITRITE LIMITED	14978B -R1	06-Aug-2024	BDM Hyderabd	Open	
1333	KSR Modern Rice Mill	SB/QTN/15678-F /24-25	03-Aug-2024	Sales Desk	Open	
1334	Maha Fresh Fruits Products	SB/QTN/1053-R3-F/24-25	02-Aug-2024	Amit B	Open	
1335	knovea pharmacutical	1013B	02-Aug-2024	BDM Hyderabd	Open	
1336	Sidhi Vinayak Plastic Industry	SB/QTN/14982-R1/24-25	31-Jul-2024	Devansh Trivedi	Open	
1337	Neprofa Technologies Pvt. Ltd	STF/QTN/1059B-F/24-25	31-Jul-2024	Srivaari	Open	
1338	Sidhi Vinayak Plastic Industry	SB/QTN/14982-F/24-25	31-Jul-2024	Srivaari	Open	
1339	Neprofa Technologies Pvt. Ltd	STF/QTN/1059-F/24-25	31-Jul-2024	Srivaari	Open	
1340	Dheeraj Kumar Dua	STF/QTN/1058-F/24-25	31-Jul-2024	Srivaari	Open	
1341	Neprofa Technologies Pvt. Ltd	STF/QTN/1059-B-F/24-25	31-Jul-2024	Amit B	Open	
1342	Samasti Foods	SB/QTN/14898-R2-F/24-25	30-Jul-2024	Amit B	Open	
1343	DEEPAK NITRITE LIMITED	14978B	30-Jul-2024	BDM Hyderabd	Open	
1344	Shiv Ganga Namkeen	STF/QTN/1056-F/24-25-R1	30-Jul-2024	Srivaari	Open	
1345	Flowline	14981B	30-Jul-2024	BDM Hyderabd	Open	
1346	BHUVAN BIO ENERGY INDIA PRIVATE LIMITED	SB/QTN/14981-F/2024-25	29-Jul-2024	Srivaari	Open	
1347	DEEPAK NITRITE LIMITED		29-Jul-2024	BDM Hyderabd	Open	
1348	Shiv Ganga Namkeen	STF/QTN/1056-F/24-25	27-Jul-2024	Srivaari	Open	
1349	RAITABANDHU AHHARODYAM PVT LTD		26-Jul-2024	Sales Desk	Open	
1350	Flowline	14981	26-Jul-2024	BDM Hyderabd	Open	
1351	Ecotweet Agriware Private Limited	STF/QTN/1055-F/24-25	26-Jul-2024	Srivaari	Open	
1352	HKM Charitable foundation	14974C	26-Jul-2024	BDM Hyderabd	Open	
1353	Dheeraj Kumar Dua	STF/QTN/1056-F/24-25	26-Jul-2024	Amit B	Open	
1354	Escalate India	STF/QTN/1050-F/24-25	25-Jul-2024	Srivaari	Open	
1355	Vera Life Sciences	14836R2	25-Jul-2024	BDM Hyderabd	Open	
1356	Nitri industries pvt limited	STF/QTN/1054-F/24-25	25-Jul-2024	Srivaari	Open	
1357	HETSYM PHARMA PVT. LTD	STF/QTN/1051-F/24-25	24-Jul-2024	Srivaari	Open	
1358	Green Dhobi	STF/QTN/1041-R4-F/24-25	23-Jul-2024	Amit B	Open	
1359	M/s Sampre Nutrition Limited	STF-GF-300-1052	23-Jul-2024	BDM Hyderabd	Open	
1360	Sri Sai Enterprises	SB/QTN/14980-F/24-25	23-Jul-2024	Srivaari	Open	
1361	AMK SILKS REELING FACTORY	STF/QTN/1051-R1-F/24-25	23-Jul-2024	Sales Desk	Open	
1362	Escalate India	STF/QTN/1050-F/24-25	23-Jul-2024	Srivaari	Open	
1363	Sri Sai Enterprises	SB/QTN/14980-F/24-25	23-Jul-2024	Srivaari	Open	
1364	HETSYM PHARMA PVT. LTD	STF/QTN/1051-F/24-25	23-Jul-2024	Srivaari	Open	
1365	Nile Li-Cycle Pvt Ltd	14980B	20-Jul-2024	BDM Hyderabd	Open	
1366	Radha Rani Plywood Industries	STF/1048-F/24-25	20-Jul-2024	Amit B	Open	
1367	DEEPAK NITRITE LIMITED	14978A R1	20-Jul-2024	BDM Hyderabd	Open	
1368	M/s VIWYN PHARMA PVT LTD	14749R1	20-Jul-2024	BDM Hyderabd	Open	
1369	DEEPAK NITRITE LIMITED	14978A	19-Jul-2024	BDM Hyderabd	Open	
1370	Scoat Pharma Private Limited		19-Jul-2024	BDM Hyderabd	Open	
1371	Sai Bhagvan Life Science	SB/QTN/14975/24-25	19-Jul-2024	Sales Desk	Open	
1372	HKM Charitable Trust	14974B	19-Jul-2024	BDM Hyderabd	Open	
1373	M/s Nagarjuna Cerachem (P) Ltd	1048	19-Jul-2024	BDM Hyderabd	Open	
1374	RAITABANDHU AHHARODYAM PVT LTD	SB/QTN/14976 B/24-25	19-Jul-2024	Sales Desk	Open	
1375	SSB BRICKS	SB/QTN/14970/24-25	18-Jul-2024	Devansh Trivedi	Open	
1376	Inovative Engineers	14972	18-Jul-2024	BDM Hyderabd	Open	
1377	Alif Enterprises	STF/QTN/1047-F/2024-25	18-Jul-2024	Srivaari	Open	
1378	Nile Li-Cycle Pvt Ltd	14973	18-Jul-2024	BDM Hyderabd	Open	
1379	Alif Enterprises	STF/QTN/1047-F/24-25	18-Jul-2024	Srivaari	Open	
1380	Vera Life Sciences	14836R1	18-Jul-2024	BDM Hyderabd	Open	
1381	HKM Charitable foundation	14974	18-Jul-2024	BDM Hyderabd	Open	
1382	RS Industries	STF/QTN/1044-F/24-25	18-Jul-2024	Srivaari	Open	
1383	Unar Sheek Nadhu	1045	18-Jul-2024	BDM Hyderabd	Open	
1384	AES Thermal Engineering Pvt Ltd	SB/14970-F/24-25	18-Jul-2024	Amit B	Open	
1385	AES Thermal Engineering Pvt Ltd	SB/QTN/14956-R1-F/24-25	17-Jul-2024	Amit B	Open	
1386	Vijay Durga Rice Mill	SB/QTN/14969/24-25	17-Jul-2024	Sales Desk	Open	
1387	Aradhana Industries	SB/QTN/14968/24-25	17-Jul-2024	Sales Desk	Open	
1388	M/s Mercury Synthsis	14966	17-Jul-2024	BDM Hyderabd	Open	
1389	HKM Charitable foundation	14961	17-Jul-2024	BDM Hyderabd	Open	
1390	M/s ATGC Biotech pvt ltd	14967	17-Jul-2024	BDM Hyderabd	Open	
1391	SHOBHA LIFE SCIENCE PVT LTD	SB/QTN/14964/24-25	16-Jul-2024	Sales Desk	Open	
1392	Neotech Boilers Pvt Ltd	SB/QTN/14963/24-25	16-Jul-2024	Srivaari	Open	
1393	Genetics Biosolutions	SB/QTN/14962/24-25	16-Jul-2024	Srivaari	Open	
1394	Shri Ram Diary	SB/QTN/14961-F/24-25	16-Jul-2024	Srivaari	Open	
1395	Genetics Biosolutions	STF/QTN/1042/24-25	16-Jul-2024	Srivaari	Open	
1396	Kamat Rice Mill	SB/QTN/14960/24-25	16-Jul-2024	Srivaari	Open	
1397	Kamat Rice Mill	SB/QTN/14960-F/24-25	16-Jul-2024	Srivaari	Open	
1398	SRINIVASA ENGINEERING WORK	SB/QTN/14954 R1/2024-25	15-Jul-2024	Sales Desk	Open	
1399	SRINIVASA ENGINEERING WORK	SB/QTN/14954 R1/2024-25	15-Jul-2024	Sales Desk	Open	
1400	JDRS AGRO FOODS PRIVATE LIMITED	SB/QTN/14951-A-F/24-25	15-Jul-2024	Sales Desk	Open	
1401	Sunrise Agro	SB/QTN/14958-F/24-25	13-Jul-2024	Amit B	Open	
1402	Sunrise Agro	SV/QUO/1236/2024-25	13-Jul-2024	Srivaari	Open	
1403	M/S. SCOAT PHARMA PVT LTD	14876R1	12-Jul-2024	BDM Hyderabd	Open	
1404	Kodiyarasu	SB/QTN/14957/2024-25	12-Jul-2024	Srivaari	Open	
1405	Sandeep Kumar	STF/QTN/1040/24-25	11-Jul-2024	Srivaari	Open	
1406	Zeus audio	SB/QTN/14955/2024-25	11-Jul-2024	Srivaari	Open	
1407	SRINIVASA ENGINEERING WORK	SB/QTN/14954/2024-25	10-Jul-2024	Srivaari	Open	
1408	Kanti And Traders	SB/QTN/14953/24-25	09-Jul-2024	Srivaari	Open	
1409	Jalaram Khamand	SB/QTN/14950/24-25	08-Jul-2024	Srivaari	Open	
1410	SSRI LAXMI SAIPRIYA	SB/QTN/14952-F/24-25	08-Jul-2024	Srivaari	Open	
1411	KARIMNAGAR DAIRY	SV/QUO/1235/2024-25	08-Jul-2024	Srivaari	Open	
1412	M/s. Sri Monashi Life Sciences Pvt Ltd	1047	08-Jul-2024	BDM Hyderabd	Open	
1413	US ENTERPRISES	STF/QTN/1039/24-25	08-Jul-2024	Srivaari	Open	
1414	JDRS AGRO FOODS PRIVATE LIMITED	SB/QTN/14951-F/24-25	08-Jul-2024	Srivaari	Open	
1415	Srinivasa Farms Pvt. Ltd	SB/QTN/14953-F/24-25	08-Jul-2024	Amit B	Open	
1416	JDRS AGRO FOODS PRIVATE LIMITED	SB/QTN/14951/24-25	08-Jul-2024	Srivaari	Open	
1417	JDRS AGRO FOODS PRIVATE LIMITED	SB/QTN/14951-F/24-25	08-Jul-2024	Srivaari	Open	
1418	US ENTERPRISES	STF/QTN/1038-F/24-25	08-Jul-2024	Srivaari	Open	
1419	Ramesh Saroganvi	STF/QTN/1038/24-25	03-Jul-2024	Srivaari	Open	
1420	KEP Engineering Services Pvt Ltd	SB/QTN/14946/24-25	03-Jul-2024	Srivaari	Open	
1421	Creamline Dairy Products Ltd	SB/QTN/14948-F/24-25	02-Jul-2024	Amit B	Open	
1422	Ideal Natural Extracts	SB/QTN/14945-F/24-25-R1	02-Jul-2024	Srivaari	Open	
1423	Sri Aparna Group of Industries	STF/QTN/1038-F/24-25	02-Jul-2024	Amit B	Open	
1424	Derivate Labs Ltd	SB/QTN/14947-F/24-25	02-Jul-2024	Amit B	Open	
1425	Plywood Bengal	SB/QTN/14946-R1-F/24-25	01-Jul-2024	Amit B	Open	
1426	Maa Essential Products	STF/QTN/1037-F/24-25	29-Jun-2024	Srivaari	Open	
1427	Ideal Natural Extracts	SB/QTN/14945-F/24-25	29-Jun-2024	Srivaari	Open	
1428	Lalitha Doors and Ply	STF/QTN/1036-B-F/24-25	29-Jun-2024	Amit B	Open	
1429	Ramesh Prasad Dangal	STF/QTN/1036/24-25	27-Jun-2024	Sales Desk	Open	
1430	Zihwa foods pvt ltd	SB/QTN/14930 A/24-25	27-Jun-2024	Devansh Trivedi	Open	
1431	Jetti Advance Engineering Pvt Ltd	SB/QTN/14931/25-26-R1	27-Jun-2024	Srivaari	Open	
1432	Godavari Coconut Associate	STF/QTN/1035/24-25	27-Jun-2024	Sales Desk	Open	
1433	Mohammed Anwar Hussain	STF/QTN/1034/24-25	27-Jun-2024	Sales Desk	Open	
1434	Jetti Advance Engineering Pvt Ltd	SB/QTN/14932/24-25	27-Jun-2024	Srivaari	Open	
1435	Zihwa foods pvt ltd	SB/QTN/14930 B/24-25	27-Jun-2024	Devansh Trivedi	Open	
1436	DEBABRATA PAIN	SB/QTN/14928/24-25	25-Jun-2024	Sales Desk	Open	
1437	Latifi Silk Exports LLP	SB/QTN/14927/24-25	25-Jun-2024	Sales Desk	Open	
1438	RENUKA ENGINEERING COMPONENETS	SB/QTN/14926-R2-F-24-25	24-Jun-2024	Amit B	Open	
1439	Akshay Cashew	STF/QTN/1024-R1-F/24-25	24-Jun-2024	Sales Desk	Open	
1440	Micro Lite Technology	2222	24-Jun-2024	Sales Desk	Open	
1441	RENUKA ENGINEERING COMPONENETS	STF/QTN/1034-B-F/24-25	24-Jun-2024	Amit B	Open	
1442	Prompt Packing	SB/QTN/14925/24-25	24-Jun-2024	Sales Desk	Open	
1443	Marathi kukkadapu	STF/QTN/1033/24-25	22-Jun-2024	Sales Desk	Open	
1444	Kartik Kumar	STF/QTN/1032/24-25	22-Jun-2024	Sales Desk	Open	
1445	Kartik Kumar	SB/QTN/14923/24-25	22-Jun-2024	Sales Desk	Open	
1446	Jaiswal Solar	SB/QTN/14922/24-25	22-Jun-2024	Sales Desk	Open	
1447	Son Mark Food Private Limited	SB/QTN/14921/24-25	22-Jun-2024	Sales Desk	Open	
1448	Marathi kukkadapu	SB/QTN/14924/24-25	22-Jun-2024	Sales Desk	Open	
1449	Chariot Cement	SB/QTN/14924-F/24-25	22-Jun-2024	Amit B	Open	
1450	Udupi Upahar	SB/QTN/14894 A/24-25	20-Jun-2024	Sales Desk	Open	
1451	Build Block Company	STF/QTN/1030-R2-F/24-25	20-Jun-2024	Amit B	Open	
1452	Subbu Milk Products	SB/QTN/14917/24-25	19-Jun-2024	Sales Desk	Open	
1453	Able Brick Industries	STF/QTN/1031/24-25	19-Jun-2024	Sales Desk	Open	
1454	Aditya Dhoni	STF/QTN/1018 A/24-25	19-Jun-2024	Sales Desk	Open	
1455	Jodharam	SB/QTN/14916/24-25	19-Jun-2024	Sales Desk	Open	
1456	Power Tech Electricals And Enterprises	SB/QTN/14915/24-25	19-Jun-2024	Sales Desk	Open	
1457	Vishnu Chemicals	STF/QTN/1030/24-25	19-Jun-2024	Sales Desk	Open	
1458	Sachin	SB/QTN/14914/24-25	19-Jun-2024	Sales Desk	Open	
1459	Able Brick Industries	SB/QTN/14919/24-25	19-Jun-2024	Sales Desk	Open	
1460	Sachin	STF/QTN/1029/24-25	19-Jun-2024	Sales Desk	Open	
1461	Satyanarayan Timber Industries	STF/QTN/1017 A R1 - F/24-25	18-Jun-2024	Sales Desk	Open	
1462	Satyanarayan Timber Industries	SB/QTN/14828 A R1 F/24-25	18-Jun-2024	Sales Desk	Open	
1463	Satish Power Laundry	STF/QTN/1026-C-F/24-25	18-Jun-2024	Sales Desk	Open	
1464	Test		17-Jun-2024	Amit B	Open	
1465	Test		17-Jun-2024	Amit B	Open	
1466	Maha Fresh Fruits Products	STF/QTN/1029-F/24-25	17-Jun-2024	Amit B	Open	
1467	VANNSH LIFE SCIENCES Pvt. Ltd.	SB/QTN/14910/24-25	15-Jun-2024	Sales Desk	Open	
1468	Test	SB/QTN/14000-F/24-25	15-Jun-2024	Amit B	Open	
1469	Empire Jute mill	SB/QTN/14806 D R1 - F /24-25	12-Jun-2024	Sales Desk	Open	
1470	Mahalaxmi Industries		11-Jun-2024	BDM Hyderabd	Open	
1471	Vikash Kumar, Harshbardhan		11-Jun-2024	Amit B	Open	
1472	Akshay Cashew	SB/QTN/14842-R3-F/24-25	11-Jun-2024	Sales Desk	Open	
1473	Camaac Projects	STF/QTN/1024-F/24-25	11-Jun-2024	Amit B	Open	
1474	Camaac Projects	SB/QTN/14904-F/24-25	11-Jun-2024	Amit B	Open	
1475	Empire Jute mill	SB/QTN/14806/24-25	11-Jun-2024	Sales Desk	Open	
1476	Vikash Kumar, Harshbardhan	STF/QTN/1025/24-25	11-Jun-2024	Sales Desk	Open	
1477	Akshay Cashew	SB/QTN/14842 R3 F/24-25	11-Jun-2024	Sales Desk	Open	
1478	Vikash Kumar, Harshbardhan	SB/QTN/14903/24-25	11-Jun-2024	Sales Desk	Open	
1479	Ananda Group	SB/QTN/13756R2/24-25	10-Jun-2024	Sales Desk	Open	
1480	Shreyakon Chemicals P Ltd	SB/QTN/14902/24-25	08-Jun-2024	Sales Desk	Open	
1481	Ananda Group	SB/QTN/13756R1/24-25	08-Jun-2024	Sales Desk	Open	
1482	NMC Engineering	SB/QTN/14901/24-25	07-Jun-2024	Sales Desk	Open	
1483	Azaj Ahmad	SB/QTN/14900/24-25	07-Jun-2024	Sales Desk	Open	
1484	Vinayaga Modern Rice Mill	SB/QTN/14130 R3-F/23-24	07-Jun-2024	Sales Desk	Open	
1485	duplicate	d11112	07-Jun-2024	Sales Desk	Open	
1486	duplicate	d11111	07-Jun-2024	Sales Desk	Open	
1487	GHLS PRIVATE LIMITED	14410R4	07-Jun-2024	BDM Hyderabd	Open	
1488	JP CRETE AAC Block	SB/QTN/14887 R1/24-25	07-Jun-2024	Devansh Trivedi	Open	
1489	JP CRETE AAC Block	STF/QTN/1014 R1/24-25	07-Jun-2024	Devansh Trivedi	Open	
1490	Srinivasa Farms Pvt. Ltd	SB/QTN/14902-R1-F/24-25	07-Jun-2024	Amit B	Open	
1491	NMC Engineering	STF/QTN/1022/24-25	07-Jun-2024	Sales Desk	Open	
1492	PH Packaging	SB/QTN/1016- F/24-25	06-Jun-2024	Devansh Trivedi	Open	
1493	Samasti Foods	SB/QTN/14898/24-25	06-Jun-2024	Amit B	Open	
1494	Deon Taptes Industries	SB/QTN/14895/24-25	04-Jun-2024	Sales Desk	Open	
1495	M Kadam	SB/QTN/14896/24-25	04-Jun-2024	Devansh Trivedi	Open	
1496	Anapurna Traders (Noodles)	SB/QTN/14897 /24-25	04-Jun-2024	Sales Desk	Open	
1497	Udupi Upahar	SB/QTN/14894/24-25	03-Jun-2024	Sales Desk	Open	
1498	Aditya Dhoni	SB/QTN/14893/24-25	03-Jun-2024	Sales Desk	Open	
1499	Areia Agro Tech	SB/QTN/14890/24-25	03-Jun-2024	Sales Desk	Open	
1500	Jinkushal Agrotech Rice	SB/QTN/14889/24-25	01-Jun-2024	Sales Desk	Open	
1501	JP CRETE AAC Block	STF/QTN/1014/24-25	01-Jun-2024	Sales Desk	Open	
1502	Jinkushal Agrotech Rice	STF/QTN/1015/24-25	01-Jun-2024	Sales Desk	Open	
1503	Dande Sravan Kumar	SB/QTN/14886/24-25	31-May-2024	Sales Desk	Open	
1504	Dande Sravan Kumar	STF/QTN/1012/24-25	31-May-2024	Sales Desk	Open	
1505	Sri Lakshmi Narasimha soaps and oil manufactures	SB/QTN/14277A /23-24	31-May-2024	Sales Desk	Open	
1506	M/s Abhiruchi Swagruha Foods	SBH-STF-DF-40 V -14879A	30-May-2024	BDM Hyderabd	Open	
1507	Sri industries	14881-COMMERCIAL	30-May-2024	BDM Hyderabd	Open	
1508	M/s Abhiruchi Swagruha Foods	14879C-COMMON -STF-SCT	30-May-2024	BDM Hyderabd	Open	
1509	M/s Abhiruchi Swagruha Foods	14879	30-May-2024	BDM Hyderabd	Open	
1510	Vishwa Supply Private Limited	SB/QTN/14882 R3/24-25	30-May-2024	Sales Desk	Open	
1511	M/s Abhiruchi Swagruha Foods	SBH-SCT-DF-85-14879B	30-May-2024	BDM Hyderabd	Open	
1512	M/s Sarvani Laboratory	14984-CUM	28-May-2024	BDM Hyderabd	Open	
1513	Microlight Tech	SB/QTN/14874-F/24-25	28-May-2024	Amit B	Open	
1514	Microlight Tech	STF/QTN/1008-F/24-25	28-May-2024	Amit B	Open	
1515	PH Packaging	STF/QTN/1009-B-F/24-25	28-May-2024	Amit B	Open	
1516	PH Packaging	STF/QTN/1009-F/24-25	28-May-2024	Amit B	Open	
1517	Effykon	STF/QTN/1010-F/24-25	28-May-2024	Amit B	Open	
1518	Khanna Group	STF/QTN/1006 B/24-25	27-May-2024	Sales Desk	Open	
1519	Jai Durga Industries	STF/QTN/1007-F/24-25	27-May-2024	Amit B	Open	
1520	Khanna Group	SB/QTN/14873/24-25	27-May-2024	Sales Desk	Open	
1521	Sri Laxmi Vishnu Foods	SB/QTN/14872/24-25	27-May-2024	Sales Desk	Open	
1522	LINKWELL TELESYSTEMS PVT LTD	SB/QTN/14871/24-25	27-May-2024	Sales Desk	Open	
1523	Power Sol Infrastructure Pvt Ltd	SB/QTN/14865/24-25	24-May-2024	Amit B	Open	
1524	Biomatic		24-May-2024	BDM Hyderabd	Open	
1525	Flowline	14868	24-May-2024	BDM Hyderabd	Open	
1526	SNG ENGINEERING PVT LTD	14869	24-May-2024	BDM Hyderabd	Open	
1527	Power Sol Infrastructure Pvt Ltd	SB/QTN/14864/24-25	24-May-2024	Amit B	Open	
1528	SRI KALKI ENGINEERING WORKS	SB/QTN/14866/24-25	24-May-2024	Sales Desk	Open	
1529	Sahu Stone Truser	SB/QTN/14859 R2/24-25	23-May-2024	Sales Desk	Open	
1530	Vishwa Supply Private Limited	SB/QTN/14862R3-F/24-25	23-May-2024	Sales Desk	Open	
1531	KEP Engineering Services Pvt.Ltd.	SB/QTN/14863/24-25	23-May-2024	Sales Desk	Open	
1532	AR Feeds	SB/QTN/14488 R1/23-24	22-May-2024	Sales Desk	Open	
1533	Vishwa Supply Private Limited	SB/QTN/14862-F/24-25	22-May-2024	Amit B	Open	
1534	Abhainandan Das	SB/QTN/14852/24-25	21-May-2024	Sales Desk	Open	
1535	Silverline Fertilisers Pvt. Ltd.	SB/QTN/14858/24-25	21-May-2024	Sales Desk	Open	
1536	royal feeds	SB/QTN/14860/24-25	21-May-2024	Sales Desk	Open	
1537	Sahu Stone Truser	SB/QTN/14859/24-25	21-May-2024	Sales Desk	Open	
1538	Silverline Fertilisers Pvt. Ltd.	SB/QTN/14858/24-25	21-May-2024	Sales Desk	Open	
1539	Sujit Parjapati	SB/QTN/14857/24-25	21-May-2024	Sales Desk	Open	
1540	Satnam Food Products	SB/QTN/14856/24-25	21-May-2024	Sales Desk	Open	
1541	royal feeds	SB/QTN/14860/24-25	21-May-2024	Sales Desk	Open	
1542	Vibros life science pvt ltd	SB/QTN/14855/24-25	21-May-2024	Sales Desk	Open	
1543	Mangesh Dhakane Milk products	SB/QTN/14584/24-25	21-May-2024	Sales Desk	Open	
1544	Vibros life science pvt ltd	SB/QTN/14855/24-25	21-May-2024	Sales Desk	Open	
1545	Husk Global	SB/QTN/14849/24-25	20-May-2024	Sales Desk	Open	
1546	MODERN FOOD	SB/QTN/14851/24-25	20-May-2024	Sales Desk	Open	
1547	TEST		20-May-2024	Amit B	Open	
1548	MODERN FOOD		20-May-2024	Sales Desk	Open	
1549	Harika Packaging	SB/QTN/14848 R1/24-25	18-May-2024	Sales Desk	Open	
1550	Gautami Ecolites Blocks	SB/QTN/14839/24-25	16-May-2024	Sales Desk	Open	
1551	Karimnagar Dairy	SB/QTN/14838/24-25	16-May-2024	Sales Desk	Open	
1552	SKY UDAAN En-FEB Pvt. Ltd	SB/QTN/14809R1/24-25	15-May-2024	Sales Desk	Open	
1553	SKY UDAAN En-FEB Pvt. Ltd	SB/QTN/14809R1/24-25	15-May-2024	Sales Desk	Open	
1554	Vera Life Sciences	SB/QTN/14836/24-25	15-May-2024	Sales Desk	Open	
1555	Nisarg Bio	SB/QTN/14816/24-25	14-May-2024	Sales Desk	Open	
1556	Khan Polypet india private limited	SB/QTN/14801 BK/24-25	14-May-2024	Sales Desk	Open	
1557	Project Perfect Engineering Works	SB/QTN/14826 R2/24-25	14-May-2024	Sales Desk	Open	
1558	Project Perfect Engineering Works		14-May-2024	Sales Desk	Open	
1559	Verdant Agro	SB/QTN/14837/24-25	14-May-2024	Sales Desk	Open	
1560	Verdant Agro	SB/QTN/14837/24-25	14-May-2024	Sales Desk	Open	
1561	Sujit Parjapati	SB/QTN/14835/24-25	14-May-2024	Sales Desk	Open	
1562	Mahalaxmi Suppliers	SB/QTN/14834/24-25	14-May-2024	Sales Desk	Open	
1563	Mahalaxmi Suppliers	SB/QTN/14833/24-25	14-May-2024	Sales Desk	Open	
1564	Dinesh	SB/QTN/14829/24-25	14-May-2024	Sales Desk	Open	
1565	Ravikumar Waywal	SB/QTN/14833/24-25	14-May-2024	Sales Desk	Open	
1566	Rubber Board	SB/QTN/14832/24-25	14-May-2024	Sales Desk	Open	
1567	Vishwa Supply Private Limited	SB/QTN/14831/24-25	14-May-2024	Sales Desk	Open	
1568	Shiv Samar Electrical	SB/QTN/14830/24-25	14-May-2024	Sales Desk	Open	
1569	M/S Satyanarayan Timber industries.	SB/QTN/14828-C-F/24-25	13-May-2024	Sales Desk	Open	
1570	M/S Satyanarayan Timber industries.	SB/QTN/14828 A/24-25	11-May-2024	Sales Desk	Open	
1571	Chickago Foods India Private Limited	SB/QTN/14827/24-25	11-May-2024	Sales Desk	Open	
1572	M/s . Reybier Alco Bev Pvt Ltd	14825	09-May-2024	BDM Hyderabd	Open	
1573	Mahi Granite Pvt Ltd	SB/QTN/14823/24-25	07-May-2024	Sales Desk	Open	
1574	Siddeswara	14824-CUM	07-May-2024	BDM Hyderabd	Open	
1575	WashClub Fabraction Pvt Ltd	SB/QTN/14805 R2/24-25	06-May-2024	Sales Desk	Open	
1576	Gannon Dunkerley Co Ltd	SB/QTN/14822/24-25	06-May-2024	Sales Desk	Open	
1577	Amruth Foundation	SB/QTN/14821B/24-25	06-May-2024	Sales Desk	Open	
1578	Ashim Kumar Bharma	SB/QTN/14818R6/24-25	04-May-2024	Sales Desk	Open	
1579	Empire Jute mill	SB/QTN/14806 B/24-25	04-May-2024	Sales Desk	Open	
1580	Star Milk products pvt ltd	SB/QTN/14792/24-25	04-May-2024	Sales Desk	Open	
1581	Ghm Rice mill	SB/QTN/14817/24-25	04-May-2024	Sales Desk	Open	
1582	Shanti rice Group	SB/QTN/14819/23-24	04-May-2024	Sales Desk	Open	
1583	The Bro Poultry	SB/QTN/14820/24-25	04-May-2024	Sales Desk	Open	
1584	Rajesh Kumar Gupta	SB/QTN/14811/24-25	02-May-2024	Sales Desk	Open	
1585	Nisarg Bio	SB/QUO/14816-F/24-25	02-May-2024	Amit B	Open	
1586	maa gayatri namkeen udyog	SB/QTN/14813/24-25	02-May-2024	Sales Desk	Open	
1587	Sri Amogh Mineral Water	SB/QTN/14812/24-25	02-May-2024	Sales Desk	Open	
1588	Khan Polypet india private limited	SB/QTN/14801 R2/24-25	02-May-2024	Sales Desk	Open	
1589	S.A. Industries	SB/QTN/14810A /24-25	02-May-2024	Sales Desk	Open	
1590	The Bro Poultry	SB/QTN/14815/24-25	02-May-2024	Sales Desk	Open	
1591	Imaan Rice Industry	SB/QTN/14814/24-25	02-May-2024	Sales Desk	Open	
1592	Spectraa Technologies	SB/QTN/14807/24-25	30-Apr-2024	Amit B	Open	
1593	Empire Jute mill	SB/QTN/14806/24-25	30-Apr-2024	Sales Desk	Open	
1594	WashClub Fabraction Pvt Ltd	SB/QTN/14805/24-25	30-Apr-2024	Sales Desk	Open	
1595	Nosch Labs Private Limited	SB/QTN/14804/24-25	30-Apr-2024	Sales Desk	Open	
1596	Kan chem	SB/QTN/14795 R1 /24-25	30-Apr-2024	Sales Desk	Open	
1597	Bhagwati Gruh Udyog	SB/QTN/14808 R1/24-25	30-Apr-2024	Sales Desk	Open	
1598	SKY UDAAN En-FEB Pvt. Ltd	SB/QTN/14809/24-25	30-Apr-2024	Sales Desk	Open	
1599	Flowline	S A V EXPERT -SBH-SF-300-17B-14509C-24-25	27-Apr-2024	BDM Hyderabd	Open	
1600	Khan Polypet india private limited	SB/QTN/14801/24-25	26-Apr-2024	Sales Desk	Open	
1601	usha cashew industry	SB/QTN/14800/24-25	26-Apr-2024	Sales Desk	Open	
1602	JOY JAGADAMBA UDYOG	SB/QTN/14802 R1/24-25	26-Apr-2024	Sales Desk	Open	
1603	Dang Pharmaceuticals	SB/QTN/14799/24-25	26-Apr-2024	Sales Desk	Open	
1604	Star Milk products pvt ltd	SB/QTN/14792/24-25	24-Apr-2024	Sales Desk	Open	
1605	Maheshwari Dairy Farm	SB/QTN/14796/24-25	24-Apr-2024	Sales Desk	Open	
1606	Kan chem	SB/QTN/14795/24-25	24-Apr-2024	Sales Desk	Open	
1607	Amax Blocks Pvt. Ltd.	SB/QTN/14794/24-25	24-Apr-2024	Sales Desk	Open	
1608	Roopa industries limited	SB/QTN/14793/24-25	24-Apr-2024	Sales Desk	Open	
1609	Sumana Enterprises	SB/QTN/14792-F/24-25	23-Apr-2024	Amit B	Open	
1610	Shivaji Foods	SB/QTN/14791-F/24-25	23-Apr-2024	Amit B	Open	
1611	SUMANA ENTERPRISES	SB/QTN/14791/24-25	22-Apr-2024	Sales Desk	Open	
1612	NEOTECH ENERGY SYSTEMS PVT LTD	SB/QTN/14790/24-25	22-Apr-2024	Sales Desk	Open	
1613	Vijay Foundation	SB/QTN/14743-CP-R2-F/24-25	22-Apr-2024	Amit B	Open	
1614	Apple Industries	SB/QTN/14786 /24-25	20-Apr-2024	Devansh Trivedi	Open	
1615	Balamuralikrishna B S	SB/QTN/14789/24-25	20-Apr-2024	Sales Desk	Open	
1616	JIttu	SB/QTN/14785 /24-25	19-Apr-2024	Sales Desk	Open	
1617	Pradip Yadav	SB/QTN/14783 B/24-25	19-Apr-2024	Sales Desk	Open	
1618	Tirumala engineering college	SB/QTN/14782/24-25	19-Apr-2024	Sales Desk	Open	
1619	Vijaykumar	SB/QTN/14784/24-25	19-Apr-2024	Sales Desk	Open	
1620	GK ENGINEERING & FABRICATIONS	SB/QTN/14781/24-25	19-Apr-2024	Sales Desk	Open	
1621	Gwala Dairy	SB/QTN/14780/24-25	18-Apr-2024	Sales Desk	Open	
1622	Gwala Dairy	SB/QTN/14780/23-24	18-Apr-2024	Sales Desk	Open	
1623	Re Sustainability IWM Solutions Ltd	SB/QTN/14779-F/23-24	18-Apr-2024	Amit B	Open	
1624	Shivam Agro Farm	SB/QTN/14778/24-25	17-Apr-2024	Sales Desk	Open	
1625	GHLS PRIVATE LIMITED	1440R2	16-Apr-2024	BDM Hyderabd	Open	
1626	Kammac Projects	SB/QTN/14660-B-R1-F/23-24	15-Apr-2024	Amit B	Open	
1627	SHREE VINAYAK DAIRY	SB/QTN/14777/24-25	15-Apr-2024	Sales Desk	Open	
1628	Neotech Boilers Pvt Ltd	SB/QTN/14733-C/24-25	14-Apr-2024	Amit B	Open	
1629	Baypark Hotel & Resorts Pvt. Ltd.	SB/QTN/14771/24-25	13-Apr-2024	Sales Desk	Open	
1630	Baypark Hotel & Resorts Pvt. Ltd.	SB/QTN/14771/24-25	13-Apr-2024	Sales Desk	Open	
1631	Mahalaxmi Plywood Pvt Ltd	SB/QTN/14772/24-25	13-Apr-2024	Sales Desk	Open	
1632	RND Laboratories Pvt. Ltd	SB/QTN/14483D/24-25	13-Apr-2024	Sales Desk	Open	
1633	SS Engineers India	SB/QTN/14775-R1-F/24-25	13-Apr-2024	Sales Desk	Open	
1634	Amit Oraon	SB/QTN/14770/24-25	12-Apr-2024	Devansh Trivedi	Open	
1635	Mahalaxmi Plywood Pvt Ltd		11-Apr-2024	Amit B	Open	
1636	Shubham	SB/QTN/14765/24-25	11-Apr-2024	Sales Desk	Open	
1637	Surya	SB/QTN/14758/24-25	10-Apr-2024	Sales Desk	Open	
1638	Shri Sawai Sahib Food Product	SB/QTN/14764/24-25	10-Apr-2024	Devansh Trivedi	Open	
1639	NEOTECH ENERGY SYSTEMS PVT LTD	SB/QTN/14762/24-25	10-Apr-2024	Sales Desk	Open	
1640	Self Sie Food	SB/QTN/14759/24-25	10-Apr-2024	Sales Desk	Open	
1641	MADAN SAHANI	SB/QTN/14763/24-25	10-Apr-2024	Devansh Trivedi	Open	
1642	Wise Owl Beverages Pvt Ltd	SB/QTN/14761/24-25	10-Apr-2024	Sales Desk	Open	
1643	Wise Owl Beverages Pvt Ltd	SB/QTN/14761/24-25	10-Apr-2024	Sales Desk	Open	
1644	NEOTECH ENERGY SYSTEMS PVT LTD	SB/QTN/14752/23-24	06-Apr-2024	Sales Desk	Open	
1645	PRZM Organics & Chemicals	SB/QTN/14754/24-25	06-Apr-2024	Sales Desk	Open	
1646	Leeladevi Agro Pvt. Ltd.	SB/QTN/14753 B/24-25	06-Apr-2024	Sales Desk	Open	
1647	Leeladevi Agro Pvt. Ltd.		06-Apr-2024	Sales Desk	Open	
1648	Sun Shine Laundry Services	14785-SF-200-CUM	05-Apr-2024	BDM Hyderabd	Open	
1649	NEOTECH ENERGY SYSTEMS PVT LTD	SB/QTN/14750 /23-24	04-Apr-2024	Sales Desk	Open	
1650	Atul industries	SB/QTN/14749/23-24	04-Apr-2024	Sales Desk	Open	
1651	NEOTECH ENERGY SYSTEMS PVT LTD	SB/QTN/14746/24-25	02-Apr-2024	Sales Desk	Open	
1652	Southern Minerals & Chemicals	SB/QTN/14744/23-24	01-Apr-2024	Sales Desk	Open	
1653	M/s EKTA Engineers	14607B-Commercial Offer	30-Mar-2024	BDM Hyderabd	Open	
1654	GHLS PRIVATE LIMITED	14410-R1	30-Mar-2024	BDM Hyderabd	Open	
1655	S2 Engineering	SB/QTN/14740/23-24	28-Mar-2024	Sales Desk	Open	
1656	NEOTECH BOILERS PRIVATE LIMITED	SB/QTN/14741-F /24-25	28-Mar-2024	Sales Desk	Open	
1657	West Coast Polymers Pvt Ltd	SB/QTN/14661-B/23-24	24-Mar-2024	Amit B	Open	
1658	EPIC Agro Products Pvt Ltd	SB/QTN/14735 F/23-24	23-Mar-2024	Sales Desk	Open	
1659	Vidir Human Care Pvt Ltd	SB/QTN/14374-F/23-24	23-Mar-2024	Amit B	Open	
1660	SS Engineers India	SB/QTN/14736/23-24	23-Mar-2024	Sales Desk	Open	
1661	Spectra Technologies	SB/QTN/14729/23-24	20-Mar-2024	Sales Desk	Open	
1662	NEOTECH ENERGY SYSTEMS PVT LTD	SB/QTN/14728/23-24	19-Mar-2024	Sales Desk	Open	
1663	Swift Construction	SB/QTN/14723/23-24	16-Mar-2024	Sales Desk	Open	
1664	Spectrum Technologies	SB/QTN/14724/23-24	16-Mar-2024	Sales Desk	Open	
1665	CREAMLINE DAIRY	SB/QTN/14721/23-24	16-Mar-2024	Sales Desk	Open	
1666	Pavan Laminates Pvt Ltd	SB/QTN/14608-R2-F/23-24	15-Mar-2024	Amit B	Open	
1667	Prem Singh	SB/QTN/14719/23-24	14-Mar-2024	Sales Desk	Open	
1668	MECHO TECH LLP	SB/QTN/14717/23-24	14-Mar-2024	Sales Desk	Open	
1669	MECHO TECH LLP	SB/QTN/14717/23-24	14-Mar-2024	Sales Desk	Open	
1670	NAMI LIFE SCIENCES PVT LTD	14096R6-CUM	14-Mar-2024	BDM Hyderabd	Open	
1671	AEROTECH ENERGY SOLUTION	SB/QTN/14718/23-24	14-Mar-2024	Sales Desk	Open	
1672	Kalpana Foods	SB/QTN/14715/23-24	13-Mar-2024	Sales Desk	Open	
1673	Zonetech	14712CUM-MF-300	11-Mar-2024	BDM Hyderabd	Open	
1674	MM Cashew Traders	SB/QTN/14713/23-24	11-Mar-2024	Sales Desk	Open	
1675	Lakhotia India Pvt Ltd	SB/QTN/14711/23-24	11-Mar-2024	Sales Desk	Open	
1676	Sri Developers		09-Mar-2024	Amit B	Open	
1677	M/s EKTA Engineers	14607A-CUM	09-Mar-2024	BDM Hyderabd	Open	
1678	M/s ADITYA ENGINEERING	14698A	01-Mar-2024	BDM Hyderabd	Open	
1679	Shanti Boilers & Pressure Vessels P Ltd		01-Mar-2024	Amit B	Open	
1680	M/s ADITYA ENGINEERING	14698B-COMMERCIAL	01-Mar-2024	BDM Hyderabd	Open	
1681	M/s.YVM Drugs	14697	01-Mar-2024	BDM Hyderabd	Open	
1682	Singhania Foods International		29-Feb-2024	Amit B	Open	
1683	Singhania Foods International		29-Feb-2024	Amit B	Open	
1684	VINNAKOTA VENKATESWARLU		29-Feb-2024	Amit B	Open	
1685	Shanti Boilers & Pressure Vessels P Ltd		29-Feb-2024	Amit B	Open	
1686	Shanti Boilers & Pressure Vessels P Ltd		29-Feb-2024	Amit B	Open	
1687	Singhania Foods International		29-Feb-2024	Amit B	Open	
1688	Swastik Marketing	SB/QTN/14693/23-24	29-Feb-2024	Devansh Trivedi	Open	
1689	Swastik Marketing	SB/QTN/14693/23-24	29-Feb-2024	Devansh Trivedi	Open	
1690	Swastik Marketing		29-Feb-2024	Sales Desk	Open	
1691	Lorven Biologics Pvt Ltd	14673C-COMMERCIAL	28-Feb-2024	BDM Hyderabd	Open	
1692	test 2023		28-Feb-2024	Amit B	Open	
1693	Hari Om Industries	SB/QTN/14692/23-24	27-Feb-2024	Sales Desk	Open	
1694	SRI MAHAVEER SPECIALTY PAPERS	14689-CUM	26-Feb-2024	BDM Hyderabd	Open	
1695	Sri Nitya Feeds	SB/QTN/14166 R2/23-24	26-Feb-2024	Sales Desk	Open	
1696	Vasudha Pharma Chem Ltd.	SB/QTN/14687/23-24	23-Feb-2024	Sales Desk	Open	
1697	Nosch Labs Private Limited	SB/QTN/14685/23-24	23-Feb-2024	Sales Desk	Open	
1698	BEST ENGINEERING TECHNOLOGIES	SB/QTN/14682/23-24	22-Feb-2024	Sales Desk	Open	
1699	Icon Sleeper Track Pvt. Ltd	SB/QTN/14683/23-24	22-Feb-2024	Sales Desk	Open	
1700	Habio Conifer	SB/QTN/14684/23-24	22-Feb-2024	Sales Desk	Open	
1701	Neutral Crop Pvt Lmt		22-Feb-2024	BDM Hyderabd	Open	
1702	SRI SURYA DEEPTHI AQUA FEEDS	SB/QTN/14675 R3-F/23-24	21-Feb-2024	Sales Desk	Open	
1703	Sri Surya Lakshmi Spinning Mills	SB/QTN/14673-R2/23-24	15-Feb-2024	Amit B	Open	
1704	Ganga Cattle Feed	SB/QTN/14671 R2 /23-24	14-Feb-2024	Sales Desk	Open	
1705	Neela Enterprises	SB/QTN/14664 B/23-24	14-Feb-2024	Sales Desk	Open	
1706	Spectraa Technology Solutions	SB/QTN/14638-EXP-R5-F/23-24	14-Feb-2024	Amit B	Open	
1707	Sai Srinivasa agro industries	14670-CUM	12-Feb-2024	BDM Hyderabd	Open	
1708	West Coast Polymers Pvt Ltd	SB/QTN/14661/23-24	09-Feb-2024	Sales Desk	Open	
1709	Neela Enterprises	SB/QTN/14664 A/23-24	09-Feb-2024	Sales Desk	Open	
1710	Compass India Food Services Pvt Ltd	SB/QTN/14659/23-24	08-Feb-2024	Sales Desk	Open	
1711	Shreenath Global	SB/QTN/14657 B/23-24	08-Feb-2024	Sales Desk	Open	
1712	Shreenath Global	SB/QTN/14657 B/23-24	07-Feb-2024	Sales Desk	Open	
1713	Madhav Agro Chem Pvt Ltd	SB/QTN14652-R1-F/23-24	06-Feb-2024	Amit B	Open	
1714	M/S. PRAKASH PAPER AGENCY	14656-A-CUM	06-Feb-2024	BDM Hyderabd	Open	
1715	Rayassh Eco Blocks Pvt. Ltd	SB/QTN/14579-R1-F/23-24-CP	06-Feb-2024	Amit B	Open	
1716	BIMIX MACHINES PVT LTD	SB/QTN/14652-R1-F/23-24	06-Feb-2024	Sales Desk	Open	
1717	Mittal Packaging	SB/QTN/CP 14653/23-24	03-Feb-2024	Sales Desk	Open	
1718	Santosh Kumar Sahoo	SB/QTN/14649/23-24	31-Jan-2024	Sales Desk	Open	
1719	Thermo Fab Engineering	SB/QTN/14648/23-24	31-Jan-2024	Sales Desk	Open	
1720	Artisan and Bejo Foundation	SB/QTN/1464623-24	31-Jan-2024	Sales Desk	Open	
1721	Ingex Botanicals Private Limited	SB/QTN/14647/23-24	31-Jan-2024	Sales Desk	Open	
1722	NAMI LIFE SCIENCES PVT LTD	14096R5	31-Jan-2024	BDM Hyderabd	Open	
1723	Atul industries	SB/QTN/14645/23-24	30-Jan-2024	Sales Desk	Open	
1724	Rabindra Raju	SB/QTN/14619 R1/23-24	30-Jan-2024	Sales Desk	Open	
1725	Mrinmoy Ghosh	SB/QTN/14644/23-24	30-Jan-2024	Sales Desk	Open	
1726	BEST ENGINEERING TECHNOLOGIES	SB/QTN/14105-R2-F/23-24	30-Jan-2024	Sales Desk	Open	
1727	Arvais Natures Products Pvt. Ltd	SB/QTN/14322R4/23-24	29-Jan-2024	Sales Desk	Open	
1728	M/s.Nosch Labs Private Limited (100% EOU)	SB/QTN/14513/23-24	29-Jan-2024	Sales Desk	Open	
1729	M/s.Nosch Labs Private Limited (100% EOU)	SB/QTN/14513/23-24	29-Jan-2024	Sales Desk	Open	
1730	Artho Biotech Pvt. Ltd	SB/QTN/14563 R1/23-24	29-Jan-2024	Sales Desk	Open	
1731	Kamroop Timber	SB/QTN/14594/23-24	29-Jan-2024	Sales Desk	Open	
1732	Auburn Design Private Limited	SB/QTN/14628/23-24	29-Jan-2024	Sales Desk	Open	
1733	Shilpa Pharma Lifescience Ltd.	SB/QTN/14564 R1/23-24	29-Jan-2024	Sales Desk	Open	
1734	NEOTECH ENERGY SYSTEMS PVT LTD	SB/QTN/14643/23-24	27-Jan-2024	Sales Desk	Open	
1735	Maha Sai Laboratories	SB/QTN/14643/23-24	27-Jan-2024	Amit B	Open	
1736	ALMAS LIFE SCIENCES	SB/QTN/14642 R1/23-24	27-Jan-2024	Sales Desk	Open	
1737	FARMICO COMMODITIES PVT LTD	SB/QTN/14640 R2/23-24	25-Jan-2024	Sales Desk	Open	
1738	ALMAS LIFE SCIENCES	SB/QTN/14642/23-24	25-Jan-2024	Sales Desk	Open	
1739	SS Engineers India	SB/QTN/14641/23-24	25-Jan-2024	Sales Desk	Open	
1740	Mounika Seeds	SB/QTN/14639/23-24	25-Jan-2024	Sales Desk	Open	
1741	Shilpa Pharma Lifesciences Limited	SB/QTN/14636/23-24	24-Jan-2024	Sales Desk	Open	
1742	Singhania Foods International	SB/QTN/14637/23-24	24-Jan-2024	Amit B	Open	
1743	test 2023		22-Jan-2024	Amit B	Open	
1744	Nirman Enterprises	SB/QTN/14237-R2/23-24	22-Jan-2024	Sales Desk	Open	
1745	Kamroop Timber	SB/QTN/14630/23-24	22-Jan-2024	Sales Desk	Open	
1746	test for check		22-Jan-2024	Amit B	Open	
1747	Neotech Boilers	SB/QTN/14629/23-24	20-Jan-2024	Amit B	Open	
1748	Indian Wood & Wood Products	14621-CUM	19-Jan-2024	BDM Hyderabd	Open	
1749	Orissa Concrete and Allied Industries Ltd	SB/QTN/14626/23-24	19-Jan-2024	Sales Desk	Open	
1750	Indian Wood & Wood Products	14621R1--CUM	19-Jan-2024	BDM Hyderabd	Open	
1751	Prayas Infra Industries LLP	SB/QTN/14622/23-24	18-Jan-2024	Amit B	Open	
1752	FARMICO COMMODITIES PVT LTD	SB/QTN/14620/23-24	17-Jan-2024	Sales Desk	Open	
1753	Rabindra Raju	SB/QTN/14619/23-24	17-Jan-2024	Sales Desk	Open	
1754	SRI SURYA DEEPTHI AQUA FEEDS	SB/QTN/14618/23-24	17-Jan-2024	Sales Desk	Open	
1755	Sharna Food Products	SB/QTN/14617 /23-24	16-Jan-2024	Sales Desk	Open	
1756	SHAKTI ENGINEERING WORKS & SERVICES	SB/QTN/14616 R1- F/23-24	13-Jan-2024	Sales Desk	Open	
1757	M/s. Tibro Pharmaceuticals Pvt Ltd	14552-CF-R4-CUM	12-Jan-2024	BDM Hyderabd	Open	
1758	Bhavani Seeds Pvt Ltd	SB/QTN/14608/23-24	11-Jan-2024	Sales Desk	Open	
1759	Megatrends Inc,	SB/QTN/14607/23-24	11-Jan-2024	Sales Desk	Open	
1760	Vajraasi Pharama Pvt Ltd	SB/QTN/13730 R2/22-23	11-Jan-2024	Sales Desk	Open	
1761	Anjali Traders	SB/QTN/14611/23-24	11-Jan-2024	Sales Desk	Open	
1762	NN Enterprises	SB/QTN /14612-F/23-24	11-Jan-2024	Amit B	Open	
1763	M/s. Lilasons Alcobev Pvt Ltd	14613A-CUM	11-Jan-2024	BDM Hyderabd	Open	
1764	Bhavani Seeds Pvt Ltd	SB/QTN/14608/23-24	11-Jan-2024	Sales Desk	Open	
1765	Mega Fusion India Private Limited	SB/QTN/14610/23-24	11-Jan-2024	Sales Desk	Open	
1766	Ferrox Chemicals	SB/QTN/14609/23-24	11-Jan-2024	Sales Desk	Open	
1767	Santo Righello Private Limited	14606-CUM	10-Jan-2024	BDM Hyderabd	Open	
1768	K.B.R INDUSTRIES	SB/QTN/14605R1 F/23-24	10-Jan-2024	Sales Desk	Open	
1769	Patil Rail Infra	SB/QUO/14315 R1/23-24	10-Jan-2024	Amit B	Open	
1770	DERIVATE LABS PVT LTD	SB/QTN/14374/-RII-F/23-24	10-Jan-2024	Devansh Trivedi	Open	
1771	NEOTECH ENERGY SYSTEMS PVT LTD	SB/QTN/14603/23-24	08-Jan-2024	Sales Desk	Open	
1772	OMKAR FERTILIZER	SB/QTN/14602 A/23-24	08-Jan-2024	Sales Desk	Open	
1773	KAMAAC PROJECTS & ENGINEERING PVT LTD	SB/QTN/14597-R2-F/23-24	08-Jan-2024	Amit B	Open	
1774	Vajraasi Pharama Pvt Ltd	SB/QTN/13730 R2/22-23	08-Jan-2024	Sales Desk	Open	
1775	KAMAAC PROJECTS & ENGINEERING PVT LTD	SB/14596-R2-F/23-24	08-Jan-2024	Amit B	Open	
1776	NAMI LIFE SCIENCES PVT LTD	14096R4-F	08-Jan-2024	BDM Hyderabd	Open	
1777	NAMI LIFE SCIENCES PVT LTD	14096R3	05-Jan-2024	BDM Hyderabd	Open	
1778	M/S. COTTON WORLD	14597A-Commercial	03-Jan-2024	BDM Hyderabd	Open	
1779	NAMI LIFE SCIENCES PVT LTD	14096R2-COMMERCIAL	02-Jan-2024	BDM Hyderabd	Open	
1780	Sri Virender Food Products	SB/QTN/14593-B/23-24	02-Jan-2024	Amit B	Open	
1781	Sri Virender Food Products	SB/QTN/14593/23-24	02-Jan-2024	Amit B	Open	
1782	Aditya	SB/QTN/14592/23-24	02-Jan-2024	Sales Desk	Open	
1783	Vinayaga Modern Rice Mill	SB/QTN/14130 R1/23-24	02-Jan-2024	Sales Desk	Open	
1784	M/S FOURTUNE ENGINEERS	14593B	02-Jan-2024	BDM Hyderabd	Open	
1785	Vyshnavi Foods	SB/QTN/14587-CP-F/23-24	01-Jan-2024	Amit B	Open	
1786	Jindal Naturecure Institute	SB/QTN/14589/23-24	01-Jan-2024	Sales Desk	Open	
1787	Sri Nitya Feeds	SB/QTN/14166 R1/23-24	01-Jan-2024	Sales Desk	Open	
1788	Purohit Foods	SB/QTN/14588-CP-F/23-24	01-Jan-2024	Amit B	Open	
1789	Sri Nitya Feeds	SB/QTN/14587/23-24	01-Jan-2024	Sales Desk	Open	
1790	Vyshnavi Foods	SB/QTN/14587-F-CP/23-24	01-Jan-2024	Amit B	Open	
1791	Sri Jayalakshmi Venkata Narasimha Rice Mill	SB/QTN/14583/23-24	30-Dec-2023	Sales Desk	Open	
1792	Standard Reagents Pvt. Ltd.	SB/QTN/14581/23-24	30-Dec-2023	Sales Desk	Open	
1793	MANIXIL BIO-ORGANICS	SB/QTN/14450-B-F/23-24	29-Dec-2023	Devansh Trivedi	Open	
1794	RND Laboratories Pvt. Ltd	SB/QTN/14483-C-R1-F/23-24	29-Dec-2023	Sales Desk	Open	
1795	Sri Krishna Enterprises	SB/QTN/14580/23-24	28-Dec-2023	Sales Desk	Open	
1796	Sri Krishna Enterprises	SB/QTN/14580/23-24	28-Dec-2023	Sales Desk	Open	
1797	Rayassh Eco Blocks Pvt. Ltd	SB/QTN/141579-F/23-24	28-Dec-2023	Amit B	Open	
1798	Dadus	SB/QTN/14578/23-24	28-Dec-2023	Amit B	Open	
1799	Kemwell Biopharma Pvt. Ltd.	SB/QTN/14572/23-24	28-Dec-2023	Amit B	Open	
1800	Aerotech Energy Solutions	SB/QTN/14551-B/23-24	28-Dec-2023	Amit B	Open	
1801	Sun Earth Cashew Industries	SB/QTN/14577/23-24	27-Dec-2023	Sales Desk	Open	
1802	Anand	SB/QTN/14575/23-24	26-Dec-2023	Sales Desk	Open	
1803	Ruchi Hardware	SB/QTN/14574/23-24	26-Dec-2023	Sales Desk	Open	
1804	Krishna AAC Block Industry	SB/QTN/14432-R2-F/23-24	25-Dec-2023	Amit B	Open	
1805	Deepam Polish	SB/QTN/14571/23-24	25-Dec-2023	Sales Desk	Open	
1806	Deepam Polish	SB/QTN/14571/23-24	25-Dec-2023	Sales Desk	Open	
1807	DWARAKAMAAYE ENGINEERING ASSOCIATES	SB/QTN/14568/23-24	23-Dec-2023	Sales Desk	Open	
1808	Sree fruit beverages	SB/QTN/14570/23-24	23-Dec-2023	Sales Desk	Open	
1809	KKR Synergy Pvt Ltd	SB/QTN/14560-CP-F/23-24	22-Dec-2023	Amit B	Open	
1810	ISLAND VEER CHEMIE PRIVATE LIMITED	SB/QTN/14564/23-24	22-Dec-2023	Sales Desk	Open	
1811	Rayassh Eco Blocks Pvt. Ltd	SB/QTN/14559-F/23-24	21-Dec-2023	Amit B	Open	
1812	BEST ENGINEERING TECHNOLOGIES	SB/QTN/14559/23-24	20-Dec-2023	Sales Desk	Open	
1813	Jai bhawani industries	SB/QTN/14560/23-24	20-Dec-2023	Sales Desk	Open	
1814	SS Engineers India	SB/QTN/14557/23-24	19-Dec-2023	Sales Desk	Open	
1815	N.A.AGRO RICE INDUSTRIES	SB/QTN/14545 R1/23-24	18-Dec-2023	Sales Desk	Open	
1816	M/s. Tibro Pharmaceuticals Pvt Ltd	14552 R2-Commercial	16-Dec-2023	BDM Hyderabd	Open	
1817	Premali Wallace Pvt. Ltd	SB/QTN/14553/23-24	16-Dec-2023	Amit B	Open	
1818	N.A.AGRO RICE INDUSTRIES	SB/QTN/14545/23-24	14-Dec-2023	Sales Desk	Open	
1819	T.M.CASHEW	SB/QTN/14544 /23-24	14-Dec-2023	Sales Desk	Open	
1820	Apple Polymers	SB/QTN/14541 R1/23-24	14-Dec-2023	Sales Desk	Open	
1821	M/s AUBURN DESIGNS PVT LTD	14515	14-Dec-2023	BDM Hyderabd	Open	
1822	S.A.V EXPERTS	SB/QTN/14509 B R1/23-24	14-Dec-2023	Sales Desk	Open	
1823	R J herbal	SB/QTN/14507 R1/23-24	13-Dec-2023	Sales Desk	Open	
1824	PARASHAKTHI POLES INDUSTRY	SB/QTN/14431 R5 F/23-24	13-Dec-2023	Devansh Trivedi	Open	
1825	Hoster Labs Pvt. Ltd.	SB/QTN/14543/23-24	13-Dec-2023	Sales Desk	Open	
1826	NEOTECH ENERGY SYSTEMS PVT LTD	SB/QTN/13901-R2/22-23	12-Dec-2023	Sales Desk	Open	
1827	LAKSHMI GANAPATI AGRO PRODUCTS	SB/QTN/14540/23-24	12-Dec-2023	Sales Desk	Open	
1828	Apple Polymers	SB/QTN/14541/23-24	12-Dec-2023	Sales Desk	Open	
1829	SS Engineers India	SB/QTN/14538/23-24	11-Dec-2023	Sales Desk	Open	
1830	YAMA RIBBON	SB/QTN/14538/23-24	10-Dec-2023	Amit B	Open	
1831	Flow Line Engineering	SB/QTN/14535/23-24	10-Dec-2023	Amit B	Open	
1832	Sri Surya Lakshmi Spinning Mills	SB/QTN/14500-R1-F/23-24	10-Dec-2023	Amit B	Open	
1833	i-Kcal Systems Engineering LLP	SB/QTN/14537/23-24	10-Dec-2023	Amit B	Open	
1834	i-Kcal Systems Engineering LLP	SB/QTN/14537/23-24	10-Dec-2023	Amit B	Open	
1835	Pratham Oil Industries	SB/QTN/14440-R3-F-CP/23-24	08-Dec-2023	Amit B	Open	
1836	Resha Veneer And Plywood	SB/QTN/14534/23-24	07-Dec-2023	Sales Desk	Open	
1837	Usha International	SB/QTN/14526-R1-F/23-24	07-Dec-2023	Amit B	Open	
1838	FLOWLINE ENGINEERING SERVICES	SB/QTN/14533/23-24	07-Dec-2023	Sales Desk	Open	
1839	M/s IMAGE ENGINEERING	SB/QTN/14532/23-24	06-Dec-2023	Sales Desk	Open	
1840	Varasi Packaging Industry	SB/QTN/14531/23-24	05-Dec-2023	Amit B	Open	
1841	S.A.V EXPERTS	SB/QTN/14509 B/23-24	02-Dec-2023	Sales Desk	Open	
1842	Mahalaxmi Industries	SB/QTN/14525/23-24	02-Dec-2023	Sales Desk	Open	
1843	Abhishek	SB/QTN/CP 14523/23-24	01-Dec-2023	Sales Desk	Open	
1844	RANSH PHARMA PRIVATE LIMITED	SB/QTN/14434 F/23-24	01-Dec-2023	Sales Desk	Open	
1845	Torrent Pharma	SB/QTN/14519 /23-24	01-Dec-2023	Sales Desk	Open	
1846	BEST ENGINEERING TECHNOLOGIES	SB/QTN/14521B/23-24	29-Nov-2023	Sales Desk	Open	
1847	BEST ENGINEERING TECHNOLOGIES	SB/QTN/14521/23-24	29-Nov-2023	Sales Desk	Open	
1848	NAGRI BOARDS	SB/QTN/14514/23-24	28-Nov-2023	Sales Desk	Open	
1849	M/s Thermotech Solutions	14520	28-Nov-2023	BDM Hyderabd	Open	
1850	SRH Rubber Industries Pvt. Ltd	SB/QTN/14517 /23-24	28-Nov-2023	Sales Desk	Open	
1851	DLP Engg & Enterprises	SB/QTN/14511 B/23-24	28-Nov-2023	Devansh Trivedi	Open	
1852	HKM Charitable Trust		28-Nov-2023	BDM Hyderabd	Open	
1853	SG ENVIROTECH	SB/QTN/14516/23-24	28-Nov-2023	Sales Desk	Open	
1854	S.A.V EXPERTS	SB/QTN/14509/23-24	27-Nov-2023	Sales Desk	Open	
1855	Gourmet Popcornica LLP	STF/QTN/1086-R1-F/24-25	27-Nov-2023	Amit B	Open	
1856	DLP Engg & Enterprises	SB/QTN/14511/23-24	27-Nov-2023	Devansh Trivedi	Open	
1857	Telangana Foods	SB/QTN/14504/23-24	25-Nov-2023	Sales Desk	Open	
1858	AR Agro Industries	SB/QTN/14506/23-24	25-Nov-2023	Amit B	Open	
1859	M/s Thermotech Solutions	14505A-Commercial	25-Nov-2023	BDM Hyderabd	Open	
1860	R J herbal	SB/QTN/14507/23-24	25-Nov-2023	Sales Desk	Open	
1861	SN ENGINEERING	SB/QTN/14505/23-24	25-Nov-2023	Sales Desk	Open	
1862	Thermotech Solution	SB/QTN/14508/23-24	25-Nov-2023	Sales Desk	Open	
1863	Jai Mata Di Dyeing	SB/QTN/14503/23-24	24-Nov-2023	Sales Desk	Open	
1864	Bera Enterprise	SB/QTN/14444 R2/23-24	24-Nov-2023	Sales Desk	Open	
1865	M/s.CHEES4ALL	14511B	23-Nov-2023	BDM Hyderabd	Open	
1866	Nagarjuna Cerachem (P) Ltd		23-Nov-2023	Amit B	Open	
1867	Volfram System (I) Pvt Ltd	SB/QTN/14473-C/23-24	23-Nov-2023	Amit B	Open	
1868	SNG ENGINEERING PVT LTD	14505-COmmercial -DB	22-Nov-2023	BDM Hyderabd	Open	
1869	M/s. Adaarsh Pharmacon	13849D CUM	22-Nov-2023	BDM Hyderabd	Open	
1870	Swastik Plywoods	SB/QTN/14500/23-24	21-Nov-2023	Sales Desk	Open	
1871	M/S SARACCA LABS	14499A-CUM	19-Nov-2023	BDM Hyderabd	Open	
1872	M/s Womenova	14495-CUM	18-Nov-2023	BDM Hyderabd	Open	
1873	Sri Surya Lakshmi Spinning Mills	SB/QTN/14497/23-24	18-Nov-2023	Sales Desk	Open	
1874	Hare Krishna Movement Charitable Foundation	14458R1-Commercial	17-Nov-2023	BDM Hyderabd	Open	
1875	AR Feeds		15-Nov-2023	Devansh Trivedi	Open	
1876	Patil Group	SB/QTN/14489/23-24	15-Nov-2023	Sales Desk	Open	
1877	Vijay choudhary	SB/QTN/14485/23-24	14-Nov-2023	Sales Desk	Open	
1878	Vijay choudhary	SB/QTN/14485B/23-24	14-Nov-2023	Sales Desk	Open	
1879	Sri Mallikarjuna Chemicals Pvt. Ltd	SB/QTN/14484/23-24	14-Nov-2023	Sales Desk	Open	
1880	Vijay choudhary	SB/QTN/14485B/23-24	14-Nov-2023	Sales Desk	Open	
1881	AR Feeds	SB/QTN/14488/23-24	14-Nov-2023	Amit B	Open	
1882	MSK FLAVOURS	SB/QTN/14486/23-24	14-Nov-2023	Sales Desk	Open	
1883	M/s. Adaarsh Pharmacon	13849D	13-Nov-2023	BDM Hyderabd	Open	
1884	Sri Mallikarjuna Chemicals Pvt. Ltd	SB/QTN/14484/23-24	13-Nov-2023	Sales Desk	Open	
1885	Chemtech Alkoxides private limited	SB/QTN/14475 R1 /23-24	10-Nov-2023	Sales Desk	Open	
1886	DHANSHREE PACKAING	SB/QTN/14309-R3-F/23-24	07-Nov-2023	Amit B	Open	
1887	Regal Healthy Fine Foods Pvt. Ltd	SB/QTN/14477/23-24	07-Nov-2023	Amit B	Open	
1888	Chemtech Alkoxides private limited	SB/QTN/14775 /23-24	06-Nov-2023	Sales Desk	Open	
1889	FLOWLINE ENGINEERING SERVICES	SB/QTN/14473/23-24	04-Nov-2023	Sales Desk	Open	
1890	Gaurav Singh	SB/QTN/14205 B-R1-F/23-24	03-Nov-2023	Sales Desk	Open	
1891	ADF FOODS	SB/QTN/14466 CP B/23-24	02-Nov-2023	Sales Desk	Open	
1892	NEOTECH ENERGY SYSTEMS PVT LTD	SB/QTN/14465/23-24	02-Nov-2023	Sales Desk	Open	
1893	SG RICE MILL	SB/QTN/14467/23-24	02-Nov-2023	Sales Desk	Open	
1894	FLOWLINE ENGINEERING SERVICES	SB/QTN/14381 R2/23-24	01-Nov-2023	Sales Desk	Open	
1895	Asia Brown Bleachchem (P)Ltd.	SB/QTN/14340 Final/23-24	01-Nov-2023	Devansh Trivedi	Open	
1896	NEOTECH ENERGY SYSTEMS PVT LTD		01-Nov-2023	Sales Desk	Open	
1897	VIJAYA ARODHYAMA RICE MILL	SB/QTN/14451-24	31-Oct-2023	Devansh Trivedi	Open	
1898	SRI BALAJI PARBOLED RICE INDUSTRIES	14455A	30-Oct-2023	BDM Hyderabd	Open	
1899	SRI BALAJI PARBOLED RICE INDUSTRIES	14455B	30-Oct-2023	BDM Hyderabd	Open	
1900	M/S Flow line	14454	28-Oct-2023	BDM Hyderabd	Open	
1901	Hare Krishna Movement Charitable Foundation	SBH/SF/50/14458-CUM	28-Oct-2023	BDM Hyderabd	Open	
1902	Acetech Heavy Fab Private LTD	14450A-CUM	27-Oct-2023	BDM Hyderabd	Open	
1903	GOWARDHAN ENTERPRISES	SB/QTN/14453/23-24	27-Oct-2023	Sales Desk	Open	
1904	Bera Enterprise	SB/QTN/14444 R1/23-24	27-Oct-2023	Sales Desk	Open	
1905	M/S Flow line	14453	27-Oct-2023	BDM Hyderabd	Open	
1906	Mohini agro processors	SB/QTN/14447/23-24	26-Oct-2023	Sales Desk	Open	
1907	SK Tinku	SB/QTN/14446/23-24	26-Oct-2023	Sales Desk	Open	
1908	Sugreev Kumar	SB/QTN/14445/23-24	26-Oct-2023	Sales Desk	Open	
1909	Bera Enterprise	SB/QTN/14444/23-24	26-Oct-2023	Sales Desk	Open	
1910	Chinmay Apparels Private Limited	SB/QTN/14439/23-24	25-Oct-2023	Sales Desk	Open	
1911	Navya Enterprises	SB/QTN/14442/23-24	25-Oct-2023	Sales Desk	Open	
1912	Ashwariya Seeds	SB/QTN/14441-F/23-24	25-Oct-2023	Amit B	Open	
1913	Pratham Oil Industries	SB/QTN/14440-F-CP/23-24	25-Oct-2023	Sales Desk	Open	
1914	Emcor Packaging Private Limited	SB/QTN/14424 R1/23-24	21-Oct-2023	Sales Desk	Open	
1915	Vagesh Bk	SB/QTN/14433/23-24	21-Oct-2023	Sales Desk	Open	
1916	FLOWLINE ENGINEERING SERVICES	SB/QTN/14438/23-24	21-Oct-2023	Sales Desk	Open	
1917	Victoria foods	SBH/SF/150-C14436	21-Oct-2023	BDM Hyderabd	Open	
1918	Sangam Dairy	SB/QTN/14435/23-24	21-Oct-2023	Sales Desk	Open	
1919	GreenPark Hotels	14429B-CUM	20-Oct-2023	BDM Hyderabd	Open	
1920	Sangam Dairy		19-Oct-2023	Amit B	Open	
1921	GreenPark Hotels	SBH-SCT-OF-10-14429	19-Oct-2023	BDM Hyderabd	Open	
1922	PARASHAKTHI POLES INDUSTRY	SB/QTN/14431/23-24	19-Oct-2023	Sales Desk	Open	
1923	FLOWLINE ENGINEERING SERVICES	SB/QTN/14426/23-24	19-Oct-2023	Sales Desk	Open	
1924	Jasmine Agro Pvt Ltd	SB/QTN/14421 /23-24	18-Oct-2023	Sales Desk	Open	
1925	RR Soura Shakti Pvt. Ltd	SB/QTN/14422/2324	18-Oct-2023	Sales Desk	Open	
1926	Sri Rajeshwari Dairy Products	SB/QTN/14420/23-24	18-Oct-2023	Sales Desk	Open	
1927	Emcor Packaging Private Limited	SB/QTN/14424/23-24	18-Oct-2023	Sales Desk	Open	
1928	Sri Rajeshwari Dairy Products	SB/QTN/14420 R1/23-24	18-Oct-2023	Sales Desk	Open	
1929	Sri Rajeshwari Dairy Products	SB/QTN/14420/23-24	18-Oct-2023	Sales Desk	Open	
1930	Jasmine Agro Pvt Ltd	SB/QTN/14421 B/23-24	18-Oct-2023	Sales Desk	Open	
1931	Rajeev Ranjan	SB/QTN/14419/23-24	17-Oct-2023	Sales Desk	Open	
1932	Maa Bhagwati Rice Mills	SB/QTN/14411/23-24	11-Oct-2023	Sales Desk	Open	
1933	JP Industries	SB/QTN/14413/23-24/CP	11-Oct-2023	Amit B	Open	
1934	GHLS PRIVATE LIMITED	14410	10-Oct-2023	BDM Hyderabd	Open	
1935	Saishreya Products Pvt. Ltd	SB/QTN/14408/23-24	07-Oct-2023	Sales Desk	Open	
1936	BANA ECO WORKS LLP	SB/QTN/14409/23-24	07-Oct-2023	Sales Desk	Open	
1937	Eggway International Asia Private Limited		06-Oct-2023	BDM Hyderabd	Open	
1938	Kriti Enterprises	SB/QTN/14337 R1/23-24	06-Oct-2023	Sales Desk	Open	
1939	Maa Dwarsuni	SB/QTN/14404/23-24	06-Oct-2023	Sales Desk	Open	
1940	Gajanan Patil	SB/QTN/14405/23-24	06-Oct-2023	Sales Desk	Open	
1941	Gajanan Patil	SB/QTN/14405/23-24	06-Oct-2023	Sales Desk	Open	
1942	Gem Aromatics Pvt Ltd	SB/QTN/14398/23-24	04-Oct-2023	Amit B	Open	
1943	Akash Agrotech	SB/QTN/14397-F/23-24	04-Oct-2023	Amit B	Open	
1944	Maartan Fine Chem Private Limited	SB/QTN/14030-R4-F/23-24	03-Oct-2023	Amit B	Open	
1945	Gourmet Popcornica LLP	SB/QTN/14392-C-F/23-24	03-Oct-2023	Amit B	Open	
1946	MBF Furniture	SB/QTN/14396 B F/23-24	03-Oct-2023	Sales Desk	Open	
1947	Sri Lakshmi Narasimha soaps and oil manufactures	SB/QTN/14395 F/23-24	03-Oct-2023	Sales Desk	Open	
1948	Viajaya Food & Nutraceuticals Pvt Ltd		30-Sep-2023	Amit B	Open	
1949	Viajaya Food & Nutraceuticals Pvt Ltd		30-Sep-2023	Amit B	Open	
1950	Viajaya Food & Nutraceuticals Pvt Ltd	SB/QTN/14390/23-24	30-Sep-2023	Sales Desk	Open	
1951	Viajaya Food & Nutraceuticals Pvt Ltd		30-Sep-2023	Amit B	Open	
1952	nivetha jus	SB/QTN/14385/23-24	29-Sep-2023	Sales Desk	Open	
1953	BUYER	SB/QTN/14387/23-24	29-Sep-2023	Sales Desk	Open	
1954	THOMSON ELASTOMERS	SB/QTN/14388/23-24	29-Sep-2023	Sales Desk	Open	
1955	Jai bhawani industries	SB/QTN/14386/23-24	29-Sep-2023	Sales Desk	Open	
1956	IAP FARM SERVICE PRIVATE LIMITED	SB/QTN/14054-R2-F/23-24	27-Sep-2023	Devansh Trivedi	Open	
1957	Schon Pharmaceuticals Limited	SB/QTN/14380/23-24	27-Sep-2023	Devansh Trivedi	Open	
1958	IAP FARM SERVICE PRIVATE LIMITED		27-Sep-2023	Devansh Trivedi	Open	
1959	IAP FARM SERVICE PRIVATE LIMITED	SB/QTN/14054-R2-F/23-24	27-Sep-2023	Devansh Trivedi	Open	
1960	FLOWLINE ENGINEERING SERVICES	SB/QTN/14381/23-24	27-Sep-2023	Sales Desk	Open	
1961	Nuovo Prime Ventures	SB/QTN/14379/23-24	26-Sep-2023	Sales Desk	Open	
1962	Sulaiman	SB/QTN/14378/23-24	26-Sep-2023	Sales Desk	Open	
1963	Pregmatic	SB/QTN/14376/23-24	26-Sep-2023	Sales Desk	Open	
1964	Om Enterprises		26-Sep-2023	Sales Desk	Open	
1965	Om Enterprises	SB/QTN/14377/23-24	26-Sep-2023	Sales Desk	Open	
1966	Maartan Fine Chem Private Limited	SB/QTN/14030 R2-F/23-24	26-Sep-2023	Sales Desk	Open	
1967	Pregmatic	SB/QTN/14376/23-24	26-Sep-2023	Sales Desk	Open	
1968	NBP Nirman Bharat Panels LLP	SB/QTN/14375/23-24	25-Sep-2023	Sales Desk	Open	
1969	DERIVATE LABS PVT LTD		23-Sep-2023	Amit B	Open	
1970	DERIVATE LABS PVT LTD	SB/QTN/14374/23-24	23-Sep-2023	Amit B	Open	
1971	FLOWLINE ENGINEERING SERVICES	SB/QTN/14372/23-24	22-Sep-2023	Sales Desk	Open	
1972	Arvais Natures Products Pvt. Ltd	SB/QTN/14322R3/23-24	22-Sep-2023	Sales Desk	Open	
1973	SARADA METALS & ALLOYS LIMITED	SB/QTN/14365/23-24	21-Sep-2023	Sales Desk	Open	
1974	BEST ENGINEERING TECHNOLOGIES	SB/QTN/14363/23-24	21-Sep-2023	Sales Desk	Open	
1975	Jatin Rawal	SB/QTN/14367/23-24	21-Sep-2023	Sales Desk	Open	
1976	HTPL	SB/QTN/14364/23-24	21-Sep-2023	Sales Desk	Open	
1977	Mahabali construction	SB/QTN/14366/23-24	21-Sep-2023	Sales Desk	Open	
1978	SG RICE MILL	SB/QTN/14362/23-24	19-Sep-2023	Sales Desk	Open	
1979	Ajay Choudhary	SB/QTN/14358/23-24	19-Sep-2023	Sales Desk	Open	
1980	Parvez Sagor	SB/QTN/14359/23-24	19-Sep-2023	Sales Desk	Open	
1981	Aryan Dairy Products	SB/QTN/14361/23-24	19-Sep-2023	Sales Desk	Open	
1982	X-2 / V R Process	SB/QTN/14360/23-24	19-Sep-2023	Sales Desk	Open	
1983	Nikhil	SB/QTN/14357/23-24	16-Sep-2023	Sales Desk	Open	
1984	NAGANA GOUDA	SB/QTN/14356/23-24	16-Sep-2023	Sales Desk	Open	
1985	AKSHATA TRADE LINKS	SB/QTN/14353 B/23-24	14-Sep-2023	Sales Desk	Open	
1986	AKSHATA TRADE LINKS	SB/QTN/14353/23-24	14-Sep-2023	Sales Desk	Open	
1987	Jobi Manufacturers	SB/QTN/14352/23-24	12-Sep-2023	Sales Desk	Open	
1988	DHANSHREE PACKAING	SB/QTN/14309/23-24	09-Sep-2023	Sales Desk	Open	
1989	Spectra Technology Solutions Ltd	SB/QTN/14347/23-24	09-Sep-2023	Sales Desk	Open	
1990	Raks Pharama Pvt ltd		09-Sep-2023	BDM Hyderabd	Open	
1991	Shoba Rice Mill	SB/QTN/14343/23-24	08-Sep-2023	Sales Desk	Open	
1992	DHANSHREE PACKAING		08-Sep-2023	Sales Desk	Open	
1993	Jiya Natura Herbs	SB/QTN/14341-R1/23-24	07-Sep-2023	Amit B	Open	
1994	Shreyakon Chemicals P Ltd	SB/QTN/14294 R1-F/23-24	07-Sep-2023	Sales Desk	Open	
1995	Asia Brown Bleachchem (P)Ltd.	SB/QUO/14340/23-24	06-Sep-2023	Amit B	Open	
1996	M/s LOTUS CHOCOLATE	13570C-14bar	05-Sep-2023	BDM Hyderabd	Open	
1997	FLOWLINE ENGINEERING SERVICES	SB/QTN/14338/23-24	05-Sep-2023	Sales Desk	Open	
1998	Navneet Ultralite	SB/QUO/14339-F/23-24	05-Sep-2023	Amit B	Open	
1999	Sri Monika Seeds	SB/QUO/14335/23-24	04-Sep-2023	Amit B	Open	
2000	Kgs Fibers	SB/QTN/14336/23-24	04-Sep-2023	Sales Desk	Open	
2001	Rajesh building metrical	SB/QTN/14331B/23-24	04-Sep-2023	Sales Desk	Open	
2002	Sharad Gupta ji	SB/QTN/14311-R1-F /23-24	04-Sep-2023	Sales Desk	Open	
2003	Kgs Fibers	SB/QTN/14336/23-24	04-Sep-2023	Sales Desk	Open	
2004	SS Engineers India	SB/QTN/14333/23-24	04-Sep-2023	Sales Desk	Open	
2005	Kriti Enterprises	SB/QTN/14337/23-24	04-Sep-2023	Sales Desk	Open	
2006	Abdul Samad	SB/QTN/14329/23-24	04-Sep-2023	Sales Desk	Open	
2007	Rajesh building metrical	SB/QTN/14331A/23-24	04-Sep-2023	Sales Desk	Open	
2008	SS Engineers India		04-Sep-2023	Amit B	Open	
2009	M/s. MYTHRRI GLOBAL SILICATE	14323A	01-Sep-2023	BDM Hyderabd	Open	
2010	Arvais Natures Products Pvt. Ltd	SB/QTN/14322R1/23-24	01-Sep-2023	Sales Desk	Open	
2011	Sri Maruthi Builders	SB/QTN/14242-R4-F/23-24	01-Sep-2023	Sales Desk	Open	
2012	Arvais Natures Products Pvt. Ltd	SB/QTN/14322/23-24	31-Aug-2023	Sales Desk	Open	
2013	New Sri Krishna Dairy	SB/QTN/14322/23-24	30-Aug-2023	Sales Desk	Open	
2014	Patil Rail Infra	SB/QTN/13688-R1-F22-23	26-Aug-2023	Sales Desk	Open	
2015	Patil Rail Infra	SB/QUO/14315/23-24	25-Aug-2023	Amit B	Open	
2016	Pratibha Biotech	14304A	23-Aug-2023	BDM Hyderabd	Open	
2017	Sri Mallikarjuna Chemicals	SB/QTN/14310/23-24	23-Aug-2023	Sales Desk	Open	
2018	DHANSHREE PACKAING	SB/QTN/14309/23-24	22-Aug-2023	Sales Desk	Open	
2019	Fortune Engineering Works	SB/QTN/14308/23-24	22-Aug-2023	Sales Desk	Open	
2020	BEST ENGINEERING TECHNOLOGIES	SB/QTN/14301/23-24	21-Aug-2023	Sales Desk	Open	
2021	NEOTECH	14305	21-Aug-2023	BDM Hyderabd	Open	
2022	Prosafe Biologicals	14245B	21-Aug-2023	BDM Hyderabd	Open	
2023	UBIC LIFE SCIENCES	13583C	21-Aug-2023	BDM Hyderabd	Open	
2024	VARSH TECHNO IND-EQUIP PVT LTD	SB/QTN/14300/23-24	19-Aug-2023	Sales Desk	Open	
2025	Shreyakon Chemicals P Ltd	SB/QTN/14294/23-24	17-Aug-2023	Sales Desk	Open	
2026	Shreyakon Chemicals P Ltd	SB/QTN/14294 B /23-24	17-Aug-2023	Sales Desk	Open	
2027	Prosafe Biologicals	14245B	17-Aug-2023	BDM Hyderabd	Open	
2028	New Enterprises	SB/QTN/14112 B/23-24	12-Aug-2023	Sales Desk	Open	
2029	Khan Associates	SB/QTN/14289/23-24	11-Aug-2023	Sales Desk	Open	
2030	Khan Associates	SB/QTN/14289/23-24	11-Aug-2023	Sales Desk	Open	
2031	RANSH PHARMA PRIVATE LIMITED	SB/QTN/14287/23-24	10-Aug-2023	Sales Desk	Open	
2032	OEM Nispra Management	14269R1	10-Aug-2023	BDM Hyderabd	Open	
2033	Accrete Pharmaceuticals Pvt Ltd		09-Aug-2023	BDM Hyderabd	Open	
2034	Accrete Pharmaceuticals Pvt Ltd	SB/QTN/13621 A /23-24	08-Aug-2023	Sales Desk	Open	
2035	Sri Maruthi Builders	SB/QTN/14242 R2-F/23-24	07-Aug-2023	Sales Desk	Open	
2036	Alpine Housing	SB/QTN/14279-R1-F/23-24	07-Aug-2023	Amit B	Open	
2037	Yama Ribbon		05-Aug-2023	Sales Desk	Open	
2038	Alpine Housing	SB/QTN/14279-F/23-24	05-Aug-2023	Amit B	Open	
2039	Yama Ribbon	SB/QTN/14277A /23-24	05-Aug-2023	Sales Desk	Open	
2040	Yama Ribbon		05-Aug-2023	Amit B	Open	
2041	Yama Ribbon		05-Aug-2023	Amit B	Open	
2042	Yama Ribbon	SB/QTN/14277A /23-24	05-Aug-2023	Sales Desk	Open	
2043	Yama Ribbon	SB/QTN/14277C /23-24	05-Aug-2023	Sales Desk	Open	
2044	Yama Ribbon	SB/QTN/14277A /23-24	05-Aug-2023	Devansh Trivedi	Open	
2045	Dairy World	SB/QTN/14273B/23-24	04-Aug-2023	Sales Desk	Open	
2046	Dairy World	SB/QTN/14273/23-24	03-Aug-2023	Sales Desk	Open	
2047	Dairy World		03-Aug-2023	Sales Desk	Open	
2048	RAVIKA ORGANIC PRIVATE LIMITED	SB/QTN/13889-R1-F/22-23	03-Aug-2023	Sales Desk	Open	
2049	Maddi Ravi Kumar	SB/QTN/14271/22-23	02-Aug-2023	Sales Desk	Open	
2050	Maddi Ravi Kumar	SB/QTN/14271/22-23	02-Aug-2023	Sales Desk	Open	
2051	Eco Friendly Light Weight Bricks.	SB/QTN/14272 B/23-24	02-Aug-2023	Sales Desk	Open	
2052	Siddhartha Chidipothu	SB/QTN/14267/23-24	01-Aug-2023	Sales Desk	Open	
2053	OEM Nispra Management	14269	01-Aug-2023	BDM Hyderabd	Open	
2054	Kuna	SB/QTN/14268/23-24	01-Aug-2023	Sales Desk	Open	
2055	HBL POWER SYSTEMS LTD	14264	31-Jul-2023	BDM Hyderabd	Open	
2056	SLV PLYWOOD BOARD & DOOR MANUFACTURIY INDUSTRIES	SB/QTN/14261/23-24	31-Jul-2023	Sales Desk	Open	
2057	SLV PLYWOOD BOARD & DOOR MANUFACTURIY INDUSTRIES	SB/QTN/14261 F /23-24	31-Jul-2023	Sales Desk	Open	
2058	Apoorv Mehrotra	SB/QTN/14263/22-23	31-Jul-2023	Sales Desk	Open	
2059	SMART LIFE SCIENCES	SB/QTN/14258 B/23-24	29-Jul-2023	Sales Desk	Open	
2060	ANJALI POLY & CORRUGATOR	SB/QTN/14250-B-F/23-24	29-Jul-2023	Amit B	Open	
2061	Gunajit	SB/QTN/14260/23-24	29-Jul-2023	Sales Desk	Open	
2062	ANU ADITHYA AGRO	SB/QTN/14259/23-24	29-Jul-2023	Sales Desk	Open	
2063	test for check		28-Jul-2023	Amit B	Open	
2064	S & S Enterprises	SB/QTN/14216-BK-F/23-24	28-Jul-2023	Sales Desk	Open	
2065	chakra chem life science pvt ltd	14247A	28-Jul-2023	BDM Hyderabd	Open	
2066	Klotagos KLOTOE		28-Jul-2023	Amit B	Open	
2067	Amruth Organic Fertilizers	SB/QTN/14249/23-24	26-Jul-2023	Sales Desk	Open	
2068	Parker Hannifin India Pvt. Ltd	14247	26-Jul-2023	BDM Hyderabd	Open	
2069	Sri Maruthi Builders	SB/QTN/14242/23-24	25-Jul-2023	Sales Desk	Open	
2070	Prosafe Biologicals	14245	25-Jul-2023	BDM Hyderabd	Open	
2071	Alggro Precast Cement Products	SB/QTN/14240/23-24	24-Jul-2023	Sales Desk	Open	
2072	Ma Durga Fertiliser	SB/QTN/14239/23-24	24-Jul-2023	Sales Desk	Open	
2073	liha life Science pvt ltd	14238R1	24-Jul-2023	BDM Hyderabd	Open	
2074	Ma Durga Fertiliser	SB/QTN/14239B/23-24	24-Jul-2023	Sales Desk	Open	
2075	Sri Maruthi Builders	SB/QTN/14242/23-24	24-Jul-2023	Sales Desk	Open	
2076	Ma Durga Fertiliser	SB/QTN/14239/23-24	24-Jul-2023	Sales Desk	Open	
2077	liha life Science pvt ltd	SB/QTN/14238/23-24	24-Jul-2023	Sales Desk	Open	
2078	M/S.SRIVEN PHARMACHEM PVT LTD	13151C	22-Jul-2023	BDM Hyderabd	Open	
2079	M/S.SRIVEN PHARMACHEM PVT LTD	13151C	22-Jul-2023	BDM Hyderabd	Open	
2080	SANCHI AGRO VENTURES	SB/QTN/14236/23-24	21-Jul-2023	Sales Desk	Open	
2081	SS Engineers India	SB/QTN/14232/23-24	20-Jul-2023	Sales Desk	Open	
2082	SS Engineers India	SB/QTN/14232/23-24	20-Jul-2023	Sales Desk	Open	
2083	BEST ENGINEERING TECHNOLOGIES	SB/QTN/14231/23-24	19-Jul-2023	Sales Desk	Open	
2084	M/s Bharathi Seeds	SB/QTN/14227/23-24	19-Jul-2023	Sales Desk	Open	
2085	Pratap Marble Tiles And Sanitary	SB/QTN/14228/23-24	19-Jul-2023	Sales Desk	Open	
2086	M/s Bharathi Seeds	14227	19-Jul-2023	BDM Hyderabd	Open	
2087	Pratap Marble Tiles And Sanitary	SB/QUO/14229/23-24	19-Jul-2023	Sales Desk	Open	
2088	PowerSol Infra Services Pvt Ltd	SB/QTN/14223/23-24	15-Jul-2023	Sales Desk	Open	
2089	VINAYA AGRO FOODS	SB/QTN/14221/23-24	15-Jul-2023	Sales Desk	Open	
2090	JM Prasad	SB/QTN/14217/23-24	14-Jul-2023	Sales Desk	Open	
2091	JM Prasad	SB/QTN/14217/23-24	14-Jul-2023	Sales Desk	Open	
2092	S & S Enterprises	SB/QTN/14216-R2-F/23-24	13-Jul-2023	Amit B	Open	
2093	Bimix Machines Pvt Ltd	SB/QTN/14215-F/23-24	12-Jul-2023	Amit B	Open	
2094	FLOWLINE ENGINEERING SERVICES	SB/QTN/14214/23-24	11-Jul-2023	Sales Desk	Open	
2095	RADHA KRISHNA POLY PACK	SB/QTN/14202/23-24	10-Jul-2023	Sales Desk	Open	
2096	Remedy Health Products Pvt. Ltd	SB/QTN/14042-D-R3-F/23-24	10-Jul-2023	Amit B	Open	
2097	NEOTECH ENERGY SYSTEMS PVT LTD	SB/QTN/14210/23-24	08-Jul-2023	Sales Desk	Open	
2098	Enal Drugs Private Limited	SB/QTN/14208/23-24	08-Jul-2023	Sales Desk	Open	
2099	Enal Drugs Private Limited	SB/QTN/14208/23-24	08-Jul-2023	Sales Desk	Open	
2100	NEOTECH ENERGY SYSTEMS PVT LTD	SB/QTN/14207/23-24	08-Jul-2023	Sales Desk	Open	
2101	Bluecat Paper LLP	SB/QTN/14182C /23-24	07-Jul-2023	Sales Desk	Open	
2102	BRS REFINERIES	SB/QTN/14209/23-24	06-Jul-2023	Sales Desk	Open	
2103	Ashwaria Seeds	SB/QTN/14204-F/23-24	06-Jul-2023	Amit B	Open	
2104	Sri Vishnu Seeds	SB/QTN/14106-D-F/23-24	06-Jul-2023	Amit B	Open	
2105	Bluecat Paper LLP	SB/QTN/14182/23-24	06-Jul-2023	Sales Desk	Open	
2106	Gaurav Singh	SBQTN/14205/2023-24	06-Jul-2023	Sales Desk	Open	
2107	BRS REFINERIES	SB/QTN/14209 B/23-24	06-Jul-2023	Sales Desk	Open	
2108	DEEPAK NITRITE LIMITED	13605A-R1	05-Jul-2023	BDM Hyderabd	Open	
2109	DEEPAK NITRITE LIMITED	13504D	05-Jul-2023	BDM Hyderabd	Open	
2110	Champaran Poultry Feed	SB/QTN/14194/23-24	03-Jul-2023	Sales Desk	Open	
2111	Racs Pharmacam India Pvt Ltd	14200-Commercial	03-Jul-2023	BDM Hyderabd	Open	
2112	Racs Pharmacam India Pvt Ltd	SB/QTN/14200/23-24	03-Jul-2023	Sales Desk	Open	
2113	K N Rubber	SB/QTN/14196/23-24	03-Jul-2023	Sales Desk	Open	
2114	K N Rubber	SB/QTN/14196/23-24	03-Jul-2023	Sales Desk	Open	
2115	M/s. Canva Bio	13797B	03-Jul-2023	BDM Hyderabd	Open	
2116	Halder Enterprise	SB/QTN/14193/23-24	03-Jul-2023	Sales Desk	Open	
2117	farmer	SB/QTN/14197/23-24	03-Jul-2023	Sales Desk	Open	
2118	keshav agro industry	SB/QTN/14199/23-24	03-Jul-2023	Sales Desk	Open	
2119	Maa Rice Industries	SB/QTN/14198/23-24	03-Jul-2023	Sales Desk	Open	
2120	Shri Mahadev Foods	SB/QTN/14195/23-24	03-Jul-2023	Sales Desk	Open	
2121	Sri Lakshmi Seeds	SB/QTN/14189-F/23-24	02-Jul-2023	Amit B	Open	
2122	Monika Seed	SB/QTN/14188-F/23-24	01-Jul-2023	Amit B	Open	
2123	M/s. Sri Venkateshwara Industries	14186Commercial	30-Jun-2023	BDM Hyderabd	Open	
2124	Chaitanya Pharmaceuticals Pvt. Ltd	SB/QTN/14187/23-24	30-Jun-2023	Sales Desk	Open	
2125	M/S Heena Metal Pvt Ltd	14135R1	30-Jun-2023	BDM Hyderabd	Open	
2126	NEOTECH ENERGY SYSTEMS PVT LTD	SB/QTN/14184/23-24	29-Jun-2023	Sales Desk	Open	
2127	Bluecat Paper LLP	SB/QTN/14182/23-24	28-Jun-2023	Sales Desk	Open	
2128	NEOTECH ENERGY SYSTEMS PVT LTD	SB/QTN/14728B /23-24	27-Jun-2023	Sales Desk	Open	
2129	Bhole Baba Organics Dairy Milk Pvt Ltd	SB/QTN/14177/23-24	26-Jun-2023	Sales Desk	Open	
2130	Yuvan Seeds	SB/QTN/14180/23-24	26-Jun-2023	Amit B	Open	
2131	Adidude Chemicals	SB/QTN/14175 B/23-24	26-Jun-2023	Sales Desk	Open	
2132	Adidude Chemicals	SB/QTN/14175 A/23-24	26-Jun-2023	Sales Desk	Open	
2133	M/s .Solvent Distillation	14137B	26-Jun-2023	BDM Hyderabd	Open	
2134	Hemant Industries	SB/QTN/14174/23-24	26-Jun-2023	Sales Desk	Open	
2135	Sri Sai Aqua Foods	SB/QTN/14176 F/23-24	26-Jun-2023	Sales Desk	Open	
2136	Purna Milk Wardha	SB/QTN/14169 R1/23-24	24-Jun-2023	Sales Desk	Open	
2137	Purna Milk Wardha	SB/QTN/14169/23-24	23-Jun-2023	Sales Desk	Open	
2138	LV Prasad Pre Fan Constructions	SB/QTN/14155/23-24	22-Jun-2023	Sales Desk	Open	
2139	Rs Foods	SB/QTN/13893/23-24	22-Jun-2023	Sales Desk	Open	
2140	JMJ Industries	SB/QTN/14167/23-24	22-Jun-2023	Sales Desk	Open	
2141	amar jyoti automobiles	SB/QTN/14164/22-24	22-Jun-2023	Sales Desk	Open	
2142	Sri Nitya Feeds	SB/QTN/14166/23-24	22-Jun-2023	Sales Desk	Open	
2143	Pappu Girh Udyog	SB/QTN/14154/23-24	20-Jun-2023	Sales Desk	Open	
2144	Acor	SB/QTN/14161/23-24	20-Jun-2023	Sales Desk	Open	
2145	NEOTECH ENERGY SYSTEMS PVT LTD	SB/QTN/14158/23-24	20-Jun-2023	Sales Desk	Open	
2146	Karthik Engineering	SB/QTN/14160/23-24	20-Jun-2023	Sales Desk	Open	
2147	M/S.MAYASH LABS	14142A-CUM	19-Jun-2023	BDM Hyderabd	Open	
2148	Maatha Rani Rice Mill	SB/QTN/14155-F/23-24	18-Jun-2023	Amit B	Open	
2149	Maatha Rani Rice Mill	SB/QTN/14155-R1-F/23-24	18-Jun-2023	Amit B	Open	
2150	NEOTECH ENERGY SYSTEMS PVT LTD	SB/QTN/14157/23-24	17-Jun-2023	Sales Desk	Open	
2151	LV Prasad Pre Fan Constructions	SB/QTN/14155/23-224	17-Jun-2023	Sales Desk	Open	
2152	Godavari Biorefineries Limited	SB/QTN/14159/23-24	17-Jun-2023	Sales Desk	Open	
2153	Godavari Biorefineries Limited	SB/QTN/14159/23-24	17-Jun-2023	Sales Desk	Open	
2154	M/S.MAYASH LABS	14142B	16-Jun-2023	BDM Hyderabd	Open	
2155	M/S.UNITED ENGINEERS	14143-COMMERCIAL	16-Jun-2023	BDM Hyderabd	Open	
2156	Shree Jaya Laboratories (P) Ltd.,	SB/QTN/14145/23-24	16-Jun-2023	Sales Desk	Open	
2157	Shivram Agro Industries	SB/QTN/14140/23-24	15-Jun-2023	Sales Desk	Open	
2158	M/S Heena Metal Pvt Ltd	14141-Commercial	15-Jun-2023	BDM Hyderabd	Open	
2159	M/s .Solvent Distillation	14137-Commercial	15-Jun-2023	BDM Hyderabd	Open	
2160	SAI GYPSUM TRADER	SB/QTN/14111 B/23-24	15-Jun-2023	Sales Desk	Open	
2161	Rohith Milk & Milk Products	14138	14-Jun-2023	BDM Hyderabd	Open	
2162	M/s. EQUATOR ENVIRO SOLUTIONS	14136	14-Jun-2023	BDM Hyderabd	Open	
2163	HUSK GLOBAL TECHNOLOGIES PVT LTD	SB/QTN/14139/23-24	14-Jun-2023	Sales Desk	Open	
2164	Kadakawal Agrotech Private Limited	14135	14-Jun-2023	BDM Hyderabd	Open	
2165	GEMINI DYEING & PRINTING MILLS PVT LTD	SB/QTN/14133/23-24	14-Jun-2023	Sales Desk	Open	
2166	SMM SILK REELING INDUSTRY (ARM)	SB/QTN/14132 A/23-24	12-Jun-2023	Sales Desk	Open	
2167	Vinayaga Modern Rice Mill	SB/QTN/14130/23-24	12-Jun-2023	Sales Desk	Open	
2168	SMM SILK REELING INDUSTRY (ARM)	SB/QTN/14132 B/23-24	12-Jun-2023	Sales Desk	Open	
2169	Just Ask Suppliers & Works	SB/QTN/14131/23-24	12-Jun-2023	Sales Desk	Open	
2170	Anirban Choudhury	SB/QTN/14122/23-24	09-Jun-2023	Sales Desk	Open	
2171	Shiva	SB/QTN/14123/23-24	09-Jun-2023	Sales Desk	Open	
2172	SS POULTRY	SB/QTN/14126/23-24	09-Jun-2023	Sales Desk	Open	
2173	Diyago Interior	SB/QTN/14119/23-24	09-Jun-2023	Sales Desk	Open	
2174	Nair	SB/QTN/14121-B-F/23-24	09-Jun-2023	Amit B	Open	
2175	Nair	SB/QTN/14121-A-F/23-24	08-Jun-2023	Amit B	Open	
2176	Lacpitalistic Inc	SB/QTN/14120/23-24	08-Jun-2023	Sales Desk	Open	
2177	Lacpitalistic Inc	SB/QTN/14120/23-24	08-Jun-2023	Sales Desk	Open	
2178	Lacpitalistic Inc	SB/QTN/14120/23-24	08-Jun-2023	Sales Desk	Open	
2179	Usha International	SB/QTN/14118-F/23-24	06-Jun-2023	Amit B	Open	
2180	Aerotech Energy Solutions	SB/QTN/14109/23-24	06-Jun-2023	Amit B	Open	
2181	Life Water	SB/QTN/14115/23-24	05-Jun-2023	Sales Desk	Open	
2182	amrut foundation	SB/QTN/14114/23-24	05-Jun-2023	Sales Desk	Open	
2183	amrut foundation	SB/QTN/14114/23-24	05-Jun-2023	Sales Desk	Open	
2184	Gourmet Popcornica LLP	SB/QTN/14107/23-24	03-Jun-2023	Amit B	Open	
2185	Sri Vishnu Seeds		03-Jun-2023	Amit B	Open	
2186	Sri Vishnu Seeds	SB/QTN/14106-B/23-24	03-Jun-2023	Amit B	Open	
2187	New Enterprises	SB/QTN/14112/23-24	03-Jun-2023	Sales Desk	Open	
2188	Jai Sree Durga Industries	SB/QTN/14110/23-24	03-Jun-2023	Sales Desk	Open	
2189	SAI GYPSUM TRADER	SB/QTN/14111/23-24	03-Jun-2023	Sales Desk	Open	
2190	test for check		02-Jun-2023	Amit B	Open	
2191	BEST ENGINEERING TECHNOLOGIES	SB/QTN/14105/23-24	01-Jun-2023	Sales Desk	Open	
2192	BEST SOLUTION ENTERPRISE	SB/QTN/14104/23-24	01-Jun-2023	Sales Desk	Open	
2193	NEOTECH ENERGY SYSTEMS PVT LTD	SB/QTN/14100 A/23-24	31-May-2023	Sales Desk	Open	
2194	NEOTECH ENERGY SYSTEMS PVT LTD	SB/QTN/14100 B/23-24	31-May-2023	Sales Desk	Open	
2195	Krishna Phosphorous	SB/QTN/14097/23-27	30-May-2023	Sales Desk	Open	
2196	NEOTECH BOILERS PRIVATE LIMITED	SB/QTN/13757-R1 /23-24	30-May-2023	Sales Desk	Open	
2197	Yusuf	SB/QTN/14098/23-24	30-May-2023	Sales Desk	Open	
2198	NAMI LIFE SCIENCES PVT LTD	14096-SBH-SF-100-WB-E	29-May-2023	BDM Hyderabd	Open	
2199	Haneef Engineering Associates	14093	24-May-2023	BDM Hyderabd	Open	
2200	Sailaja Foods	13979C-BOP-AF600	23-May-2023	BDM Hyderabd	Open	
2201	Eestella Logmin LLP	SB/QTN/14076/22-23	23-May-2023	Sales Desk	Open	
2202	NEOTECH ENERGY SYSTEMS PVT LTD	SB/QTN/14084 R1/22-23	23-May-2023	Sales Desk	Open	
2203	Sri Srithik Dairy Products Pvt Ltd	SB/QTN/14083 B/22-23	22-May-2023	Sales Desk	Open	
2204	Star Cashew Processing Co. OP Industries Ltd.	SB/QTN/14089/22-23	22-May-2023	Sales Desk	Open	
2205	Star Cashew Processing Co. OP Industries Ltd.	SB/QTN/14089/22-23	22-May-2023	Sales Desk	Open	
2206	Sri Srithik Dairy Products Pvt Ltd	SB/QTN/14083/22-23	22-May-2023	Sales Desk	Open	
2207	Laxmi Rice Mill	SB/QTN/14091-F/23-24	22-May-2023	Amit B	Open	
2208	NEOTECH ENERGY SYSTEMS PVT LTD	SB/QTN/14084/22-23	20-May-2023	Sales Desk	Open	
2209	Dairy Plant	SB/QTN/14071/23-24	20-May-2023	Sales Desk	Open	
2210	Subbu Milk Dairy	SB/QTN/14085/23-24	20-May-2023	Sales Desk	Open	
2211	VB Medicare private limited	SB/QTN/14080/23-24	19-May-2023	Sales Desk	Open	
2212	Goose Industrial Solutions Pvt. Ltd.	SB/QTN/14078 R1 -F/23-24	19-May-2023	Sales Desk	Open	
2213	M/s.Engineers & Developers	14062B R1	19-May-2023	BDM Hyderabd	Open	
2214	Goose Industrial Solutions Pvt. Ltd.	SB/QTN/14078 F/22-23	19-May-2023	Sales Desk	Open	
2215	Shafique Mohammed	SB/QTN/14069 R2-F/23-24	18-May-2023	Sales Desk	Open	
2216	Sharna Food Products	SB/QTN/14066 R2-F/23-24	18-May-2023	Sales Desk	Open	
2217	NEOTECH ENERGY SYSTEMS PVT LTD	SB/QTN/14070 R1/23-24	18-May-2023	Sales Desk	Open	
2218	indo block pvt ltd	SB/QTN/14052/22-23	17-May-2023	Sales Desk	Open	
2219	Creamline Dairy Products Limited	SB/QTN/14072/22-23	17-May-2023	Sales Desk	Open	
2220	Shafique Mohammed	SB/QTN/14069/23-24	17-May-2023	Sales Desk	Open	
2221	NEOTECH ENERGY SYSTEMS PVT LTD	SB/QTN/14070/23-24	17-May-2023	Sales Desk	Open	
2222	Sharna Food Products	SB/QTN/14066 R1-F /23-24	16-May-2023	Sales Desk	Open	
2223	M/s.Engineers & Developers	14062	16-May-2023	BDM Hyderabd	Open	
2224	RANSH PHARMA PRIVATE LIMITED	SB/QTN/14062/22-23	15-May-2023	Sales Desk	Open	
2225	M/s. SUZEN MEDICARE PVT LTD	14065A	15-May-2023	BDM Hyderabd	Open	
2226	FLOWLINE ENGINEERING SERVICES	SB/QTN/14060/22-23	15-May-2023	Sales Desk	Open	
2227	Kesharwani Plywood	SB/QTN/14064-F/23-24	15-May-2023	Amit B	Open	
2228	Sharna Food Products	SB/QTN/14066/23-24	15-May-2023	Sales Desk	Open	
2229	SARAT RICE MILL	SB/QTN/14053/22-23	13-May-2023	Sales Desk	Open	
2230	indo block pvt ltd	SB/QTN/14052/22-23	13-May-2023	Sales Desk	Open	
2231	IAP FARM SERVICE PRIVATE LIMITED	SB/QTN/14054-R1-F/22-23	13-May-2023	Sales Desk	Open	
2232	SARAT RICE MILL	SB/QTN/14053/23-24	13-May-2023	Sales Desk	Open	
2233	Palral Milk Private Limited	SB/QTN/14019 R1/22-23	13-May-2023	Sales Desk	Open	
2234	M/s. Blue Hawk Life Sciences Pvt Ltd	14055A	12-May-2023	BDM Hyderabd	Open	
2235	M/s. Blue Hawk Life Sciences Pvt Ltd	14055B	12-May-2023	BDM Hyderabd	Open	
2236	Santhosh	14042	11-May-2023	BDM Hyderabd	Open	
2237	Shiva Sai Sangham Dairy Products	14040	11-May-2023	BDM Hyderabd	Open	
2238	Santhosh	14042A	11-May-2023	BDM Hyderabd	Open	
2239	M/S . AVS CONCRETECH SOLUTIONS	14039	10-May-2023	BDM Hyderabd	Open	
2240	NSPIRA MANAGEMENT SERVICE PVT LTD	SB/QTN/14038 A /23-24	10-May-2023	Sales Desk	Open	
2241	PROMT PACKAGEING	14025R1	10-May-2023	BDM Hyderabd	Open	
2242	LEVO CHEMI LLP	SB/QTN/14036/22-23	10-May-2023	Sales Desk	Open	
2243	NSPIRA MANAGEMENT SERVICE PVT LTD	SB/QTN/14039 B/22-23	10-May-2023	Sales Desk	Open	
2244	GSR Green Industry	14032	09-May-2023	BDM Hyderabd	Open	
2245	JANATA WOOD	SB/QTN/14033-F/22-23	09-May-2023	Sales Desk	Open	
2246	Veer Chemie & Aromatics Pvt Ltd.,	SB/QTN/14031/22-23	09-May-2023	Sales Desk	Open	
2247	Maartan Fine Chem Private Limited	SB/QTN/14030/22-23	09-May-2023	Sales Desk	Open	
2248	Maartan Fine Chem Private Limited	SB/QTN/14030/22-23	09-May-2023	Sales Desk	Open	
2249	GSR Green Industry	14032B	09-May-2023	BDM Hyderabd	Open	
2250	Creamline Dairy Products Ltd	14030	07-May-2023	BDM Hyderabd	Open	
2251	PROMT PACKAGEING	14025	05-May-2023	BDM Hyderabd	Open	
2252	HUSK GLOBAL TECHNOLOGIES PVT LTD	SB/QTN/14022 R1/23-24	05-May-2023	Sales Desk	Open	
2253	SS CATERERS	SB/QTN/14012B/22-23	05-May-2023	Sales Desk	Open	
2254	Hara Corrugator Private Limited	SB/QTN/14020/22-23	04-May-2023	Sales Desk	Open	
2255	Palral Milk Private Limited	SB/QTN/14019/22-23	04-May-2023	Sales Desk	Open	
2256	Palral Milk Private Limited	SB/QTN/14019/22-23	04-May-2023	Sales Desk	Open	
2257	SRI BALAJI METAL INDUSTRIES	14006B	04-May-2023	BDM Hyderabd	Open	
2258	SRI TRIVENI LIGHT BRICKS	SB/QTN/14017/22-23	04-May-2023	Sales Desk	Open	
2259	National Plywood & Veneer	SB/QTN/14018/22-23	04-May-2023	Sales Desk	Open	
2260	HUSK GLOBAL TECHNOLOGIES PVT LTD	SB/QTN/14022/22-23	04-May-2023	Sales Desk	Open	
2261	RATHINAVEL	SB/QTN/14016/22-23	03-May-2023	Sales Desk	Open	
2262	National Plywood & Veneer		03-May-2023	Amit B	Open	
2263	RATHINAVEL	SB/QTN/14014/22-23	03-May-2023	Sales Desk	Open	
2264	SS CATERERS	SB/QTN/14012/22-23	03-May-2023	Sales Desk	Open	
2265	NAV PRAYAS	SB/QTN/13899-C-R2-F/22-23	30-Apr-2023	Sales Desk	Open	
2266	Vijay Babu	14006	27-Apr-2023	BDM Hyderabd	Open	
2267	Devani Engineering Pvt Ltd	SB/QTN/14007 A/22-23	27-Apr-2023	Sales Desk	Open	
2268	Devani Engineering Pvt Ltd	SB/QTN/14007 B/22-23	27-Apr-2023	Sales Desk	Open	
2269	VINDRA AAGRO	SB/QTN/14004/22-23	26-Apr-2023	Sales Desk	Open	
2270	ARVIND RICE MILL	SB/QTN/14003-B/22-23	25-Apr-2023	Sales Desk	Open	
2271	FERMAC BIO PRIVATE LTD	13915D	24-Apr-2023	BDM Hyderabd	Open	
2272	Shristi Flame	SB/QTN/13995/22-23	24-Apr-2023	Sales Desk	Open	
2273	Earthyy Bags	SB/QTN/13994/22-23	24-Apr-2023	Sales Desk	Open	
2274	Ganesh Services	SB/QTN/13996-A-F/23-24	24-Apr-2023	Amit B	Open	
2275	engineered polymers India P Ltd	SB/QTN/13952-R1/22-23	23-Apr-2023	Sales Desk	Open	
2276	KASHI ANMATES	SB/QTN/13632/22-23	22-Apr-2023	Sales Desk	Open	
2277	OMKAR MAMIDA	SB/QTN/13986/22-23	21-Apr-2023	Sales Desk	Open	
2278	Gautami Ecolites Blocks	SB/QTN/13988/22-23	20-Apr-2023	Sales Desk	Open	
2279	FERMAC BIO PRIVATE LTD	1315C-Final Cum Offer	19-Apr-2023	BDM Hyderabd	Open	
2280	Vidya Herbs Pvt. Ltd	SB/QTN/13907-R1/22-23	18-Apr-2023	Amit B	Open	
2281	SS Engineers India	SB/QTN/13984-F/23-24	18-Apr-2023	Amit B	Open	
2282	FERMAC BIO PRIVATE LTD		18-Apr-2023	BDM Hyderabd	Open	
2283	OM ALLOY CASTING	SB/QTN/13983/22-23	17-Apr-2023	Sales Desk	Open	
2284	OM ALLOY CASTING	SB/QTN/13983 B/23-24	17-Apr-2023	Sales Desk	Open	
2285	RI RAMDAS FOOD WORKS PRIVATE LIMITED	SB/QTN/13982/22-23	17-Apr-2023	Sales Desk	Open	
2286	FERMAC BIO PRIVATE LTD	13915A-R1 Final Offer	15-Apr-2023	BDM Hyderabd	Open	
2287	CRESCENT ENTERPRISES	SB/QTN/13978/22-23	15-Apr-2023	Sales Desk	Open	
2288	T-MSK Engineering and Services.,	SB/QTN/13981/23-24	15-Apr-2023	Sales Desk	Open	
2289	SRI ADITYA PHARMA TRADERS	SB/QTN/13977/22-23	14-Apr-2023	Sales Desk	Open	
2290	FERMAC BIO PRIVATE LTD	13915C-Commercial Offer	13-Apr-2023	BDM Hyderabd	Open	
2291	Shree Bhagath Industries	SB/QTN/13975/22-23	12-Apr-2023	Sales Desk	Open	
2292	Amvik Launders	SB/QTN/13976/22-23	12-Apr-2023	Sales Desk	Open	
2293	Nissi Energy Engineering Services	SB/QTN/13863-R1/22-23	12-Apr-2023	Amit B	Open	
2294	Garmain Enterprises	SB/QTN/13973/22-23	12-Apr-2023	Sales Desk	Open	
2295	Suman	SB/QTN/13962/22-23	11-Apr-2023	Sales Desk	Open	
2296	Shivshambhu Dudh Sang	SB/QTN/13920/22-23	11-Apr-2023	Sales Desk	Open	
2297	Asmita Industries	SB/QTN/13967 B/22-23	11-Apr-2023	Sales Desk	Open	
2298	Akansha Builder	SB/QTN/13963 B/22-23	11-Apr-2023	Sales Desk	Open	
2299	Sri Bhagya Lakshmi Agro foods (P) Ltd	SB/QTN/13965/22-23	11-Apr-2023	Sales Desk	Open	
2300	Asmita Industries	SB/QTN/13967/22-23	11-Apr-2023	Sales Desk	Open	
2301	Akansha Builder	SB/QTN/13963 A/22-23	11-Apr-2023	Sales Desk	Open	
2302	Abhinash Sahoo	SB/QTN/13969/22-23	11-Apr-2023	Sales Desk	Open	
2303	Prakash Rice Mill	SB/QTN/13864 B/22-23	10-Apr-2023	Sales Desk	Open	
2304	Emcor Packaging Private Limited	SB/QTN/13956/22-23	07-Apr-2023	Sales Desk	Open	
2305	Wintech Supply	SB/QTN/13955/22-23	07-Apr-2023	Sales Desk	Open	
2306	engineered polymers India P Ltd	SB/QTN/13952/22-23	07-Apr-2023	Sales Desk	Open	
2307	Gwalior Sun Pipes	SB/QTN/13953/22-23	07-Apr-2023	Sales Desk	Open	
2308	Abhilash Enterprises		07-Apr-2023	BDM Hyderabd	Open	
2309	SK Traders	SB/QTN/13954/22-23	07-Apr-2023	Sales Desk	Open	
2310	Wintech Supply	SB/QTN/13955/22-23	07-Apr-2023	Sales Desk	Open	
2311	engineered polymers India P Ltd	SB/QTN/13952/2022-23	05-Apr-2023	Sales Desk	Open	
2312	Efficient Agrichem Private Limited	SB/QTN/13943/22-23	04-Apr-2023	Sales Desk	Open	
2313	M/S . KANAK SILKS	SB/Commercial -13948/23-24	04-Apr-2023	BDM Hyderabd	Open	
2314	Life line	SB/QTN/13942/23-24	01-Apr-2023	Sales Desk	Open	
2315	RAVIKA ORGANIC PRIVATE LIMITED	SB/QTN/13889-C-R1-F/22-23	30-Mar-2023	Sales Desk	Open	
2316	Raza sizing works	SB/QTN/13932/22-23	30-Mar-2023	Sales Desk	Open	
2317	Nosch Labs Private Limited	SB/QTN/13927 R2/22-23	29-Mar-2023	Sales Desk	Open	
2318	Nanjundeswara Rice Mill	SB/QTN/13930/22-23	29-Mar-2023	Sales Desk	Open	
2319	Suprabhat Laboratories Private Limited	13478R2	29-Mar-2023	BDM Hyderabd	Open	
2320	Nanjundeswara Rice Mill	SB/QTN/13930 B/22-23	29-Mar-2023	Sales Desk	Open	
2321	Sree Sai Matha Enterprises	SB/QTN/13925 B/22-23	28-Mar-2023	Sales Desk	Open	
2322	Nosch Labs Private Limited	SB/QTN/13927/22-23	28-Mar-2023	Sales Desk	Open	
2323	Chemic Life Sciences	SB/QTN/13922 R1/22-23	28-Mar-2023	Sales Desk	Open	
2324	Rajnarayan Kaithwas	SB/QTN/13912 B/22-23	27-Mar-2023	Sales Desk	Open	
2325	Sree Sai Maatha Enterprises		26-Mar-2023	Amit B	Open	
2326	Sree Sai Maatha Enterprises	SB/QTN/13925-CO/22-23	26-Mar-2023	Amit B	Open	
2327	Chemic Life Sciences	SB/QTN/13922/22-23	25-Mar-2023	Sales Desk	Open	
2328	Indus plywood Industries	SB/QTN/13924/22-23	25-Mar-2023	Sales Desk	Open	
2329	LAUNDRY LINE	SB/QTN/13919/22-23	25-Mar-2023	Sales Desk	Open	
2330	Laxmi Industries	SB/QTN/13890 B/22-23	25-Mar-2023	Sales Desk	Open	
2331	Hari Om Industries	SB/QTN/14692 R2 /2023-24	25-Mar-2023	Sales Desk	Open	
2332	SCIEGEN PHARMACEUTICALS INDIA PVT LTD	13915	25-Mar-2023	BDM Hyderabd	Open	
2333	Rajnarayan Kaithwas	SB/QTN/13912/22-23	25-Mar-2023	Sales Desk	Open	
2334	FERMAC BIO PRIVATE LTD	915B-COMMERCIAL	24-Mar-2023	BDM Hyderabd	Open	
2335	FERMAC BIO PRIVATE LTD	13915A-COMMERCIAL	24-Mar-2023	BDM Hyderabd	Open	
2336	M/s Neutra Feeds	13921	24-Mar-2023	BDM Hyderabd	Open	
2337	Kreative Organics Private Limited	SB/QTN/13914/22-23	23-Mar-2023	Sales Desk	Open	
2338	Druk Wangmo Supplier,	SB/QTN/13909/22-23	22-Mar-2023	Amit B	Open	
2339	St Martha Hospital	SB/QTN/13908/22-23	22-Mar-2023	Amit B	Open	
2340	Ashok Jindal Plywood Pvt Ltd	SB/QTN/13905/22-23	22-Mar-2023	Amit B	Open	
2341	LAKSHMI SARAS CHEM TECH PVT LTD	13898B	21-Mar-2023	BDM Hyderabd	Open	
2342	LAKSHMI SARAS CHEM TECH PVT LTD	13898A-R1	21-Mar-2023	BDM Hyderabd	Open	
2343	Subramaneswara Rice & Flour Mill	SB/QTN/13891/22-23	21-Mar-2023	Sales Desk	Open	
2344	Mahendra Rice Traders	SB/QTN/13902/22-23	21-Mar-2023	Sales Desk	Open	
2345	Laxmi Industries	SB/QTN/13890/22-23	21-Mar-2023	Sales Desk	Open	
2346	NAV PRAYAS	SB/QTN/13899 B/22-23	18-Mar-2023	Sales Desk	Open	
2347	NAV PRAYAS	SB/QTN/13899 A/22-23	18-Mar-2023	Sales Desk	Open	
2348	LAKSHMI SARAS CHEM TECH PVT LTD	13898A	17-Mar-2023	BDM Hyderabd	Open	
2349	Rs Foods	SB/QTN/13893/22-23	16-Mar-2023	Sales Desk	Open	
2350	DHATTERWAL Herbals	13895	16-Mar-2023	BDM Hyderabd	Open	
2351	Abhay Solvents Private Limited	SB/QTN/13894/22-23	16-Mar-2023	Sales Desk	Open	
2352	RAVIKA ORGANIC PRIVATE LIMITED	SB/QTN/13889 B/22-23	16-Mar-2023	Sales Desk	Open	
2353	Jeeva Organic Private Limited	SB/QTN/13858-B/22-23	16-Mar-2023	Amit B	Open	
2354	SK Food Product	SB/QTN/13888/22-23	15-Mar-2023	Sales Desk	Open	
2355	Shilpa Pharma Lifesciences Limited	SB/QTN/13880/22-23	14-Mar-2023	Sales Desk	Open	
2356	SRI VENKATESHWAR LIGHT WEIGHT BRICKS	SB/QTN/13700A R1-F/22-23	14-Mar-2023	Sales Desk	Open	
2357	Joshika Pharma	13240R1	14-Mar-2023	BDM Hyderabd	Open	
2358	Samrudhi Consultants	SB/QTN/13875/22-23	13-Mar-2023	Sales Desk	Open	
2359	Akash Plywood Industries	SB/QTN/13872-CO-F/22-23	12-Mar-2023	Amit B	Open	
2360	Laxmi Narayana Drier Industries	SB/QTN/13870/22-23	11-Mar-2023	Amit B	Open	
2361	Crown Beers	13867	08-Mar-2023	BDM Hyderabd	Open	
2362	Vishwakarma Industrial Point	SB/QTN/13865/22-23	08-Mar-2023	Sales Desk	Open	
2363	SIDS FARM PRIVATE LIMITED	13590C R1	08-Mar-2023	BDM Hyderabd	Open	
2364	Prakash Rice Mill	SB/QTN/13864/22-23	08-Mar-2023	Sales Desk	Open	
2365	Ganpati Coroplast Private Limited	SB/QTN/13604-C-F	06-Mar-2023	Amit B	Open	
2366	test for check	xxxx	06-Mar-2023	Amit B	Open	
2367	SRI ALLURI SEETHA RAMARAJU EDUCATION SOCIETY	SB/QTN/13861/22-23	04-Mar-2023	Sales Desk	Open	
2368	test for check	1	04-Mar-2023	Devansh Trivedi	Open	
2369	sri alluri seetharamamraju educational society		04-Mar-2023	Amit B	Open	
2370	test for check		04-Mar-2023	Devansh Trivedi	Open	
2371	Gounidhi Dairy	SB/QTN/13859/22-23	04-Mar-2023	Amit B	Open	
2372	Jeeva Organic Private Limited	SB/QTN/13858/22-23	03-Mar-2023	Amit B	Open	
2373	GANPATI ALKALIES AND CHEMICALS PRIVATE LIMITED	SB/QTN/13818-D-R2/22-23	02-Mar-2023	Amit B	Open	
2374	SIDS FARM PRIVATE LIMITED	13590C	01-Mar-2023	BDM Hyderabd	Open	
2375	Rao Power Constructions Pvt. Ltd	13857-Commercial	01-Mar-2023	BDM Hyderabd	Open	
2376	UTILITY EQUIPMENTS	13843B-	01-Mar-2023	BDM Hyderabd	Open	
2377	test for check		01-Mar-2023	Amit B	Open	
2378	Global Impex	13855	28-Feb-2023	BDM Hyderabd	Open	
2379	Odisha Industrial Monorel Pvt, Ltd	SB/QTN/13818-A-R1/22-23	28-Feb-2023	Sales Desk	Open	
2380	Jaggu	SB/QTN/13852/22-23	25-Feb-2023	Sales Desk	Open	
2381	Sandhya Aqua Exports Pvt. Ltd	SB/QTN/13857-A-R1/22-23	25-Feb-2023	Amit B	Open	
2382	Sandhya Aqua Exports Pvt. Ltd	SB/QTN/13857-A/22-23	25-Feb-2023	Amit B	Open	
2383	GANPATI ALKALIES AND CHEMICALS PRIVATE LIMITED	SB/QTN/13818D-R1-F/22-23	25-Feb-2023	Sales Desk	Open	
2384	Jaggu	SB/QTN/13852/22-23	23-Feb-2023	Sales Desk	Open	
2385	M/S Nitesh Intreprises	SB/QTN/13853/22-23	23-Feb-2023	Sales Desk	Open	
2386	SRI VENKATESHWAR LIGHT WEIGHT BRICKS	SB/QTN/13700A R2-F/22-23	22-Feb-2023	Sales Desk	Open	
2387	Sri Sai Engineering	SB/QTN/13610-A-To/22-23	22-Feb-2023	Sales Desk	Open	
2388	GODREJ CDPL (Creamline Dairy Products Ltd)	13765R2	21-Feb-2023	BDM Hyderabd	Open	
2389	UTILITY EQUIPMENTS	13843R1	21-Feb-2023	BDM Hyderabd	Open	
2390	GODREJ CDPL (Creamline Dairy Products Ltd)	13765r3	21-Feb-2023	BDM Hyderabd	Open	
2391	GANPATI ALKALIES AND CHEMICALS PRIVATE LIMITED	SB/QTN/13818C/22-23	20-Feb-2023	Sales Desk	Open	
2392	GANPATI ALKALIES AND CHEMICALS PRIVATE LIMITED	SB/QTN/13818E/22-23	20-Feb-2023	Sales Desk	Open	
2393	GANPATI ALKALIES AND CHEMICALS PRIVATE LIMITED	SB/QTN/13818D/22-23	20-Feb-2023	Sales Desk	Open	
2394	M/S.SRIVEN PHARMACHEM PVT LTD	SB-SF-200-13824A	18-Feb-2023	BDM Hyderabd	Open	
2395	AEI EXTRACTION INDUSTRIES PVT LTD	SB/QTN/13551-B/22-23	18-Feb-2023	Amit B	Open	
2396	GODREJ CDPL (Creamline Dairy Products Ltd)	13765R1	18-Feb-2023	BDM Hyderabd	Open	
2397	M/S.SRIVEN PHARMACHEM PVT LTD	SB-MF-300-13824B	18-Feb-2023	BDM Hyderabd	Open	
2398	AEI EXTRACTION INDUSTRIES PVT LTD		18-Feb-2023	Amit B	Open	
2399	M/s Enal Drugs Private Limited	13782B	18-Feb-2023	BDM Hyderabd	Open	
2400	GANPATI ALKALIES AND CHEMICALS PRIVATE LIMITED	SB/QTN/13818D/22-23	17-Feb-2023	Sales Desk	Open	
2401	UTILITY EQUIPMENTS	13843	16-Feb-2023	BDM Hyderabd	Open	
2402	NEOTECH BOILERS PRIVATE LIMITED	SB/QTN/13757C /22-23	15-Feb-2023	Sales Desk	Open	
2403	NEOTECH ENERGY SYSTEMS PVT LTD	SB/QTN/13840/22-23	15-Feb-2023	Sales Desk	Open	
2404	RANGOLI EPS	SB/QTN/13837/22-23	15-Feb-2023	Sales Desk	Open	
2405	RANGOLI EPS	SB/QTN/13837 B/22-23	15-Feb-2023	Sales Desk	Open	
2406	S V Oil & Chemical Industries	SB/QTN/13841/22-23	15-Feb-2023	Sales Desk	Open	
2407	Praana Energy India Private Limited	SB/QTN/13835/22-23	14-Feb-2023	Sales Desk	Open	
2408	Sri Surya Food Products	SB/QTN/13716C/22-23	14-Feb-2023	Sales Desk	Open	
2409	Whole Raw Foods	SB/QTN/13836/22-23	14-Feb-2023	Sales Desk	Open	
2410	Creamline Diary Products Ltd	SB/QTN/13838/22-23	14-Feb-2023	Sales Desk	Open	
2411	Suryanarayana Food Products		14-Feb-2023	Amit B	Open	
2412	GANPATI ALKALIES AND CHEMICALS PRIVATE LIMITED	SB/QTN/13818C/22-23	13-Feb-2023	Sales Desk	Open	
2413	SRI VENKATESHWAR LIGHT WEIGHT BRICKS	SB/QTN/13700A R1-F/22-23	13-Feb-2023	Sales Desk	Open	
2414	Bajrang Techno Engg P Ltd	SB/QTN/13790-B-R1-F/22-23	13-Feb-2023	Amit B	Open	
2415	Taj Engineering Works	SB/QTN/13830/22-23	11-Feb-2023	Sales Desk	Open	
2416	Coir-On Foam Products Private Ltd	SB/QTN/13826/22-23	08-Feb-2023	Sales Desk	Open	
2417	GANPATI ALKALIES AND CHEMICALS PRIVATE LIMITED	SB/QTN/13818/22-23	08-Feb-2023	Sales Desk	Open	
2418	GANPATI ALKALIES AND CHEMICALS PRIVATE LIMITED	SB/QTN/13818 B/22-23	08-Feb-2023	Sales Desk	Open	
2419	GANGADHAR	SB/QTN/13825/22-23	08-Feb-2023	Sales Desk	Open	
2420	NEOTECH ENERGY SYSTEMS PVT LTD	SB/QTN/13813 A/22-23	04-Feb-2023	Sales Desk	Open	
2421	NEOTECH ENERGY SYSTEMS PVT LTD	SB/QTN/13813 b/22-23	04-Feb-2023	Sales Desk	Open	
2422	NEOTECH ENERGY SYSTEMS PVT LTD	SB/QTN/13813 C/22-23	04-Feb-2023	Sales Desk	Open	
2423	Agasthya Superfoods India Pvt Ltd,	SB/QTN/13814/22-23	04-Feb-2023	Sales Desk	Open	
2424	Nagavardhana Rao Vishwanadham	13810	02-Feb-2023	BDM Hyderabd	Open	
2425	ALL RICH DAIRY PVT LTD	SB/QTN/13806/22-23	01-Feb-2023	Sales Desk	Open	
2426	ALL RICH DAIRY PVT LTD	SB/QTN/13806 B/22-23	01-Feb-2023	Sales Desk	Open	
2427	ALL RICH DAIRY PVT LTD	SB/QTN/13806/22-23	01-Feb-2023	Sales Desk	Open	
2428	Explotech Chemicals P Ltd	SB/QTN/13808/22-23	01-Feb-2023	Sales Desk	Open	
2429	Bajrang Techno Engg P Ltd	SB/QTN/13790-B-F/22-23	31-Jan-2023	Amit B	Open	
2430	M/s .QUALITEK PHARMA	13804	31-Jan-2023	BDM Hyderabd	Open	
2431	Ramsay Laboratories,	13788AR2	30-Jan-2023	BDM Hyderabd	Open	
2432	M/s. E-VAP ENGINEERING SERVICES PVT LTD	13801	30-Jan-2023	BDM Hyderabd	Open	
2433	Cream Line Dairy Products Ltd	SB/QTN/13802/22-23	30-Jan-2023	Sales Desk	Open	
2434	M/S PSN Medicare Pvt. Ltd.	13803A-COMMERCIAL	30-Jan-2023	BDM Hyderabd	Open	
2435	Salvi life science Ltd	SB/QTN/13796 A/22-23	28-Jan-2023	Sales Desk	Open	
2436	Salvi life science Ltd	SB/QTN/13796 B/22-23	28-Jan-2023	Sales Desk	Open	
2437	M/S CANVA BIO	13797	28-Jan-2023	BDM Hyderabd	Open	
2438	Sri Balaji Foods	SB/QTN/13795 C/22-23	27-Jan-2023	Sales Desk	Open	
2439	Sri Balaji Foods	SB/QTN/13795 B/22-23	27-Jan-2023	Sales Desk	Open	
2440	Sri Balaji Foods	SB/QTN/13795 B/22-23	27-Jan-2023	Sales Desk	Open	
2441	Sri Balaji Foods	SB/QTN/13795 A/22-23	27-Jan-2023	Sales Desk	Open	
2442	Sri Balaji Foods	SB/QTN/13795 D/22-23	27-Jan-2023	Sales Desk	Open	
2443	INDIAN DAIRY EQUIPMENTS & FABRICATORS	SB/QTN/13793/22-23	25-Jan-2023	Sales Desk	Open	
2444	Tabisco Enterprises	SB/QTN/13794/22-23	25-Jan-2023	Sales Desk	Open	
2445	Ramsay Laboratories,	13788B	25-Jan-2023	BDM Hyderabd	Open	
2446	Ramsay Laboratories,	13788A R1	25-Jan-2023	BDM Hyderabd	Open	
2447	Bajrang Techno Engg P Ltd	SB/QTN/13790-F/22-23	24-Jan-2023	Amit B	Open	
2448	Kuber Polymers	SB/QTN/13792/22-23	24-Jan-2023	Sales Desk	Open	
2449	SS Engineers India	SB/QTN/13791/22-23	24-Jan-2023	Sales Desk	Open	
2450	M/S. Akshyachemicals pvt ltd	13786	23-Jan-2023	BDM Hyderabd	Open	
2451	Ramsay Laboratories,	13788	23-Jan-2023	BDM Hyderabd	Open	
2452	NEOTECH ENERGY SYSTEMS PVT LTD	SB/QTN/13785/22-23	21-Jan-2023	Sales Desk	Open	
2453	Wall Pixel Pvt. Ltd	SB/QTN/13680-C-R1-F/22-23	21-Jan-2023	Amit B	Open	
2454	MKM WOOD INDUSTRIAL	SB/QTN/13783B/22-23	20-Jan-2023	Sales Desk	Open	
2455	MKM WOOD INDUSTRIAL	SB/QTN/13783 A/22-23	20-Jan-2023	Sales Desk	Open	
2456	Prakrti Products (P) Ltd	SB/QTN/13773B/22-23	18-Jan-2023	Sales Desk	Open	
2457	Wall Pixel Pvt. Ltd	SB/QTN/13680-C/22-23	18-Jan-2023	Amit B	Open	
2458	Glochem Industries Limited	SA/QTN/182/2022-23	17-Jan-2023	Srivaari	Open	
2459	Test		17-Jan-2023	Srivaari	Open	
2460	Test		17-Jan-2023	Srivaari	Open	
2461	Prakrti Products (P) Ltd	SB/QTN/13773/22-23	17-Jan-2023	Sales Desk	Open	
2462	M/s. Brundavan Laboratories Pvt Ltd.	13781A-Commercial	16-Jan-2023	BDM Hyderabd	Open	
2463	Veer Chemie & Aromatics Pvt Ltd.,	SB/QTN/13778/22-23	12-Jan-2023	Sales Desk	Open	
2464	Pithampur Industrial Waste Management	SB/QTN/13775/22-23	12-Jan-2023	Sales Desk	Open	
2465	Harniks India LLP	SB/QTN/13758 D/22-23	12-Jan-2023	Sales Desk	Open	
2466	NIFTY LABS PVT LTD,	SB/QTN/13777/22-23	12-Jan-2023	Sales Desk	Open	
2467	NEOTECH BOILERS PRIVATE LIMITED	SB/QTN/13757B R1 /22-23	11-Jan-2023	Sales Desk	Open	
2468	SCIEGEN PHARMACEUTICALS INDIA PVT LTD		10-Jan-2023	BDM Hyderabd	Open	
2469	Harniks India LLP	SB/QTN/13758 C/22-23	10-Jan-2023	Sales Desk	Open	
2470	Sushanth Polytron Industries Llp		10-Jan-2023	BDM Hyderabd	Open	
2471	Harniks India LLP	SB/QTN/13758 D/22-23	10-Jan-2023	Sales Desk	Open	
2472	Harniks India LLP	SB/QTN/13758 C/22-23	10-Jan-2023	Sales Desk	Open	
2473	SCIEGEN PHARMACEUTICALS INDIA PVT LTD	13771	10-Jan-2023	BDM Hyderabd	Open	
2474	Vasudha Pharma Ltd	13741R2	09-Jan-2023	BDM Hyderabd	Open	
2475	Sushanth Polytron Industries Llp	13770	09-Jan-2023	BDM Hyderabd	Open	
2476	Shree Jaya Laboratories (P) Ltd.,	SB/QTN/13768/22-23	07-Jan-2023	Sales Desk	Open	
2477	Bajrang Techno Engg P Ltd	SB/QTN/12961-B/22-23	07-Jan-2023	Amit B	Open	
2478	Vasudha Pharma Ltd		07-Jan-2023	BDM Hyderabd	Open	
2479	M/s Pajson Agro India Pvt Ltd		07-Jan-2023	BDM Hyderabd	Open	
2480	M/s Pajson Agro India Pvt Ltd	13709A	07-Jan-2023	BDM Hyderabd	Open	
2481	Vasudha Pharma Ltd	13741R2	06-Jan-2023	BDM Hyderabd	Open	
2482	Re Sustainability Limited	SB/QTN/13766/22-23	06-Jan-2023	Sales Desk	Open	
2483	Jayam Food Products	SB/QTN/13764/22-23	06-Jan-2023	Sales Desk	Open	
2484	Jayam Food Products	SB/QTN/13764/22-23	06-Jan-2023	Sales Desk	Open	
2485	GODREJ CDPL (Creamline Dairy Products Ltd)	13765	05-Jan-2023	BDM Hyderabd	Open	
2486	Godrej	SB/QTN/13759R1/22-23	04-Jan-2023	Sales Desk	Open	
2487	Jenmed Pharma	13761	04-Jan-2023	BDM Hyderabd	Open	
2488	NEOTECH BOILERS PRIVATE LIMITED	SB/QTN/13757B /22-23	04-Jan-2023	Sales Desk	Open	
2489	Elite Infra Products	SB/QTN/14522-R2-F/23-24	04-Jan-2023	Sales Desk	Open	
2490	Noor Mohamed Sizing Malegaon	SB/QTN/13760	03-Jan-2023	Amit B	Open	
2491	Harniks India LLP	SB/QTN/13758 A/22-23	31-Dec-2022	Sales Desk	Open	
2492	Godrej	SB/QTN/13759/22-23	31-Dec-2022	Sales Desk	Open	
2493	Harniks India LLP	SB/QTN/13758 B/22-23	31-Dec-2022	Sales Desk	Open	
2494	NEOTECH BOILERS PRIVATE LIMITED	SB/QTN/13756/22-23	30-Dec-2022	Sales Desk	Open	
2495	Harniks India LLP	SB/QTN/13758/22-23	30-Dec-2022	Sales Desk	Open	
2496	Rayeez Gulam	13755	29-Dec-2022	BDM Hyderabd	Open	
2497	SS NATURALS	SB/QTN/13751/22-23	29-Dec-2022	Sales Desk	Open	
2498	YSR Pharma Pvt. Ltd	13750B	29-Dec-2022	BDM Hyderabd	Open	
2499	NEOTECH BOILERS PRIVATE LIMITED		29-Dec-2022	Sales Desk	Open	
2500	Mahabir Bajarang Agro Chemicals	SB/QTN/13748-CO/22-23	28-Dec-2022	Amit B	Open	
2501	Anira Pharmaceuticals Pvt. Ltd	SB/QTN/13747-B-F/22-23	28-Dec-2022	Amit B	Open	
2502	Leocon Infra	SB/QTN/13715 B/22-23	28-Dec-2022	Sales Desk	Open	
2503	Espin Bio Pharma labs	SB/QTN/13749/22-23	28-Dec-2022	Sales Desk	Open	
2504	PROMPT PULP & FIBERS	SB/QTN/13752/22-23	28-Dec-2022	Sales Desk	Open	
2505	Espin Bio Pharma labs	SB/QTN/13749/22-23	28-Dec-2022	Sales Desk	Open	
2506	Espin Bio Pharma labs	SB/QTN/13749/22-23	28-Dec-2022	Sales Desk	Open	
2507	Anira Pharmaceuticals Pvt. Ltd		28-Dec-2022	Amit B	Open	
2508	Anira Pharmaceuticals Pvt. Ltd	SB/QTN/13747-A-F/22-23	27-Dec-2022	Amit B	Open	
2509	Thermo Tech Services	SB/QTN/13746-F/22-23	27-Dec-2022	Amit B	Open	
2510	Aurobindo Pharma Ltd	SB/QTN/13744/22-23	26-Dec-2022	Amit B	Open	
2511	Vajraasi Pharama Pvt Ltd	SB/QTN/13730 R1/22-23	24-Dec-2022	Sales Desk	Open	
2512	MANIKRAHAN TRADING COMPANY	SB/QTN/13743/22-23	24-Dec-2022	Sales Desk	Open	
2513	MANIKRAHAN TRADING COMPANY	SB/QTN/13743/22-23	23-Dec-2022	Sales Desk	Open	
2514	Vasudha Pharma Ltd	13741R1	23-Dec-2022	BDM Hyderabd	Open	
2515	Vasudha Pharma Ltd	SB/QTN/13741/22-23	22-Dec-2022	Sales Desk	Open	
2516	SS Engineering	SB/QTN/13739-R1-F/22-23	22-Dec-2022	Amit B	Open	
2517	Vasudha Pharma Ltd	SB/QTN/13741/22-23	22-Dec-2022	Sales Desk	Open	
2518	BAUDH DISTILLRIES	SB/QTN/13594 R1/22-23	22-Dec-2022	Sales Desk	Open	
2519	AVT BABU	13729B	21-Dec-2022	BDM Hyderabd	Open	
2520	SS Engineering	SB/QTN/13739/22-23	21-Dec-2022	Sales Desk	Open	
2521	SS Engineering		21-Dec-2022	Sales Desk	Open	
2522	Syed Khair Uddin	13740	21-Dec-2022	BDM Hyderabd	Open	
2523	Sri Bulirana Rice Mill	SB/QTN/13728/22-23	21-Dec-2022	Sales Desk	Open	
2524	M/S.NCL INDUSTRIES LTD.	SB/13739/21-22	20-Dec-2022	BDM Hyderabd	Open	
2525	Srihaas Life Sciences P Ltd,		19-Dec-2022	Sales Desk	Open	
2526	Wall Pixel Pvt. Ltd	SB/QTN/13680-B-F/22-23	19-Dec-2022	Amit B	Open	
2527	Sushrutha Chem Pharma	SB/QTN/13719-R1-F/22-23	18-Dec-2022	Amit B	Open	
2528	Sri Anantha Lakshmi Rice Mill	SB/QTN/13732-B-CO/22-23	18-Dec-2022	Amit B	Open	
2529	DHATTERWAL Herbals	SB/QTN/13574B/22-23	17-Dec-2022	Sales Desk	Open	
2530	DHATTERWAL Herbals	SB/QTN/13734/22-23	17-Dec-2022	Sales Desk	Open	
2531	ACTIS GENERICS PRIVATE LIMITED	SB/QTN/13733/22-23	16-Dec-2022	Sales Desk	Open	
2532	Sri Anantha Lakshmi Rice Mill	SB/QTN/13732-COM/22-23	15-Dec-2022	Amit B	Open	
2533	Nida Packaging	13731	15-Dec-2022	BDM Hyderabd	Open	
2534	Modern Technology	SB/QTN/13728/22-23	14-Dec-2022	Sales Desk	Open	
2535	Golsey Pharma	SB/QTN/13730/22-23	14-Dec-2022	Sales Desk	Open	
2536	Modern Technology		14-Dec-2022	Sales Desk	Open	
2537	AVT BABU	13729	13-Dec-2022	BDM Hyderabd	Open	
2538	DEEPAK NITRITE LIMITED		13-Dec-2022	BDM Hyderabd	Open	
2539	SRI SATYA SAI SKANDAN INDUSTRIES	13724A-R1	12-Dec-2022	BDM Hyderabd	Open	
2540	DEEPAK NITRITE LIMITED		12-Dec-2022	BDM Hyderabd	Open	
2541	SRI SATYA SAI SKANDAN INDUSTRIES	13724A	10-Dec-2022	BDM Hyderabd	Open	
2542	STERLING PACKAGING PVT LTD	SB/QTN/13722/22-23	10-Dec-2022	Sales Desk	Open	
2543	Hi Pro Feeds	13721C	09-Dec-2022	BDM Hyderabd	Open	
2544	Sushrutha Chem Pharma	SB/QTN/13719-F/22-23	08-Dec-2022	Amit B	Open	
2545	CONGRUUENT REMEDIES	13349B	08-Dec-2022	BDM Hyderabd	Open	
2546	DISCOVER MACHINARY	13684CR2	07-Dec-2022	BDM Hyderabd	Open	
2547	M/s Satya Sai Agency		07-Dec-2022	BDM Hyderabd	Open	
2548	DEEPAK NITRITE LIMITED	1329B-R1	07-Dec-2022	BDM Hyderabd	Open	
2549	RIYANSH INDUSTRIES PRIVATE LIMITED	SB/QTN/13644-C-F/22-23	07-Dec-2022	Amit B	Open	
2550	M/s. Avyaya Farms & Feeds	13063-A-R1	07-Dec-2022	BDM Hyderabd	Open	
2551	M/s Satya Sai Agency	13711R1	07-Dec-2022	BDM Hyderabd	Open	
2552	Ransh Pharma Private Limited	SB/QTN/13717/22-23	06-Dec-2022	Sales Desk	Open	
2553	DISCOVER MACHINARY	13684C	06-Dec-2022	BDM Hyderabd	Open	
2554	Sri Surya Food Products	SB/QTN/13716/22-23	03-Dec-2022	Sales Desk	Open	
2555	Sri Surya Food Products	SB/QTN/13716/22-23	03-Dec-2022	Sales Desk	Open	
2556	Leocon Infra	SB/QTN/13715/22-23	03-Dec-2022	Sales Desk	Open	
2557	K. C. Engineers Limited,	SB/QTN/13714/22-23	03-Dec-2022	Sales Desk	Open	
2558	K. C. Engineers Limited,	SB/QTN/13714/22-23	03-Dec-2022	Sales Desk	Open	
2559	Sri Surya Food Products	SB/QTN/13716B/22-23	03-Dec-2022	Sales Desk	Open	
2560	M/s.GLOSTER CABLES	13692B	03-Dec-2022	BDM Hyderabd	Open	
2561	Sri Surya Food Products	SB/QTN/13716/22-23	03-Dec-2022	Sales Desk	Open	
2562	FLOWLINE ENGINEERING SERVICES	SB/QTN/13712/22-23	02-Dec-2022	Sales Desk	Open	
2563	M/s Pajson Agro India Pvt Ltd	13709	01-Dec-2022	BDM Hyderabd	Open	
2564	M/s Satya Sai Chmenicals	13708	01-Dec-2022	BDM Hyderabd	Open	
2565	MAHAMAYA INDUSTRIES	SB/QTN/13708-CO/22-23	30-Nov-2022	Amit B	Open	
2566	Chandan ji	SB/QTN/13707-CO-F	30-Nov-2022	Amit B	Open	
2567	K. C. Engineers Limited,	SB/QTN/13704 R1/22-23	30-Nov-2022	Sales Desk	Open	
2568	K. C. Engineers Limited,	SB/QTN/13704/22-23	29-Nov-2022	Sales Desk	Open	
2569	Shobha Life sciences	13668R2	29-Nov-2022	BDM Hyderabd	Open	
2570	Shobha Life sciences	13668R1	29-Nov-2022	BDM Hyderabd	Open	
2571	M/s Satya Sai Chmenicals	13670R1	29-Nov-2022	BDM Hyderabd	Open	
2572	Taj Engineering Works	SB/QTN/13706/22-23	29-Nov-2022	Sales Desk	Open	
2573	Vital Syntheticlabs Pvt. Ltd. Unit-I	SB/QTN/13705/22-23	29-Nov-2022	Sales Desk	Open	
2574	RIYANSH INDUSTRIES PRIVATE LIMITED	SB/QTN/13644 B/22-23	29-Nov-2022	Sales Desk	Open	
2575	Thermotech	SB/QTN/13703/22-23	29-Nov-2022	Sales Desk	Open	
2576	Fortune Engineering Works	SB/QTN/13702/22-23	28-Nov-2022	Sales Desk	Open	
2577	M/s Satya Sai Chmenicals	13670R1	28-Nov-2022	BDM Hyderabd	Open	
2578	Rakesh Roshan	SB/QTN/13701-CO/22-23	26-Nov-2022	Amit B	Open	
2579	M/s Satya Sai Chmenicals	13670R2	25-Nov-2022	BDM Hyderabd	Open	
2580	Hanuman Oil Mill	SB/QTN/13697/22-23	25-Nov-2022	Sales Desk	Open	
2581	SRI VENKATESHWAR LIGHT WEIGHT BRICKS	SB/QTN/13700A/22-23	25-Nov-2022	Sales Desk	Open	
2582	SRI VENKATESHWAR LIGHT WEIGHT BRICKS	SB/QTN/13700A/22-23	25-Nov-2022	Sales Desk	Open	
2583	M/s Satya Sai Chmenicals	13670R1	24-Nov-2022	BDM Hyderabd	Open	
2584	M/s LOTUS CHOCOLATE	SB/13694/MF-400	24-Nov-2022	BDM Hyderabd	Open	
2585	Roman Island	13624B	23-Nov-2022	BDM Hyderabd	Open	
2586	Roman Island	13624B	23-Nov-2022	BDM Hyderabd	Open	
2587	Hussaini	SB/QTN/13693/22-23	23-Nov-2022	Sales Desk	Open	
2588	Nanolite Infratech Private Limited	SB/QTN/13691/22-23	22-Nov-2022	Sales Desk	Open	
2589	DISCOVER MACHINARY	13684B	22-Nov-2022	BDM Hyderabd	Open	
2590	Nanolite Infratech Private Limited	SB/QTN/13691 B/22-23	22-Nov-2022	Sales Desk	Open	
2591	krishna AAC	SB/QTN/13689/22-23	21-Nov-2022	Sales Desk	Open	
2592	KGVK AGRO LIMITED	SB/QTN/13645R1-F/22-23	21-Nov-2022	Sales Desk	Open	
2593	RK Agro Foods	SB/QTN/13685-A-CO-F	19-Nov-2022	Amit B	Open	
2594	DISCOVER MACHINARY	13684	18-Nov-2022	BDM Hyderabd	Open	
2595	DISCOVER MACHINARY	13684	18-Nov-2022	BDM Hyderabd	Open	
2596	DISCOVER MACHINARY	13684	18-Nov-2022	BDM Hyderabd	Open	
2597	DISCOVER MACHINARY	13684	18-Nov-2022	BDM Hyderabd	Open	
2598	HHPL	SB/QTN/13680/22-23	17-Nov-2022	Sales Desk	Open	
2599	Shree Packing Industries	SB/QTN/13674/22-23	17-Nov-2022	Sales Desk	Open	
2600	RND Foods	SB/QTN/13606 C/22-23	16-Nov-2022	Sales Desk	Open	
2601	New Durgamata Electrical Works	SB/QTN/13675-A/22-23	16-Nov-2022	Amit B	Open	
2602	Chem tech	13666	15-Nov-2022	BDM Hyderabd	Open	
2603	M/s Satya Sai Chmenicals	SB/QTN/13670/22-23	15-Nov-2022	BDM Hyderabd	Open	
2604	M/s Satya Sai Chmenicals	13670	15-Nov-2022	BDM Hyderabd	Open	
2605	Greenway Technologies India Private Limited	SB/QTN/13672/22-23	15-Nov-2022	Sales Desk	Open	
2606	Supra Engineering Works,	SB/QTN/13673/22-23	15-Nov-2022	Sales Desk	Open	
2607	M/s Satya Sai Chmenicals	13670	15-Nov-2022	BDM Hyderabd	Open	
2608	M/s Satya Sai Chmenicals	13670	15-Nov-2022	BDM Hyderabd	Open	
2609	M/s Satya Sai Chmenicals	13670	15-Nov-2022	BDM Hyderabd	Open	
2610	M/s Satya Sai Chmenicals	13670	15-Nov-2022	BDM Hyderabd	Open	
2611	M/s Satya Sai Chmenicals	13670	15-Nov-2022	BDM Hyderabd	Open	
2612	Supra Engineering Works,	SB/QTN/13673/22-23	15-Nov-2022	Sales Desk	Open	
2613	M/s Satya Sai Chmenicals	13670	15-Nov-2022	BDM Hyderabd	Open	
2614	M/s Satya Sai Chmenicals	13670	15-Nov-2022	BDM Hyderabd	Open	
2615	Shobha Life sciences	SB/QTN/13668A/22-23	15-Nov-2022	BDM Hyderabd	Open	
2616	Shobha Life sciences	13668	14-Nov-2022	BDM Hyderabd	Open	
2617	Shobha Life sciences	13668	14-Nov-2022	BDM Hyderabd	Open	
2618	VIKRAMA INNOVATIVE TECHNOLOGIES	SB/QTN/13665/22-23	12-Nov-2022	Sales Desk	Open	
2619	VIKRAMA INNOVATIVE TECHNOLOGIES	SB/QTN/13665/22-23	12-Nov-2022	Sales Desk	Open	
2620	Laxmi Pack Wood	SB/QTN/13663/22-23	12-Nov-2022	Sales Desk	Open	
2621	Apoorva Aroma	SB/QTN/13652/22-23	11-Nov-2022	Sales Desk	Open	
2622	Apoorva Aroma	SB/QTN/13652/22-23	11-Nov-2022	Sales Desk	Open	
2623	Shri Satya Wood Industry	SB/QTN/13647/22-23	10-Nov-2022	Sales Desk	Open	
2624	Aceking Technologies	SB/QTN/13648/22-23	10-Nov-2022	Sales Desk	Open	
2625	Dhob Laundry Yard	SB/QTN/13648/22-23	09-Nov-2022	Sales Desk	Open	
2626	KGVK AGRO LIMITED	SB/QTN/13645/22-23	07-Nov-2022	Sales Desk	Open	
2627	RIYANSH INDUSTRIES PRIVATE LIMITED	SB/QTN/13644/22-23	07-Nov-2022	Sales Desk	Open	
2628	Vaishnavi Agro Industries	SB/QTN/13641-R1/23-24	04-Nov-2022	Sales Desk	Open	
2629	Gouthami Explosives Private Limited	SB/QTN/13640/22-23	04-Nov-2022	Sales Desk	Open	
2630	Greenway Technologies India Private Limited	SB/QTN/13716 B-R2-F/22-23	03-Nov-2022	Sales Desk	Open	
2631	BARAMATI AGRO	SB/QTN/13632A/22-23	02-Nov-2022	Sales Desk	Open	
2632	BARAMATI AGRO	SB/QTN/13632/22-23	02-Nov-2022	Sales Desk	Open	
2633	BARAMATI AGRO	SB/QTN/13632/22-23	02-Nov-2022	Sales Desk	Open	
2634	BARAMATI AGRO	SB/QTN/13632/22-23	02-Nov-2022	Sales Desk	Open	
2635	BARAMATI AGRO		02-Nov-2022	Sales Desk	Open	
2636	BARAMATI AGRO	SB/QTN/13632/22-23	02-Nov-2022	Sales Desk	Open	
2637	BARAMATI AGRO	SB/QTN/13632/22-23	02-Nov-2022	Sales Desk	Open	
2638	BARAMATI AGRO	SB/QTN/13632/22-23	02-Nov-2022	Sales Desk	Open	
2639	BARAMATI AGRO	SB/QTN/13632 A/22-23	02-Nov-2022	Sales Desk	Open	
2640	BARAMATI AGRO	SB/QTN/13632B/22-23	02-Nov-2022	Sales Desk	Open	
2641	Sree Sai Mata Enterprises	SB/QTN/13638/22-23	02-Nov-2022	Sales Desk	Open	
2642	SLV Engineers	SB/QTN/13637/22-23	02-Nov-2022	Sales Desk	Open	
2643	M/S.SRIVATHSA LIFE SCIENCES PVT LTD	13627B	29-Oct-2022	BDM Hyderabd	Open	
2644	M/s.Roman Island	13624A	29-Oct-2022	BDM Hyderabd	Open	
2645	M/S.SRIVATHSA LIFE SCIENCES PVT LTD	13627B	29-Oct-2022	BDM Hyderabd	Open	
2646	M/S.SRIVATHSA LIFE SCIENCES PVT LTD	13627A	29-Oct-2022	BDM Hyderabd	Open	
2647	M/s. Accrete Pharmaceuticals Pvt Ltd.	13621C	29-Oct-2022	BDM Hyderabd	Open	
2648	M/s. Artemis biotech	13626	29-Oct-2022	BDM Hyderabd	Open	
2649	M/s. Accrete Pharmaceuticals Pvt Ltd.	SB/13621A/22	28-Oct-2022	BDM Hyderabd	Open	
2650	FLOWLINE ENGINEERING SERVICES	SB/QTN/13623/22-23	28-Oct-2022	Sales Desk	Open	
2651	KIBA BIOTECH	SB/QTN/13622/22-23	28-Oct-2022	Sales Desk	Open	
2652	M/s. Accrete Pharmaceuticals Pvt Ltd.	13621B	28-Oct-2022	BDM Hyderabd	Open	
2653	M/s. Accrete Pharmaceuticals Pvt Ltd.	13621A	26-Oct-2022	BDM Hyderabd	Open	
2654	Abhi Bajpai	SB/QTN/13621-B-CO/22-23	24-Oct-2022	Amit B	Open	
2655	Abhi Bajpai	SB/QTN/13620/22-23	23-Oct-2022	Amit B	Open	
2656	Greenway Technologies India Private Limited	SB/QTN/13617B/22-23	22-Oct-2022	Sales Desk	Open	
2657	Maartan Fine Chem	SB/QTN/13616/22-23	21-Oct-2022	Sales Desk	Open	
2658	Nilambo pickle plant	SB/QTN/13615B/22-23	21-Oct-2022	Sales Desk	Open	
2659	Iyantra Industries	SB/QTN/13618-CO/22-23	21-Oct-2022	Amit B	Open	
2660	Shobha Life sciences	13148ER1	21-Oct-2022	BDM Hyderabd	Open	
2661	Greenway Technologies India Private Limited	SB/QTN/13617 A/22-23	21-Oct-2022	Sales Desk	Open	
2662	SLS Engineering Technology	13614	20-Oct-2022	BDM Hyderabd	Open	
2663	Nilambo pickle plant	SB/QTN/13615/22-23	20-Oct-2022	Sales Desk	Open	
2664	M/s. Engry Solution	SB/QTN/13613/22-23	19-Oct-2022	Sales Desk	Open	
2665	Adishwar Packaging	SB/QTN/13612 A/22-23	18-Oct-2022	Sales Desk	Open	
2666	Adishwar Packaging	SB/QTN/13612B/22-23	18-Oct-2022	Sales Desk	Open	
2667	SIDS FARM PRIVATE LIMITED	13590 B	17-Oct-2022	BDM Hyderabd	Open	
2668	Shreyakon Chemicals P Ltd	SB/QUO/12363B/22-23	17-Oct-2022	Sales Desk	Open	
2669	M/s Satya Sai Chmenicals	13611	17-Oct-2022	BDM Hyderabd	Open	
2670	Sri Sai Engineering	SB/QTN/13610-A/22-23	15-Oct-2022	Amit B	Open	
2671	PHA INDUSTRIES P. LTD	SB/QTN/13604-C-R1-F	13-Oct-2022	Amit B	Open	
2672	J. Patidar	SB/QTN/13609-B/22-23	13-Oct-2022	Amit B	Open	
2673	J. Patidar	SB/QTN/13609-A/22-23	13-Oct-2022	Amit B	Open	
2674	RND Foods	SB/QTN/13606/22-23	11-Oct-2022	Sales Desk	Open	
2675	The axis	SB/QTN/13585B/22-23	10-Oct-2022	Sales Desk	Open	
2676	M/s. Blue Hawk Life Sciences Pvt Ltd	13605A	10-Oct-2022	BDM Hyderabd	Open	
2677	M/s. Blue Hawk Life Sciences Pvt Ltd	SB/QTN/13605A/22-23	10-Oct-2022	BDM Hyderabd	Open	
2678	M/s. Blue Hawk Life Sciences Pvt Ltd	13605A	10-Oct-2022	BDM Hyderabd	Open	
2679	M/s. Blue Hawk Life Sciences Pvt Ltd	13605A	10-Oct-2022	BDM Hyderabd	Open	
2680	ANUSH FOOD PRODUCTS	SB/QTN/13604/22-23	08-Oct-2022	Sales Desk	Open	
2681	PHA INDUSTRIES P. LTD	SB/QTN/13604-C-F	07-Oct-2022	Amit B	Open	
2682	Creamline Dairy Products Ltd	13595B	03-Oct-2022	BDM Hyderabd	Open	
2683	BAUDH DISTILLRIES	SB/QTN/13594/22-23	01-Oct-2022	Sales Desk	Open	
2684	GBR LABORATORIES PVT LTD	13596	01-Oct-2022	BDM Hyderabd	Open	
2685	GBR LABORATORIES PVT LTD	13596B	01-Oct-2022	BDM Hyderabd	Open	
2686	Maathrusri Engineers	13598A	01-Oct-2022	BDM Hyderabd	Open	
2687	Chinmay Apparels Private Limited	SB/QTN/13593B/22-23	30-Sep-2022	Sales Desk	Open	
2688	Chinmay Apparels Private Limited	SB/QTN/13593/22-23	30-Sep-2022	Sales Desk	Open	
2689	Ambassador Hotel	13588	29-Sep-2022	BDM Hyderabd	Open	
2690	SIDS FARM PRIVATE LIMITED	13590B	29-Sep-2022	BDM Hyderabd	Open	
2691	SHOBHA LIFE SCIENCE PVT LTD	SB/QTN/13580/22-23	28-Sep-2022	Sales Desk	Open	
2692	The axis	SB/QTN/13585/22-23	28-Sep-2022	Sales Desk	Open	
2693	Lingappa Ranasut	SB/QTN/13584/22-23	28-Sep-2022	Sales Desk	Open	
2694	UBIC LIFE SCIENCES	13583B	26-Sep-2022	BDM Hyderabd	Open	
2695	SPAR INDUSTRIES	13585	26-Sep-2022	BDM Hyderabd	Open	
2696	UBIC LIFE SCIENCES	13583A	26-Sep-2022	BDM Hyderabd	Open	
2697	M/s. Plantae Life Sciences Private Limited.	13472R1	26-Sep-2022	BDM Hyderabd	Open	
2698	UBIC LIFE SCIENCES	1383A	24-Sep-2022	BDM Hyderabd	Open	
2699	M/S Bajrang Techno Engg P Ltd	SB/QTN/12961-R2/22-23	24-Sep-2022	Sales Desk	Open	
2700	M/S Bajrang Techno Engg P Ltd	SB/QTN/12961-R2/22-23	23-Sep-2022	Sales Desk	Open	
2701	YORKER FABRICS	SB/QTN/13335 A-R2 /2022-23	23-Sep-2022	Sales Desk	Open	
2702	Creamline Dairy	SB/QTN/13579 B/22-23	22-Sep-2022	Sales Desk	Open	
2703	GODAVARI PETRO PRODUCTS PVT LTD	SB/QTN/13574/22-23	19-Sep-2022	Sales Desk	Open	
2704	MICROBITE	SB/QTN/13575 c/22-23	19-Sep-2022	Sales Desk	Open	
2705	GODAVARI PETRO PRODUCTS PVT LTD	SB/QTN/13574/22-23	19-Sep-2022	Sales Desk	Open	
2706	RAIDU COIR MATTERES	SB/QTN/13576/22-23	19-Sep-2022	Sales Desk	Open	
2707	RAIDU COIR MATTERES	SB/QTN/13576/22-23	19-Sep-2022	Sales Desk	Open	
2708	MICROBITE	SB/QTN/13575 B/22-23	19-Sep-2022	Sales Desk	Open	
2709	MICROBITE	SB/QTN/13575/22-23	19-Sep-2022	Sales Desk	Open	
2710	Aaradhya Disposal Industries Pvt. Ltd	SB/QTN/13524-B-R1-F	17-Sep-2022	Amit B	Open	
2711	Aaradhya Disposal Industries Pvt. Ltd	SB/QTN/13524-B-R1-F	17-Sep-2022	Amit B	Open	
2712	Aaradhya Disposal Industries Pvt. Ltd	SB/QTN/13524-B-R1-F	17-Sep-2022	Amit B	Open	
2713	Aaradhya Disposal Industries Pvt. Ltd	SB/QTN/13524-B-R1-F	17-Sep-2022	Amit B	Open	
2714	Aaradhya Disposal Industries Pvt. Ltd	SB/QTN/13524-B-R1-F	17-Sep-2022	Amit B	Open	
2715	Rudra Labs	SB/QTN/13570 A/22-23	16-Sep-2022	Sales Desk	Open	
2716	Rudra Labs		16-Sep-2022	Sales Desk	Open	
2717	Rudra Labs		16-Sep-2022	Sales Desk	Open	
2718	Rudra Labs	SB/QTN/13570 A/22-23	16-Sep-2022	Sales Desk	Open	
2719	Rudra Labs	SB/QTN/13571 B/22-23	16-Sep-2022	Sales Desk	Open	
2720	Rudra Labs	SB/QTN/13571/22-23	16-Sep-2022	Sales Desk	Open	
2721	M/s. Rudra Labs	13571A	15-Sep-2022	BDM Hyderabd	Open	
2722	M/s. Rudra Labs	13571A	15-Sep-2022	BDM Hyderabd	Open	
2723	Goa Galaya Laudry	SB/QTN/13568/22-23	14-Sep-2022	Sales Desk	Open	
2724	Goa Galaya Laudry	SB/QTN/13568 B/22-23	14-Sep-2022	Sales Desk	Open	
2725	Divya Dhan Consultant Private Limited	SB/QTN/13567/22-23	14-Sep-2022	Sales Desk	Open	
2726	Divya Dhan Consultant Private Limited		14-Sep-2022	Sales Desk	Open	
2727	Shree Bhagat Industries		12-Sep-2022	Amit B	Open	
2728	Hermes Pharma		12-Sep-2022	Amit B	Open
