sheet_code,description,qty_on_hand,sheet_unit,reorder_limit,avg_cost,status,item_code,item_name,item_uom,unit_check,reason,candidates
BQ-101,B Q PLATE - 8 MM,26,NOS,,120314.77,decided,IM-000190,"BQ PLATE 8 MM SA 516 GR 70, NORMALIZED, FORM IV TC",Nos,same,checked by hand,
BQ - 102,B Q PLATE - 10 MM,14,NOS,,790000,size,IM-000191,"BQ PLATE 10MM SA 516 GR 70, NORMALIZED, FORM IV TC",Mtr,sheet NOS vs Item Master Mtr,"plate t10, same material, closest name",
BQ - 103,B Q PLATE - 12 MM,17,NOS,,166143.45,size,IM-000192,"BQ PLATE 12 MM SA 516 GR 70, NORMALIZED, FORM IV TC",Mtr,sheet NOS vs Item Master Mtr,"plate t12, same material, closest name",
BQ - 104,B Q PLATE - 14 MM,3,NOS,,217008.33,size,IM-000193,"BQ PLATE 14 MM SA 516 GR 70, NORMALIZED, FORM IV TC",Mtr,sheet NOS vs Item Master Mtr,"plate t14, same material, closest name",
BQ - 105,B Q PLATE - 16 MM,13,NOS,,255108.25,size,IM-000194,"BQ PLATE 16 MM SA 516 GR 70, NORMALIZED, FORM IV TC",Mtr,sheet NOS vs Item Master Mtr,"plate t16, same material, closest name",
BQ - 106,B Q PLATE - 18 MM,4,NOS,,230298.25,size,IM-000195,"BQ PLATE 18 MM SA 516 GR 70, NORMALIZED, FORM IV TC",Mtr,sheet NOS vs Item Master Mtr,"plate t18, same material, closest name",
BQ - 107,B Q PLATE - 20 MM,0,NOS,,,size,IM-000196,"BQ PLATE 20 MM SA 516 GR 70, NORMALIZED, FORM IV TC",Mtr,sheet NOS vs Item Master Mtr,"plate t20, same material, closest name",
BQ - 108,B Q PLATE - 22 MM,0,NOS,,,size,IM-000197,"BQ PLATE 22 MM SA 516 GR 70, NORMALIZED, FORM IV TC",Mtr,sheet NOS vs Item Master Mtr,"plate t22, same material, closest name",
BQ - 109,B Q PLATE - 25 MM,0,NOS,,,size,IM-000198,"BQ PLATE 25 MM SA 516 GR 70, NORMALIZED, FORM IV TC",Mtr,sheet NOS vs Item Master Mtr,"plate t25, same material, closest name",
BQ - 111,B Q PLATE - 28 MM,2,NOS,,389725,decided,IM-003046,BQ PLATE 28 MM,Nos,same,checked by hand,
BQ - 110,B Q PLATE - 30 MM,0,NOS,,,size,IM-000199,"BQ PLATE 30 MM SA 516 GR 70, NORMALIZED, FORM IV TC",Mtr,sheet NOS vs Item Master Mtr,"plate t30, same material, closest name",
MSP - 201,MS PLATES - 1 MM,0,NOS,,,name,IM-002028,MS PLATES 1 MM,Kgs,sheet NOS vs Item Master Kgs,same name,
MSP - 202,MS PLATES - 1.5 MM,44,NOS,,2545,decided,IM-002029,MS PLATES 1.5/1.6 MM,Kgs,sheet NOS vs Item Master Kgs,checked by hand,
MSP - 203,MS PLATES - 2 MM,26,NOS,,3212.23,name,IM-002030,MS PLATES 2 MM,Kgs,sheet NOS vs Item Master Kgs,same name,
MSP - 204,MS PLATES - 3 MM,203,NOS,,4557.4,name,IM-002032,MS PLATES 3 MM,Kgs,sheet NOS vs Item Master Kgs,same name,
MSP - 205,MS PLATES - 4 MM,222,NOS,,5895.34,name,IM-002033,MS PLATES 4 MM,Kgs,sheet NOS vs Item Master Kgs,same name,
MSP - 206,MS PLATES - 5 MM,49,NOS,,21715.2,name,IM-002034,MS PLATES 5 MM,Kgs,sheet NOS vs Item Master Kgs,same name,
MSP - 207,MS PLATES - 6 MM,10,NOS,,25481.93,name,IM-002035,MS PLATES 6 MM,Kgs,sheet NOS vs Item Master Kgs,same name,
MSP - 208,MS PLSTES- 8MM,62,NOS,,34323.31,decided,IM-002036,MS PLATES 8 MM,Kgs,sheet NOS vs Item Master Kgs,checked by hand,
MSP - 209,MS PLATES - 10 MM,25,NOS,,42540.2,name,IM-002037,MS PLATES 10 MM,Kgs,sheet NOS vs Item Master Kgs,same name,
MSP - 210,MS PLATES - 12 MM,6,NOS,,53287.5,name,IM-002038,MS PLATES 12 MM,Kgs,sheet NOS vs Item Master Kgs,same name,
MSP - 211,MS PLATES - 14 MM,0,NOS,,,name,IM-002039,MS PLATES 14 MM,Kgs,sheet NOS vs Item Master Kgs,same name,
MSP - 212,MS PLATES - 16 MM,6,NOS,,72300,name,IM-002040,MS PLATES 16 MM,Kgs,sheet NOS vs Item Master Kgs,same name,
MSP - 213,MS PLATES - 18 MM,0,NOS,,,name,IM-002041,MS PLATES 18 MM,Kgs,sheet NOS vs Item Master Kgs,same name,
MSP - 214,MS PLATES - 20 MM,0,NOS,,,name,IM-002042,MS PLATES 20 MM,Kgs,sheet NOS vs Item Master Kgs,same name,
MSP - 215,MS PLATES - 22 MM,0,NOS,,,name,IM-002043,MS PLATES 22 MM,Kgs,sheet NOS vs Item Master Kgs,same name,
MSP - 216,MS PLATES - 24 MM,0,NOS,,,name,IM-002044,MS PLATES 24 MM,Kgs,sheet NOS vs Item Master Kgs,same name,
MSP - 217,MS PLATES - 26 MM,0,NOS,,,name,IM-002045,MS PLATES 26 MM,Kgs,sheet NOS vs Item Master Kgs,same name,
MSP - 218,MS PLATES - 28 MM,0,NOS,,,name,IM-002046,MS PLATES 28 MM,Kgs,sheet NOS vs Item Master Kgs,same name,
MSP - 219,MS PLATES - 30 MM,0,NOS,,,name,IM-002047,MS PLATES 30 MM,Kgs,sheet NOS vs Item Master Kgs,same name,
SSP-001,SS PLATES - 4MM,0,NOS,,,suggest,,,,,3 Item Master rows are plate t4,IM-002485 SS 202 PLATES 4 MM | IM-002495 SS 304 PLATES 4 MM | IM-002505 SS 316 PLATES 4 MM
SSP-002,SS PLATES - 5MM,0,NOS,,,suggest,,,,,3 Item Master rows are plate t5,IM-002496 SS 304 PLATE 5 MM | IM-002506 SS 316 PLATE 5 MM | IM-002486 SS 202PLATE 5 MM
SSP-003,COLOUR COATED SHEET -0.50MM BLUE,1531.2,NOS,,104.68,decided,IM-003062,COLOUR COATED SHEET 0.50 MM BLUE,Nos,same,checked by hand,
MS-Ch-P - 250,MS CHQEURED PLATES 4 MM,0,NOS,,,name,IM-001937,MS CHQEURED PLATES 4 MM,Kgs,sheet NOS vs Item Master Kgs,same name,
MS-Ch-P - 251,MS CHQEURED PLATES 5 MM,0,NOS,,,name,IM-001938,MS CHQEURED PLATES 5 MM,Kgs,sheet NOS vs Item Master Kgs,same name,
MS-Ch-P - 252,MS CHQEURED PLATES 6 MM,0,NOS,,,name,IM-001939,MS CHQEURED PLATES 6 MM,Kgs,sheet NOS vs Item Master Kgs,same name,
MS-Ch-P - 253,MS CHQEURED PLATES 8 MM,0,NOS,,,name,IM-001940,MS CHQEURED PLATES 8 MM,Kgs,sheet NOS vs Item Master Kgs,same name,
MSA- 301,MS ANGLE 25 X 25 X 3MM,0,NOS,,,loose,IM-001917,MS ANGLE 25 X 25 X 3 MM,Kgs,sheet NOS vs Item Master Kgs,same name (unit spelling differs),
MSA- 302,MS ANGLE 40 X 40 X 4 MM,119,NOS,,1003.51,name,IM-001918,MS ANGLE 40 X 40 X 4 MM,Kgs,sheet NOS vs Item Master Kgs,same name,
MSA- 303,MS ANGLE 50 X 50 X 5 MM,173,NOS,,1338.64,name,IM-001919,MS ANGLE 50 X 50 X 5 MM,Kgs,sheet NOS vs Item Master Kgs,same name,
MSA- 304,MS ANGLE 65 X 65 X 6 MM,0,NOS,,2002,name,IM-001920,MS ANGLE 65 X 65 X 6 MM,Kgs,sheet NOS vs Item Master Kgs,same name,
MSA- 305,MS ANGLE 75 X 75 X 5 MM,0,NOS,,,none,,,,,,
MSA- 306,MS ANGLE 100 X 100 X 6 MM,0,NOS,,,name,IM-001923,MS ANGLE 100 X 100 X 6 MM,Kgs,sheet NOS vs Item Master Kgs,same name,
MSF- 311,MS FLAT - 25 X 3 MM,0,NOS,,,size,IM-001943,MS FLATE 25 X 3 MM,Kgs,sheet NOS vs Item Master Kgs,"flat f25x3, same material, closest name",
MSF- 312,MS FLAT - 25 X 5 MM,20,NOS,,342,decided,IM-001944,MS FLATE 25 X 4/5 MM,Kgs,sheet NOS vs Item Master Kgs,checked by hand,
MSF- 313,MS FLAT - 40 X  5 MM // 6 MM,125,NOS,,484.54,size,IM-001946,MS FLATE 40 X 5 MM // 6 MM,Kgs,sheet NOS vs Item Master Kgs,"flat f40x5, same material, closest name",
MSF- 314,MS FLAT - 50 X 5 MM,232,NOS,,731.63,size,IM-001947,MS FLATE 50 X 5 MM,Kgs,sheet NOS vs Item Master Kgs,"flat f50x5, same material, closest name",
MSF- 315,MS FLAT - 65 X 6 MM,0,NOS,,,size,IM-001948,MS FLATE 65 X 6 MM,Kgs,sheet NOS vs Item Master Kgs,"flat f65x6, same material, closest name",
MSF- 316,MS FLAT - 65 X 12 MM,0,NOS,,,size,IM-001949,MS FLATE 65 X 12 MM,Kgs,sheet NOS vs Item Master Kgs,"flat f65x12, same material, closest name",
MSF- 317,MS FLAT - 75 X 12 MM,0,NOS,,,size,IM-001950,MS FLATE 75 X 12 MM,Kgs,sheet NOS vs Item Master Kgs,"flat f75x12, same material, closest name",
MSF- 318,MS FLAT - 32 X 5  MM,123,NOS,,421.98,size,IM-001945,MS FLATE 32 X 5 MM,Kgs,sheet NOS vs Item Master Kgs,"flat f32x5, same material, closest name",
MSF- 319,SS FLAT - 50 X 5  MM,0,NOS,,,none,,,,,,
MSC - 321,MS CHANELS  ISMC 75 X 40,63,NOS,,1814.77,name,IM-001927,MS CHANELS ISMC 75 X 40,Kgs,sheet NOS vs Item Master Kgs,same name,
MSC - 322,MS CHANELS  ISMC 100 X 50,119,NOS,,2881.46,name,IM-001928,MS CHANELS ISMC 100 X 50,Kgs,sheet NOS vs Item Master Kgs,same name,
MSC - 323,MS CHANELS  ISMC 125 X 65,7,NOS,,4518,name,IM-001929,MS CHANELS ISMC 125 X 65,Kgs,sheet NOS vs Item Master Kgs,same name,
MSC - 324,MS CHANELS ISMC 150 X 75,19,NOS,,6046.84,name,IM-001930,MS CHANELS ISMC 150 X 75,Kgs,sheet NOS vs Item Master Kgs,same name,
MSC - 325,MS CHANELS ISMC 175 X 75,0,NOS,,,name,IM-001931,MS CHANELS ISMC 175 X 75,Kgs,sheet NOS vs Item Master Kgs,same name,
MSC - 326,MS CHANELS ISMC 200 X 75,4,NOS,,7769,name,IM-001932,MS CHANELS ISMC 200 X 75,Kgs,sheet NOS vs Item Master Kgs,same name,
MSC - 327,MS CHANELS  ISMC 225 X 80,0,NOS,,,name,IM-001933,MS CHANELS ISMC 225 X 80,Kgs,sheet NOS vs Item Master Kgs,same name,
MSC - 328,MS CHANELS  ISMC 250 X 80,0,NOS,,,name,IM-001934,MS CHANELS ISMC 250 X 80,Kgs,sheet NOS vs Item Master Kgs,"same name; Item Master has 2 rows with this name (IM-001934, IM-001935)",
MSC - 329,MS CHANELS  ISMC 300 X 80,-39,NOS,,,name,IM-001936,MS CHANELS ISMC 300 X 80,Kgs,sheet NOS vs Item Master Kgs,same name,
MSB - 341,MS I. BEAM - 100 X 70,1,NOS,,2975,name,IM-001951,MS I. BEAM 100 X 70,Kgs,sheet NOS vs Item Master Kgs,same name,
MSB - 342,MS I. BEAM - 125 X 70,4,NOS,,4463,name,IM-001952,MS I. BEAM 125 X 70,Kgs,sheet NOS vs Item Master Kgs,same name,
MSB - 343,MS I. BEAM - 150 X 80,0,NOS,,,name,IM-001953,MS I. BEAM 150 X 80,Kgs,sheet NOS vs Item Master Kgs,same name,
MSB - 344,MS I. BEAM - 175 X 90,0,NOS,,,name,IM-001954,MS I. BEAM 175 X 90,Kgs,sheet NOS vs Item Master Kgs,same name,
MSB - 345,MS I. BEAM - 200 X 100,1,NOS,,8485,name,IM-001955,MS I. BEAM 200 X 100,Kgs,sheet NOS vs Item Master Kgs,same name,
MSB - 346,MS I. BEAM - 225 X 110,0,NOS,,,name,IM-001956,MS I. BEAM 225 X 110,Kgs,sheet NOS vs Item Master Kgs,same name,
MSB - 347,MS I. BEAM - 250 X 125,0,NOS,,,name,IM-001957,MS I. BEAM 250 X 125,Kgs,sheet NOS vs Item Master Kgs,same name,
MSB - 348,MS I. BEAM - 300 X 140,0,NOS,,,name,IM-001958,MS I. BEAM 300 X 140,Kgs,sheet NOS vs Item Master Kgs,same name,
MS-BB - 401,MS BRIGHT BAR - 50 DIA ( 1 MTR - 16 KGS ),0,MTR,,,name,IM-001925,MS BRIGHT BAR 50 DIA (1 MTR 16 KGS),Kgs,sheet MTR vs Item Master Kgs,same name,
MS-BB - 402,MS BRIGHT BAR - 28 DIA ( 1 MTR - 5 KGS),0,MTR,,,name,IM-001926,MS BRIGHT BAR 28 DIA (1 MTR 5 KGS),Kgs,sheet MTR vs Item Master Kgs,same name,
MS-RR  - 403,MS ROD - 6 MM ( 1 MTR - 0.22 KGS ),590,MTR,,58.22,name,IM-002049,MS ROD 6 MM (1 MTR 0.22 KGS),Kgs,sheet MTR vs Item Master Kgs,same name,
MS-RR  - 404,MS ROD - 8 MM ( 1 MTR - 0.40 KGS ),0,MTR,,,name,IM-002050,MS ROD 8 MM (1 MTR 0.40 KGS),Kgs,sheet MTR vs Item Master Kgs,same name,
MS-RR  - 405,MS ROD - 10 MM ( 1 MTR - 0.65 KGS ),39,MTR,,239.28,name,IM-002051,MS ROD 10 MM (1 MTR 0.65 KGS),Kgs,sheet MTR vs Item Master Kgs,same name,
MS-RR  - 406,MS ROD - 12 MM ( 1 MTR - 0.90 KGS ),0,MTR,,,name,IM-002052,MS ROD 12 MM (1 MTR 0.90 KGS),Kgs,sheet MTR vs Item Master Kgs,same name,
MS-RR  - 407,MS ROD - 16 MM ( 1 MTR - 1.60 KGS ),60,MTR,,504.27,name,IM-002053,MS ROD 16 MM (1 MTR 1.60 KGS),Kgs,sheet MTR vs Item Master Kgs,same name,
MS-RR  - 408,MS ROD - 19 MM // 20 MM ( 1 MTR - 2.50 KGS ),0,MTR,,,size,IM-002055,MS ROD 19 MM (1 MTR 2.50 KGS),Kgs,sheet MTR vs Item Master Kgs,"round d19, same material, closest name",
MS-RR  - 409,MS ROD - 24 MM ( 1 MTR - 3.50 KGS ),0,MTR,,,name,IM-002057,MS ROD 24 MM (1 MTR 3.50 KGS),Kgs,sheet MTR vs Item Master Kgs,same name,
MS-RR  - 410,MS ROD - 50 MM ( 1 MTR - 20.50 KGS ),0,MTR,,,size,IM-000755,MS EN-8 ROD 50 MM (1 MTR 16 KGS),Nos,sheet MTR vs Item Master Nos,"round d50, same material, closest name",
SS-RR - 300,SS ROD - 16 MM,0,MTR,,,size,IM-002863,SS ROD 16 MM (1 MTR 1.61 KGS),Kgs,sheet MTR vs Item Master Kgs,"round d16, same material, closest name",
SS-RR - 301,SS ROD - 8 MM,0,MTR,,,none,,,,,,
MS-ST- ROD - 451,MS STAY ROD  - SA 105 GR B - 38 MM ( 1 MTR - 8 KGS ),0,MTR,,,suggest,,,,,Similar catalog names,IM-002511 STAY ROD SA 105 GR 28 MM / 30 MM (1 MTR 5.5 KGS) | IM-002512 STAY ROD SA 105 GR 36 MM / 38 MM (1 MTR 5.5 KGS) | IM-002513 STAY ROD SA 105 GR 40 MM / 41 MM (1 MTR 12.5 KGS) | IM-002514 STAY ROD SA 105 GR 50 MM / 52 MM (1 MTR 16.5 KGS)
MS-ST- ROD - 452,MS STAY ROD  - SA 105 GR B - 40 MM ( 1 MTR - 10 KGS ),0,MTR,,,suggest,,,,,2 Item Master rows are round d40,IM-002513 STAY ROD SA 105 GR 40 MM / 41 MM (1 MTR 12.5 KGS) | IM-000753 MS EN-8 ROD 40 MM (1 MTR 10 KGS)
MS-ST- ROD - 453,MS STAY ROD  - SA 105 GR B - 50 MM ( 1 MTR - 16 KGS ),0,MTR,,,suggest,,,,,3 Item Master rows are round d50,IM-002514 STAY ROD SA 105 GR 50 MM / 52 MM (1 MTR 16.5 KGS) | IM-000755 MS EN-8 ROD 50 MM (1 MTR 16 KGS) | IM-001226 PTFE / TEFLON ROF 50 MM DIA
MS-ST- ROD - 454,MS STAY ROD  - SA 105 GR B - 56 MM ( 1 MTR - 19.5 KGS ),0,MTR,,,size,IM-002515,MS STAY ROD / STAY BAR SA 105 GR B 56 MM (1 MTR 19.5 KGS),Kgs,sheet MTR vs Item Master Kgs,"round d56, same material, closest name",
MS EN-ROD - 470,MS EN -8 ROD - 28 MM ( 1 MTR - 10 KGS ),0,MTR,,,suggest,,,,,2 Item Master rows are round d28,IM-002058 MS ROD 28 MM / 30 MM (1 MTR 5.5 KGS) | IM-002511 STAY ROD SA 105 GR 28 MM / 30 MM (1 MTR 5.5 KGS)
MS EN-ROD - 471,MS EN -8 ROD - 40 MM ( 1 MTR - 10 KGS ),0,MTR,,,name,IM-000753,MS EN-8 ROD 40 MM (1 MTR 10 KGS),Nos,sheet MTR vs Item Master Nos,same name,
MS EN-ROD - 472,MS EN -8 ROD - 45 MM ( 1 MTR - 12.5 KGS ),0,MTR,,,name,IM-000754,MS EN-8 ROD 45 MM (1 MTR 12.5 KGS),Nos,sheet MTR vs Item Master Nos,same name,
MS EN-ROD - 473,MS EN -8 ROD - 50 MM ( 1 MTR - 16 KGS ),0,MTR,,,name,IM-000755,MS EN-8 ROD 50 MM (1 MTR 16 KGS),Nos,sheet MTR vs Item Master Nos,same name,
MS EN-ROD - 474,MS EN -8 ROD - 56 MM ( 1 MTR - 20 KGS ),0,MTR,,,name,IM-000756,MS EN-8 ROD 56 MM (1 MTR 20 KGS),Nos,sheet MTR vs Item Master Nos,same name,
MS EN-ROD - 475,MS EN -8 ROD - 63 MM ( 1 MTR - 24.5 KGS ),0,MTR,,,name,IM-000757,MS EN-8 ROD 63 MM (1 MTR 24.5 KGS),Nos,sheet MTR vs Item Master Nos,same name,
MS EN-ROD - 476,MS EN -8 ROD - 80 MM ( 1 MTR - 40 KGS ),0,MTR,,,suggest,,,,,1 Item Master rows are round d80,IM-000759 MS EN-8 ROD 80 MM (1 MTR 31KGS)
MS EN-ROD - 477,MS EN -8 ROD - 70 MM ( 1 MTR - 31KGS ),0,MTR,,,size,IM-000758,MS EN-8 ROD 70 MM (1 MTR 40 KGS),Nos,sheet MTR vs Item Master Nos,"round d70, same material, closest name",
MS EN-ROD - 478,MS EN -8 ROD - 100 MM ( 1 MTR - 68 KGS ),0,MTR,,,size,IM-002862,MS EN-8 ROD 100 MM (1 MTR 61.65 KGS),Kgs,sheet MTR vs Item Master Kgs,"round d100, same material, closest name",
MS EN-ROD - 479,MS EN -8 ROD - 120 MM ( 1 MTR - 96 KGS ),0,MTR,,,name,IM-000762,MS EN-8 ROD 120 MM (1 MTR 96 KGS),Nos,sheet MTR vs Item Master Nos,same name,
MS EN-ROD - 480,MS EN -8 ROD - 55 MM ( 1 MTR - 19 KGS ),0,MTR,,,suggest,,,,,Similar catalog names,IM-002054 MS ROD 18 MM (1 MTR 2 KGS) | IM-002056 MS ROD 21 MM (1 MTR 3 KGS) | IM-002066 MS ROD 22 MM (1 MTR 3 KGS) | IM-002049 MS ROD 6 MM (1 MTR 0.22 KGS)
MS SQ ROD  - 501,MS SQUARE ROD - 6 MM ( 1 MTR - 0.3 KGS ),11,MTR,,221,name,IM-002461,MS SQUARE ROD 6 MM (1 MTR 0.3 KGS),Nos,sheet MTR vs Item Master Nos,same name,
MS SQ ROD  - 502,MS SQUARE ROD - 10 MM ( 1 MTR - 0.9 KGS ),0,MTR,,,name,IM-002462,MS SQUARE ROD 10 MM (1 MTR 0.9 KGS),Nos,sheet MTR vs Item Master Nos,same name,
MS SQ ROD  - 503,MS SQUARE ROD - 12 MM ( 1 MTR - 1.2 KGS ),0,MTR,,,name,IM-002463,MS SQUARE ROD 12 MM (1 MTR 1.2 KGS),Nos,sheet MTR vs Item Master Nos,same name,
MS SQ ROD  - 504,MS SQUARE ROD - 16 MM ( 1 MTR - 0.9 KGS ),0,MTR,,,size,IM-002824,MS SQUARE ROD 16 MM (1 MTR 2.01 KGS),Kgs,sheet MTR vs Item Master Kgs,"square s16, same material, closest name",
MS SQ ROD  - 505,MS SQUARE ROD - 25 MM ( 1 MTR - 4 KGS ),0,MTR,,,name,IM-002465,MS SQUARE ROD 25 MM (1 MTR 4 KGS),Nos,sheet MTR vs Item Master Nos,same name,
MS SQ ROD  - 506,MS SQUARE ROD - 50 MM ( 1 MTR - 19.75 KGS ),-18,MTR,,,name,IM-002466,MS SQUARE ROD 50 MM (1 MTR 19.75 KGS),Nos,sheet MTR vs Item Master Nos,same name,
MS SQ ROD  - 507,MS SQUARE ROD - 65 MM ( 1 MTR - 40 KGS ),-17,MTR,,,name,IM-002467,MS SQUARE ROD 65 MM (1 MTR 40 KGS),Nos,sheet MTR vs Item Master Nos,same name,
BOILER ERW - 521,BOILER ERW TUBES - 38.1 OD x 3.25 TH X 6.1 MTRS,0,MTRS,,,loose,IM-000765,BOILER ERW TUBES 38.1 OD X 3.25 TH X 6.1 MTR,Mtr,same,same name (unit spelling differs),
BOILER ERW - 522,BOILER ERW TUBES - 38.1 OD x 3.66 TH X 6.1 MTRS,0,MTRS,,1380,loose,IM-000766,BOILER ERW TUBES 38.1 OD X 3.66 TH X 6.1 MTR,Mtr,same,same name (unit spelling differs),
BOILER ERW - 523,BOILER ERW TUBES -44.45 OD x 3.25 TH X 6.1 MTRS,0,MTRS,,,loose,IM-000767,BOILER ERW TUBES-44.45 OD X 3.25 TH X 6.1 MTR,Mtr,same,same name (unit spelling differs),
BOILER ERW - 524,BOILER ERW TUBES - 44.45 OD x 3.66 TH X 6.1 MTRS,0,MTRS,,,loose,IM-000768,BOILER ERW TUBES 44.45 OD X 3.66 TH X 6.1 MTR,Mtr,same,same name (unit spelling differs),
BOILER ERW - 525,BOILER ERW TUBES - 50.80 OD x 3.25 TH X 6.1 MTRS,128,MTRS,,2118,loose,IM-000769,BOILER ERW TUBES 50.80 OD X 3.25 TH X 6.1 MTR,Mtr,same,same name (unit spelling differs),
BOILER ERW - 526,BOILER ERW TUBES - 50.80 OD x 3.66 TH X 5 MTRS,11,MTRS,,1583.36,loose,IM-000770,BOILER ERW TUBES 50.80 OD X 3.66 TH X 5 MTR,Mtr,same,same name (unit spelling differs),
BOILER ERW - 527,BOILER ERW TUBES - 50.80 OD x 3.66 TH X 6.1 /6.5 MTRS,203,MTRS,,2080.36,decided,IM-003063,BOILER ERW TUBES 50.80 OD X 3.66 TH X 6.1/6.5 MTR,Mtr,same,checked by hand,
BOILER ERW - 528,BOILER ERW TUBES - 50.80 OD x 3.66 TH X 7 MTRS,19,NOS,,2382.8,loose,IM-000772,BOILER ERW TUBES 50.80 OD X 3.66 TH X 7 MTR,Mtr,sheet NOS vs Item Master Mtr,same name (unit spelling differs),
BOILER ERW - 529,BOILER ERW TUBES - 63.5 OD x 3.66 x 3.5 /3.7/3.285 MTRS,324,NOS,,1595.95,decided,IM-003064,BOILER ERW TUBES 63.5 OD X 3.66 X 3.285/3.5/3.7 MTR,Nos,same,checked by hand,
BOILER ERW - 530,BOILER ERW TUBES - 63.5 OD x 3.66 x 4 MTRS,158,NOS,,1507.94,loose,IM-000779,BOILER ERW TUBES 63.5 OD X 3.66 X 4 MTR,Mtr,sheet NOS vs Item Master Mtr,same name (unit spelling differs),
BOILER ERW - 531,BOILER ERW TUBES - 63.5 OD x 3.66 x 4.5 MTRS,21,NOS,,1696.72,loose,IM-000780,BOILER ERW TUBES 63.5 OD X 3.66 X 4.5 MTR,Mtr,sheet NOS vs Item Master Mtr,same name (unit spelling differs),
BOILER ERW - 532,BOILER ERW TUBES - 63.5 OD x 3.66 x 5 MTRS,78,NOS,,1968.95,loose,IM-000781,BOILER ERW TUBES 63.5 OD X 3.66 X 5 MTR,Mtr,sheet NOS vs Item Master Mtr,same name (unit spelling differs),
BOILER ERW - 533,BOILER ERW TUBES - 63.5 OD x 3.66 x 5.5/5.6/5.8MTRS,82,NOS,,2379.61,decided,IM-003065,BOILER ERW TUBES 63.5 OD X 3.66 X 5.5/5.6/5.8 MTR,Nos,same,checked by hand,
BOILER ERW - 534,BOILER ERW TUBES - 63.5 OD x 3.66 x 6.1 MTRS,51,NOS,,2330.35,loose,IM-000783,BOILER ERW TUBES 63.5 OD X 3.66 X 6.1 MTR,Mtr,sheet NOS vs Item Master Mtr,same name (unit spelling differs),
BOILER ERW - 535,BOILER ERW TUBES - 63.5 OD x 3.66 x 7 MTRS,148,NOS,,2855.47,loose,IM-000784,BOILER ERW TUBES 63.5 OD X 3.66 X 7 MTR,Mtr,sheet NOS vs Item Master Mtr,same name (unit spelling differs),
BOILER ERW - 536,BOILER ERW TUBES - 63.5 OD x 4.06 TH - 6.1 MTRS,0,NOS,,,loose,IM-000785,BOILER ERW TUBES 63.5 OD X 4.06 TH 6.1 MTR,Mtr,sheet NOS vs Item Master Mtr,same name (unit spelling differs),
BOILER ERW - 537,BOILER ERW TUBES - 63.5 OD x 3.66 x 6.5 MTRS,0,NOS,,,loose,IM-000786,BOILER ERW TUBES 63.5 OD X 3.66 X 6.5 MTR,Mtr,sheet NOS vs Item Master Mtr,same name (unit spelling differs),
BOILER ERW - 538,BOILER ERW TUBES - 63.5 OD x 3.66 x 7.5 MTRS,0,NOS,,,loose,IM-000787,BOILER ERW TUBES 63.5 OD X 3.66 X 7.5 MTR,Mtr,sheet NOS vs Item Master Mtr,same name (unit spelling differs),
BOILER ERW - 539,BOILER ERW TUBES - 50.8 OD x 2.34 x 6 MTRS,0,NOS,,,loose,IM-000788,BOILER ERW TUBES 50.8 OD X 2.34 X 6 MTR,Mtr,sheet NOS vs Item Master Mtr,same name (unit spelling differs),
BOILER ERW - 540,BOILER ERW TUBES - 63.50 OD x 3.66x 5.7 MTRS,0,NOS,,2154,loose,IM-000789,BOILER ERW TUBES 63.50 OD X 3.66 X 5.7 MTR,Mtr,sheet NOS vs Item Master Mtr,same name (unit spelling differs),
BOILER ERW - 541,BOILER ERW TUBES - 63.50 OD x 3.66x 7.1MTRS,32,NOS,,3337,loose,IM-000790,BOILER ERW TUBES 63.50 OD X 3.66 X 7.1MTRS,Mtr,sheet NOS vs Item Master Mtr,same name (unit spelling differs),
BOILER ERW - 542,BOILER ERW TUBES - 60.30 OD x 2.34 x 6.1MTRS,0,NOS,,,suggest,,,,,2 Item Master rows are pipe p60.3x2.34,IM-000014 APH TUBE BS6323 PART V 60.30 OD X 2.34 TH X 6.1 MTR | IM-003067 APH TUBE BS6323 PART V 60.30 OD X 2.34 TH X 6 MTR
BOILER ERW - 543,BOILER ERW TUBES - 60.30 OD x 4.44 x 6MTRS,0,NOS,,2268,suggest,,,,,Similar catalog names,IM-000779 BOILER ERW TUBES 63.5 OD X 3.66 X 4 MTR | IM-000781 BOILER ERW TUBES 63.5 OD X 3.66 X 5 MTR | IM-000784 BOILER ERW TUBES 63.5 OD X 3.66 X 7 MTR | IM-000788 BOILER ERW TUBES 50.8 OD X 2.34 X 6 MTR
BOILER ERW - 544,BOILER ERW TUBES - 76.2 OD X 4.06 X 5MTRS,0,NOS,,,suggest,,,,,2 Item Master rows are pipe p76.2x4.06,IM-000793 BOILER ERW TUBES 76.2 OD X 4.06 TH X 6.1 MTR | IM-000794 BOILER ERW TUBES 76.2 OD X 4.06 TH X 7.1MTRS
BOILER ERW - 545,BOILER ERW TUBES - 76.2 OD X 4.06 X 4MTRS,0,NOS,,,suggest,,,,,2 Item Master rows are pipe p76.2x4.06,IM-000793 BOILER ERW TUBES 76.2 OD X 4.06 TH X 6.1 MTR | IM-000794 BOILER ERW TUBES 76.2 OD X 4.06 TH X 7.1MTRS
BOILER ERW - 546,BOILER ERW TUBES - 50.80 OD x 3.66 TH X 5.5/5.6 MTRS,5,MTRS,,,decided,IM-003066,BOILER ERW TUBES 50.80 OD X 3.66 TH X 5.5/5.6 MTR,Mtr,same,checked by hand,
BOILER ERW - 547,BOILER ERW TUBES - 50.80 OD x 3.66 TH X 3.265 MTRS,0,MTRS,,,suggest,,,,,6 Item Master rows are pipe p50.8x3.66,IM-000770 BOILER ERW TUBES 50.80 OD X 3.66 TH X 5 MTR | IM-000771 BOILER ERW TUBES 50.80 OD X 3.66 TH X 6.1 MTR | IM-000772 BOILER ERW TUBES 50.80 OD X 3.66 TH X 7 MTR | IM-003063 BOILER ERW TUBES 50.80 OD X 3.66 TH X 6.1/6.5 MTR
SEAMLESS PIPE - 551,"SEAMLESS PIPE SCH 40 IBR 15 MM (1/2"")",0,MTRS,,175,name,IM-002408,"SEAMLESS PIPE SCH 40 IBR 15 MM (1/2"")",Nos,sheet MTRS vs Item Master Nos,same name,
SEAMLESS PIPE - 552,"SEAMLESS PIPE SCH 40 IBR 20 MM (3/4"")",0,MTRS,,,name,IM-002409,"SEAMLESS PIPE SCH 40 IBR 20 MM (3/4"")",Nos,sheet MTRS vs Item Master Nos,same name,
SEAMLESS PIPE - 553,"SEAMLESS PIPE SCH 40 IBR 25 MM (1"")",30,MTRS,,,name,IM-002410,"SEAMLESS PIPE SCH 40 IBR 25 MM (1"")",Nos,sheet MTRS vs Item Master Nos,same name,
SEAMLESS PIPE - 554,"SEAMLESS PIPE SCH 40 IBR 25 MM (1"")",0,MTRS,,,name,IM-002410,"SEAMLESS PIPE SCH 40 IBR 25 MM (1"")",Nos,sheet MTRS vs Item Master Nos,same name,
SEAMLESS PIPE - 555,"SEAMLESS PIPE SCH 40 IBR 40 MM (1 1/2"")",32.35,MTRS,,682.07,name,IM-002412,"SEAMLESS PIPE SCH 40 IBR 40 MM (1 1/2"")",Nos,sheet MTRS vs Item Master Nos,same name,
SEAMLESS PIPE - 556,"SEAMLESS PIPE SCH 40 IBR 50 MM (2"")",36.69,MTRS,,944.2,name,IM-002413,"SEAMLESS PIPE SCH 40 IBR 50 MM (2"")",Nos,sheet MTRS vs Item Master Nos,same name,
SEAMLESS PIPE - 557,"SEAMLESS PIPE SCH 40 IBR 65 MM (2 1/2"")",76.92,MTRS,,794,name,IM-002414,"SEAMLESS PIPE SCH 40 IBR 65 MM (2 1/2"")",Nos,sheet MTRS vs Item Master Nos,same name,
SEAMLESS PIPE - 558,"SEAMLESS PIPE SCH 40 IBR 80 MM (3"")",99,MTRS,,2092.13,name,IM-002415,"SEAMLESS PIPE SCH 40 IBR 80 MM (3"")",Nos,sheet MTRS vs Item Master Nos,same name,
SEAMLESS PIPE - 559,"SEAMLESS PIPE SCH 40 IBR 100 MM (4"")",74.86,MTRS,,1424.58,name,IM-002416,"SEAMLESS PIPE SCH 40 IBR 100 MM (4"")",Nos,sheet MTRS vs Item Master Nos,same name,
SEAMLESS PIPE - 560,"SEAMLESS PIPE SCH 40 IBR 125 MM (5"")",0,MTRS,,,name,IM-002417,"SEAMLESS PIPE SCH 40 IBR 125 MM (5"")",Nos,sheet MTRS vs Item Master Nos,same name,
SEAMLESS PIPE - 561,"SEAMLESS PIPE SCH 40 IBR 150 MM (6"")",41.6,MTRS,,2439.14,name,IM-002418,"SEAMLESS PIPE SCH 40 IBR 150 MM (6"")",Nos,sheet MTRS vs Item Master Nos,same name,
SEAMLESS PIPE - 562,"SEAMLESS PIPE SCH 40 IBR 200 MM (8"")",18.1,MTRS,,4327,name,IM-002419,"SEAMLESS PIPE SCH 40 IBR 200 MM (8"")",Nos,sheet MTRS vs Item Master Nos,same name,
SEAMLESS PIPE - 563,"SEAMLESS PIPE SCH 40 IBR 225MM (9"")",0,MTRS,,,name,IM-002420,"SEAMLESS PIPE SCH 40 IBR 225MM (9"")",Nos,sheet MTRS vs Item Master Nos,same name,
SEAMLESS PIPE - 564,"SEAMLESS PIPE SCH 40 IBR 250MM (10"")",0,MTRS,,,name,IM-002421,"SEAMLESS PIPE SCH 40 IBR 250MM (10"")",Nos,sheet MTRS vs Item Master Nos,same name,
SEAMLESS PIPE - 565,"SEAMLESS PIPE SCH 40 IBR 300 MM (12"")",0,MTRS,,,name,IM-002422,"SEAMLESS PIPE SCH 40 IBR 300 MM (12"")",Nos,sheet MTRS vs Item Master Nos,same name,
SEAMLESS PIPE - 566,"SEAMLESS PIPE SCH 40 IBR 660 MM (26"")",0,MTRS,,,suggest,,,,,Similar catalog names,"IM-002410 SEAMLESS PIPE SCH 40 IBR 25 MM (1"") | IM-002413 SEAMLESS PIPE SCH 40 IBR 50 MM (2"") | IM-002415 SEAMLESS PIPE SCH 40 IBR 80 MM (3"") | IM-002437 SEAMLESS PIPE SCH 80 IBR 50 MM (2"")"
SEAMLESS PIPE - 567,SEAMLESS PIPE 63.5 OD X 3.66 TH X 7,0,MTRS,,,name,IM-002426,SEAMLESS PIPE 63.5 OD X 3.66 TH X 7,Nos,sheet MTRS vs Item Master Nos,same name,
SEAMLESS PIPE - 568,SEAMLESS PIPE 63.5 OD X 3.66 TH X 6.1,0,MTRS,,,name,IM-002425,SEAMLESS PIPE 63.5 OD X 3.66 TH X 6.1,Nos,sheet MTRS vs Item Master Nos,same name,
SEAMLESS PIPE - 570,SEAMLESS PIPE 44.5 OD X 4.05 TH ( T-22),0,MTRS,,,name,IM-002427,SEAMLESS PIPE 44.5 OD X 4.05 TH (T-22),Nos,sheet MTRS vs Item Master Nos,same name,
SEAMLESS PIPE - 571,SEAMLESS PIPE 44.5 OD X 4.06 TH ( T-11),0,MTRS,,,name,IM-002428,SEAMLESS PIPE 44.5 OD X 4.06 TH (T-11),Nos,sheet MTRS vs Item Master Nos,same name,
SEAMLESS PIPE - 572,SS304 SEAMLESS PIPE 80NB WITH 1/2 SOCKET,0,MTRS,,,suggest,,,,,Similar catalog names,IM-002426 SEAMLESS PIPE 63.5 OD X 3.66 TH X 7 | IM-002430 SEAMLESS PIPE 50.8 OD X 6.35 TH X 7 | IM-002431 SEAMLESS PIPE 76.2 OD X 6.35 TH X 6 | IM-002425 SEAMLESS PIPE 63.5 OD X 3.66 TH X 6.1
SEAMLESS PIPE - 573,"SEAMLESS PIPE SCH 40 IBR 600 MM (24"")",0,MTRS,,,suggest,,,,,Similar catalog names,"IM-002410 SEAMLESS PIPE SCH 40 IBR 25 MM (1"") | IM-002413 SEAMLESS PIPE SCH 40 IBR 50 MM (2"") | IM-002415 SEAMLESS PIPE SCH 40 IBR 80 MM (3"") | IM-002437 SEAMLESS PIPE SCH 80 IBR 50 MM (2"")"
SEAMLESS PIPE - 574,"SEAMLESS PIPE SCH 40 IBR 450 MM (18"")",0,MTRS,,,suggest,,,,,Similar catalog names,"IM-002410 SEAMLESS PIPE SCH 40 IBR 25 MM (1"") | IM-002413 SEAMLESS PIPE SCH 40 IBR 50 MM (2"") | IM-002415 SEAMLESS PIPE SCH 40 IBR 80 MM (3"") | IM-002437 SEAMLESS PIPE SCH 80 IBR 50 MM (2"")"
SEAMLESS PIPE - 581,SEAMLESS PIPE SCH 80 IBR 15 MM,30,MTRS,,,decided,IM-002432,"SEAMLESS PIPE SCH 80 IBR 15 MM (1/2"")",Nos,sheet MTRS vs Item Master Nos,checked by hand,
SEAMLESS PIPE - 582,SEAMLESS PIPE SCH 80 IBR 20 MM,4.69,MTRS,,338,decided,IM-002433,"SEAMLESS PIPE SCH 80 IBR 20 MM (3/4"")",Nos,sheet MTRS vs Item Master Nos,checked by hand,
SEAMLESS PIPE - 583,SEAMLESS PIPE SCH 80 IBR 25 MM,-2,MTRS,,,suggest,,,,,Similar catalog names,"IM-002410 SEAMLESS PIPE SCH 40 IBR 25 MM (1"") | IM-002413 SEAMLESS PIPE SCH 40 IBR 50 MM (2"") | IM-002415 SEAMLESS PIPE SCH 40 IBR 80 MM (3"") | IM-002420 SEAMLESS PIPE SCH 40 IBR 225MM (9"")"
SEAMLESS PIPE - 584,SEAMLESS PIPE SCH 80 IBR 32 MM,0,MTRS,,,suggest,,,,,Similar catalog names,"IM-002410 SEAMLESS PIPE SCH 40 IBR 25 MM (1"") | IM-002413 SEAMLESS PIPE SCH 40 IBR 50 MM (2"") | IM-002415 SEAMLESS PIPE SCH 40 IBR 80 MM (3"") | IM-002420 SEAMLESS PIPE SCH 40 IBR 225MM (9"")"
SEAMLESS PIPE - 585,SEAMLESS PIPE SCH 80 IBR 40 MM,9,MTRS,,,decided,IM-002436,"SEAMLESS PIPE SCH 80 IBR 40 MM (1 1/2"")",Nos,sheet MTRS vs Item Master Nos,checked by hand,
SEAMLESS PIPE - 586,SEAMLESS PIPE SCH 80 IBR 50 MM,30,MTRS,,2099.5,decided,IM-002437,"SEAMLESS PIPE SCH 80 IBR 50 MM (2"")",Nos,sheet MTRS vs Item Master Nos,checked by hand,
SEAMLESS PIPE - 587,SEAMLESS PIPE SCH 80 IBR 65 MM,0,MTRS,,936,suggest,,,,,Similar catalog names,"IM-002410 SEAMLESS PIPE SCH 40 IBR 25 MM (1"") | IM-002413 SEAMLESS PIPE SCH 40 IBR 50 MM (2"") | IM-002415 SEAMLESS PIPE SCH 40 IBR 80 MM (3"") | IM-002420 SEAMLESS PIPE SCH 40 IBR 225MM (9"")"
SEAMLESS PIPE - 588,SEAMLESS PIPE SCH 80 IBR 80 MM,12.13,MTRS,,1328.46,decided,IM-002439,"SEAMLESS PIPE SCH 80 IBR 80 MM (3"")",Nos,sheet MTRS vs Item Master Nos,checked by hand,
SEAMLESS PIPE - 589,SEAMLESS PIPE SCH 80 IBR 100 MM,6.01,MTRS,,2053,decided,IM-002440,"SEAMLESS PIPE SCH 80 IBR 100 MM (4"")",Nos,sheet MTRS vs Item Master Nos,checked by hand,
SEAMLESS PIPE - 590,SEAMLESS PIPE SCH 80 IBR 125 MM,0,MTRS,,,suggest,,,,,Similar catalog names,"IM-002417 SEAMLESS PIPE SCH 40 IBR 125 MM (5"") | IM-002441 SEAMLESS PIPE SCH 80 IBR 125 MM (5"") | IM-002410 SEAMLESS PIPE SCH 40 IBR 25 MM (1"") | IM-002413 SEAMLESS PIPE SCH 40 IBR 50 MM (2"")"
SEAMLESS PIPE - 591,SEAMLESS PIPE SCH 80 IBR 150 MM,0,MTRS,,3500,suggest,,,,,Similar catalog names,"IM-002418 SEAMLESS PIPE SCH 40 IBR 150 MM (6"") | IM-002442 SEAMLESS PIPE SCH 80 IBR 150 MM (6"") | IM-002410 SEAMLESS PIPE SCH 40 IBR 25 MM (1"") | IM-002413 SEAMLESS PIPE SCH 40 IBR 50 MM (2"")"
SEAMLESS PIPE - 592,SEAMLESS PIPE SCH 80 IBR 200 MM,12,MTRS,,5300,decided,IM-002443,"SEAMLESS PIPE SCH 80 IBR 200 MM (8"")",Nos,sheet MTRS vs Item Master Nos,checked by hand,
SEAMLESS PIPE - 593,SEAMLESS PIPE SCH 80 IBR 225MM,0,MTRS,,,suggest,,,,,Similar catalog names,"IM-002420 SEAMLESS PIPE SCH 40 IBR 225MM (9"") | IM-002444 SEAMLESS PIPE SCH 80 IBR 225MM (9"") | IM-002410 SEAMLESS PIPE SCH 40 IBR 25 MM (1"") | IM-002413 SEAMLESS PIPE SCH 40 IBR 50 MM (2"")"
SEAMLESS PIPE - 594,SEAMLESS PIPE SCH 80 IBR 250MM,0,MTRS,,,suggest,,,,,Similar catalog names,"IM-002421 SEAMLESS PIPE SCH 40 IBR 250MM (10"") | IM-002445 SEAMLESS PIPE SCH 80 IBR 250MM (10"") | IM-002410 SEAMLESS PIPE SCH 40 IBR 25 MM (1"") | IM-002413 SEAMLESS PIPE SCH 40 IBR 50 MM (2"")"
SEAMLESS PIPE - 595,SEAMLESS PIPE SCH 80 IBR 275MM,0,MTRS,,,suggest,,,,,Similar catalog names,"IM-002410 SEAMLESS PIPE SCH 40 IBR 25 MM (1"") | IM-002413 SEAMLESS PIPE SCH 40 IBR 50 MM (2"") | IM-002415 SEAMLESS PIPE SCH 40 IBR 80 MM (3"") | IM-002437 SEAMLESS PIPE SCH 80 IBR 50 MM (2"")"
SEAMLESS PIPE - 596,SEAMLESS PIPE SCH 80 IBR 300MM,0,MTRS,,,suggest,,,,,Similar catalog names,"IM-002410 SEAMLESS PIPE SCH 40 IBR 25 MM (1"") | IM-002413 SEAMLESS PIPE SCH 40 IBR 50 MM (2"") | IM-002415 SEAMLESS PIPE SCH 40 IBR 80 MM (3"") | IM-002437 SEAMLESS PIPE SCH 80 IBR 50 MM (2"")"
SEAMLESS PIPE - 597,SEAMLESS PIPE SCH 80 IBR 325MM,0,MTRS,,,suggest,,,,,Similar catalog names,"IM-002410 SEAMLESS PIPE SCH 40 IBR 25 MM (1"") | IM-002413 SEAMLESS PIPE SCH 40 IBR 50 MM (2"") | IM-002415 SEAMLESS PIPE SCH 40 IBR 80 MM (3"") | IM-002437 SEAMLESS PIPE SCH 80 IBR 50 MM (2"")"
SEAMLESS PIPE - 598,SEAMLESS PIPE SCH 80 IBR 375MM,0,MTRS,,,suggest,,,,,Similar catalog names,"IM-002410 SEAMLESS PIPE SCH 40 IBR 25 MM (1"") | IM-002413 SEAMLESS PIPE SCH 40 IBR 50 MM (2"") | IM-002415 SEAMLESS PIPE SCH 40 IBR 80 MM (3"") | IM-002437 SEAMLESS PIPE SCH 80 IBR 50 MM (2"")"
SEAMLESS PIPE - 599,SEAMLESS PIPE SCH 80 IBR 350MM,0,MTRS,,,suggest,,,,,Similar catalog names,"IM-002410 SEAMLESS PIPE SCH 40 IBR 25 MM (1"") | IM-002413 SEAMLESS PIPE SCH 40 IBR 50 MM (2"") | IM-002415 SEAMLESS PIPE SCH 40 IBR 80 MM (3"") | IM-002437 SEAMLESS PIPE SCH 80 IBR 50 MM (2"")"
MS PIPE - 600,"MS PIPE C CLASS - 1/2""",3,NOS,,532.5,decided,IM-001960,"MS PIPE C CLASS 1/2"", OD TH",Kgs,sheet NOS vs Item Master Kgs,checked by hand,
MS PIPE - 601,"MS PIPE C CLASS - 3/4""",4,NOS,,720,name,IM-001961,"MS PIPE C CLASS 3/4""",Kgs,sheet NOS vs Item Master Kgs,same name,
MS PIPE - 602,"MS PIPE C CLASS - 1""",4,NOS,,1080,name,IM-001962,"MS PIPE C CLASS 1""",Kgs,sheet NOS vs Item Master Kgs,same name,
MS PIPE - 603,"MS PIPE C CLASS - 1 1/2""",16,NOS,,633.75,name,IM-001963,"MS PIPE C CLASS 1 1/2""",Kgs,sheet NOS vs Item Master Kgs,same name,
MS PIPE - 604,"MS PIPE C CLASS - 2""",0,NOS,,,name,IM-001965,"MS PIPE C CLASS 2""",Kgs,sheet NOS vs Item Master Kgs,same name,
MS PIPE - 605,"MS PIPE C CLASS - 3""",1,NOS,,4440,name,IM-001967,"MS PIPE C CLASS 3""",Kgs,sheet NOS vs Item Master Kgs,same name,
MS PIPE - 606,"MS PIPE C CLASS - 4""",0,NOS,,,name,IM-001968,"MS PIPE C CLASS 4""",Kgs,sheet NOS vs Item Master Kgs,same name,
MS PIPE - 607,"MS PIPE C CLASS - 5""",0,NOS,,,name,IM-001969,"MS PIPE C CLASS 5""",Kgs,sheet NOS vs Item Master Kgs,same name,
MS PIPE - 608,"MS PIPE C CLASS - 6""",6,NOS,,3000,name,IM-001970,"MS PIPE C CLASS 6""",Kgs,sheet NOS vs Item Master Kgs,same name,
MS PIPE - 609,"MS PIPE C CLASS - 8 """,6,NOS,,950,name,IM-001971,"MS PIPE C CLASS 8 """,Kgs,sheet NOS vs Item Master Kgs,same name,
MS PIPE - 610,"MS PIPE C CLASS - 10 """,0,NOS,,,name,IM-001972,"MS PIPE C CLASS 10 """,Kgs,sheet NOS vs Item Master Kgs,same name,
MS PIPE - 611,"MS PIPE C CLASS - 12""",1,NOS,,15780,name,IM-001973,"MS PIPE C CLASS 12""",Kgs,sheet NOS vs Item Master Kgs,same name,
MS PIPE - 612,"MS PIPE C CLASS - 11/4""(32mm)",0,NOS,,,name,IM-001964,"MS PIPE C CLASS 11/4""(32mm)",Kgs,sheet NOS vs Item Master Kgs,same name,
MS PIPE - 620,"MS PIPE B CLASS - 1/2""",0,NOS,,,name,IM-001980,"MS PIPE B CLASS 1/2""",Kgs,sheet NOS vs Item Master Kgs,same name,
MS PIPE - 621,"MS PIPE B CLASS - 3/4""",0,NOS,,,name,IM-001981,"MS PIPE B CLASS 3/4""",Kgs,sheet NOS vs Item Master Kgs,same name,
MS PIPE - 622,"MS PIPE B CLASS - 1""",0,NOS,,,name,IM-001982,"MS PIPE B CLASS 1""",Kgs,sheet NOS vs Item Master Kgs,same name,
MS PIPE - 623,"MS PIPE B CLASS - 1 1/2""",0,NOS,,,name,IM-001983,"MS PIPE B CLASS 1 1/2""",Kgs,sheet NOS vs Item Master Kgs,same name,
MS PIPE - 624,"MS PIPE B CLASS - 2""",0,NOS,,,name,IM-001984,"MS PIPE B CLASS 2""",Kgs,sheet NOS vs Item Master Kgs,same name,
MS PIPE - 625,"MS PIPE B CLASS - 3""",0,NOS,,,name,IM-001985,"MS PIPE B CLASS 3""",Kgs,sheet NOS vs Item Master Kgs,same name,
MS PIPE - 626,"MS PIPE B CLASS - 4""",0,NOS,,,name,IM-001986,"MS PIPE B CLASS 4""",Kgs,sheet NOS vs Item Master Kgs,same name,
MS PIPE - 627,"MS PIPE B CLASS - 5""",0,NOS,,,name,IM-001987,"MS PIPE B CLASS 5""",Kgs,sheet NOS vs Item Master Kgs,same name,
MS PIPE - 628,"MS PIPE B CLASS - 6""",0,NOS,,2565.19,name,IM-001988,"MS PIPE B CLASS 6""",Kgs,sheet NOS vs Item Master Kgs,same name,
MS PIPE - 629,"MS PIPE B CLASS - 8 """,0,NOS,,,name,IM-001989,"MS PIPE B CLASS 8 """,Kgs,sheet NOS vs Item Master Kgs,same name,
MS PIPE - 630,"MS PIPE B CLASS - 10 """,0,NOS,,,name,IM-001990,"MS PIPE B CLASS 10 """,Kgs,sheet NOS vs Item Master Kgs,same name,
MS PIPE - 631,"MS PIPE B CLASS - 12""",0,NOS,,,name,IM-001991,"MS PIPE B CLASS 12""",Kgs,sheet NOS vs Item Master Kgs,same name,
MS PIPE - 640,"MS PIPE A CLASS - 1/2""",0,NOS,,,name,IM-001998,"MS PIPE A CLASS 1/2""",Kgs,sheet NOS vs Item Master Kgs,same name,
MS PIPE - 641,"MS PIPE A CLASS - 3/4""",0,NOS,,,name,IM-001999,"MS PIPE A CLASS 3/4""",Kgs,sheet NOS vs Item Master Kgs,same name,
MS PIPE - 642,"MS PIPE A CLASS - 1""",0,NOS,,,name,IM-002000,"MS PIPE A CLASS 1""",Kgs,sheet NOS vs Item Master Kgs,same name,
MS PIPE - 643,"MS PIPE A CLASS - 1 1/2""",0,NOS,,,name,IM-002001,"MS PIPE A CLASS 1 1/2""",Kgs,sheet NOS vs Item Master Kgs,same name,
MS PIPE - 644,"MS PIPE A CLASS - 2""",0,NOS,,,name,IM-002002,"MS PIPE A CLASS 2""",Kgs,sheet NOS vs Item Master Kgs,same name,
MS PIPE - 645,"MS PIPE A CLASS - 3""",0,NOS,,,name,IM-002003,"MS PIPE A CLASS 3""",Kgs,sheet NOS vs Item Master Kgs,same name,
MS PIPE - 646,"MS PIPE A CLASS - 4""",0,NOS,,,name,IM-002004,"MS PIPE A CLASS 4""",Kgs,sheet NOS vs Item Master Kgs,same name,
MS PIPE - 647,"MS PIPE A CLASS - 5""",0,NOS,,,name,IM-002005,"MS PIPE A CLASS 5""",Kgs,sheet NOS vs Item Master Kgs,same name,
MS PIPE - 648,"MS PIPE A CLASS - 6""",0,NOS,,,name,IM-002006,"MS PIPE A CLASS 6""",Kgs,sheet NOS vs Item Master Kgs,same name,
MS PIPE - 649,"MS PIPE A CLASS - 8 """,0,NOS,,,name,IM-002007,"MS PIPE A CLASS 8 """,Kgs,sheet NOS vs Item Master Kgs,same name,
MS PIPE - 650,"MS PIPE A CLASS - 10 """,0,NOS,,,name,IM-002008,"MS PIPE A CLASS 10 """,Kgs,sheet NOS vs Item Master Kgs,same name,
MS PIPE - 651,"MS PIPE A CLASS - 12""",0,NOS,,,name,IM-002009,"MS PIPE A CLASS 12""",Kgs,sheet NOS vs Item Master Kgs,same name,
GIP-670,GI PIPE 25 MM,0,MTR,,,none,,,,,,
GIP-671,GI PIPE 40 MM,0,MTR,,,none,,,,,,
GIP-672,GI PIPE 50 MM,0,MTR,,,none,,,,,,
GIP-673,MS SQ PIPE 40 X 40 MM,0,MTR,,,none,,,,,,
MS PIPE - 701,MS SQUARE PIPE - 20 MM,16,MTR,,489,name,IM-002021,MS SQUARE PIPE 20 MM,Kgs,sheet MTR vs Item Master Kgs,same name,
MS PIPE - 702,MS SQUARE PIPE - 25 MM,0,MTR,,,name,IM-002022,MS SQUARE PIPE 25 MM,Kgs,sheet MTR vs Item Master Kgs,same name,
MS PIPE - 703,MS SQUARE PIPE - 40 MM,0,MTR,,,name,IM-002023,MS SQUARE PIPE 40 MM,Kgs,sheet MTR vs Item Master Kgs,same name,
MS PIPE - 704,MS SQUARE PIPE - 50 MM,0,MTR,,,name,IM-002024,MS SQUARE PIPE 50 MM,Kgs,sheet MTR vs Item Master Kgs,same name,
MSP - APH - 660,"APH TUBE ; BS6323 PART V - 1 "" X 2.34 TH",0,MTRS,,,suggest,,,,,Similar catalog names,IM-000017 APH TUBE BS6323 PART V 63.5 OD X 2.9 TH X 6.1 MTR | IM-003067 APH TUBE BS6323 PART V 60.30 OD X 2.34 TH X 6 MTR | IM-000013 APH TUBE BS6323 PART V 50.80 OD X 2.9 TH X 6.1 MTR | IM-000015 APH TUBE BS6323 PART V 60.30 OD X 2.9 TH X 6.1 MTR
MSP - APH - 661,"APH TUBE ; BS6323 PART V - 1 1/2"" X 2.34 TH X 6 MTRS",0,MTRS,,,suggest,,,,,Similar catalog names,IM-000017 APH TUBE BS6323 PART V 63.5 OD X 2.9 TH X 6.1 MTR | IM-003067 APH TUBE BS6323 PART V 60.30 OD X 2.34 TH X 6 MTR | IM-000013 APH TUBE BS6323 PART V 50.80 OD X 2.9 TH X 6.1 MTR | IM-000015 APH TUBE BS6323 PART V 60.30 OD X 2.9 TH X 6.1 MTR
MSP - APH - 661,"APH TUBE ; BS6323 PART V - 1 1/2"" X 2.34 TH X 6 MTRS",0,MTRS,,,suggest,,,,"duplicate sheet row, count once",Similar catalog names,IM-000017 APH TUBE BS6323 PART V 63.5 OD X 2.9 TH X 6.1 MTR | IM-003067 APH TUBE BS6323 PART V 60.30 OD X 2.34 TH X 6 MTR | IM-000013 APH TUBE BS6323 PART V 50.80 OD X 2.9 TH X 6.1 MTR | IM-000015 APH TUBE BS6323 PART V 60.30 OD X 2.9 TH X 6.1 MTR
MSP - APH - 662,APH TUBE ; BS6323 PART V - 60.3 OD X 2.34 TH X 6 MTRS,35,MTRS,,1952,decided,IM-003067,APH TUBE BS6323 PART V 60.30 OD X 2.34 TH X 6 MTR,Mtr,same,checked by hand,
MSP - APH - 663,APH TUBE ; BS6323 PART V - 50.8 OD X 2.03 TH X 6.1 MTRS,0,MTRS,,,suggest,,,,,Similar catalog names,IM-000017 APH TUBE BS6323 PART V 63.5 OD X 2.9 TH X 6.1 MTR | IM-003067 APH TUBE BS6323 PART V 60.30 OD X 2.34 TH X 6 MTR | IM-000013 APH TUBE BS6323 PART V 50.80 OD X 2.9 TH X 6.1 MTR | IM-000015 APH TUBE BS6323 PART V 60.30 OD X 2.9 TH X 6.1 MTR
GI SHEET - 671,GI SHEET - 0.4 MM,0,NOS,,,name,IM-001086,GI SHEET 0.4 MM,Nos,same,same name,
GI SHEET - 672,GI SHEET - 0.5 MM,0,NOS,,,name,IM-001087,GI SHEET 0.5 MM,Nos,same,same name,
GI SHEET - 673,GI SHEET - 1 MM,0,NOS,,,name,IM-001088,GI SHEET 1 MM,Nos,same,same name,
GI SHEET - 674,COLOUR COATED SHEET 8FT X 0.50MM,0,NOS,,,size,IM-003062,COLOUR COATED SHEET 0.50 MM BLUE,Nos,same,"plate t0.5, same material, closest name",
GI SHEET - 675,,0,NOS,,,none,,,,,,
BEARING - 799,BEARINGS - 1209-K,0,NOS,,,none,,,,,,
BEARING - 800,BEARINGS - 2209-K,0,NOS,2,,suggest,,,,,Similar catalog names,IM-000024 BALL BEARINGS 2209-K
BEARING - 801,BEARINGS - 2211-K,0,NOS,2,,suggest,,,,,Similar catalog names,IM-000025 BALL BEARINGS 2211-K
BEARING - 802,BEARINGS - 2212-K,0,NOS,2,,suggest,,,,,Similar catalog names,IM-000026 BALL BEARINGS 2212-K
BEARING - 803,BEARINGS - 2215-K,0,NOS,2,,suggest,,,,,Similar catalog names,IM-000027 BALL BEARINGS 2215-K
BEARING - 804,BEARINGS - 205-UCFC,0,NOS,2,,none,,,,,,
BEARING - 805,BEARINGS - UCF-212KHK,0,NOS,2,,none,,,,,,
BEARING - 825,BEARINGS - SPIRAL ROLLER - 22209-K,0,,2,,name,IM-000031,BEARINGS SPIRAL ROLLER 22209-K,Nos,sheet has no unit,same name,
BEARING - 826,BEARINGS - SPIRAL ROLLER - 22211-K,0,,2,,name,IM-000032,BEARINGS SPIRAL ROLLER 22211-K,Nos,sheet has no unit,same name,
BEARING - 827,BEARINGS - SPIRAL ROLLER - 22212-K,0,,2,,name,IM-000033,BEARINGS SPIRAL ROLLER 22212-K,Nos,sheet has no unit,same name,
BEARING - 828,BEARINGS - SPIRAL ROLLER - 22215-K,0,,2,,name,IM-000034,BEARINGS SPIRAL ROLLER 22215-K,Nos,sheet has no unit,same name,
SLEEVE - 850,SLEEVES - H-309,0,,2,,name,IM-002447,SLEEVES H-309,Nos,sheet has no unit,same name,
SLEEVE - 851,SLEEVES-H-311,0,,2,,name,IM-002448,SLEEVES H-311,Nos,sheet has no unit,same name,
SLEEVE - 852,SLEEVES - H-312,0,,2,,name,IM-002449,SLEEVES H-312,Nos,sheet has no unit,same name,
SLEEVE - 853,SLEEVES - H-315,0,,2,,name,IM-002450,SLEEVES H-315,Nos,sheet has no unit,same name,
PED - 875,PEDESTRIAL - SN-509,0,NOS,2,,name,IM-002148,PEDESTRIAL SN-509,Nos,same,same name,
PED - 876,PEDESTRIAL - SN-511,0,NOS,2,,name,IM-002149,PEDESTRIAL SN-511,Nos,same,same name,
PED - 877,PEDESTRIAL - SN-512,0,NOS,2,,name,IM-002150,PEDESTRIAL SN-512,Nos,same,same name,
PED - 878,PEDESTRIAL - SN-515,0,NOS,2,,name,IM-002151,PEDESTRIAL SN-515,Nos,same,same name,
V-BELTS - 882,V BELTS - B 60,0,NOS,,,none,,,,,,
V-BELTS - 883,V BELTS - B 80,0,NOS,,,none,,,,,,
V-BELTS - 884,V BELTS - B 112,0,NOS,,,none,,,,,,
V-BELTS - 885,V BELTS - B 98,0,NOS,,,none,,,,,,
V-BELTS - 886,V BELTS - B 43,0,NOS,,,none,,,,,,
V-BELTS - 887,V BELTS - B 68,0,NOS,,,none,,,,,,
V-BELTS - 888,V BELTS - B 70,0,NOS,,,none,,,,,,
V-BELTS - 889,V BELTS - B 86,0,NOS,,,none,,,,,,
V-BELTS - 890,V BELTS - B 90,0,NOS,,,none,,,,,,
V-BELTS - 891,V BELTS - B 96,0,NOS,,,none,,,,,,
V-BELTS - 892,V BELTS - B 104,0,NOS,,,none,,,,,,
V-BELTS - 893,V BELTS - B 99,0,NOS,,,none,,,,,,
V-BELTS - 894,V BELTS - B 39,0,NOS,,,none,,,,,,
V-BELTS - 895,V BELTS - B 58,0,NOS,,,none,,,,,,
V-BELTS - 896,V BELTS - B 76,0,NOS,,,none,,,,,,
V-BELTS - 897,V BELTS - B 88,0,NOS,,,none,,,,,,
V-BELTS - 898,V BELTS -  B 118,0,NOS,,,none,,,,,,
V-BELTS - 899,V BELTS - B 46,0,NOS,,,none,,,,,,
V-BELTS - 900,V BELTS - B 114,0,NOS,,,none,,,,,,
V-BELTS - 901,V BELTS - B 120,0,NOS,,,none,,,,,,
V-BELTS - 902,V BELTS - B 122,0,NOS,,,none,,,,,,
V-BELTS - 903,V BELTS - B 62,0,NOS,,,none,,,,,,
V-BELTS - 904,V BELTS - B 64,0,NOS,,,none,,,,,,
V-BELTS - 905,V BELTS - B 102,0,NOS,,,none,,,,,,
V-BELTS - 906,V BELTS - B 105,0,NOS,,,none,,,,,,
KEY - 895,8 MM X 8 MM X 300 L,0,NOS,,,none,,,,,,
KEY - 896,10 MM X 10 MM X 300 L,0,NOS,,,none,,,,,,
KEY - 897,12 MM X 12 MM X 300 L,0,NOS,,,none,,,,,,
KEY - 898,16 MM X 16 MM X 300 L,0,NOS,,,none,,,,,,
KEY - 899,16 MM X 10 MM X 300 L,0,NOS,,,none,,,,,,
BN - 895,"BOLTS - 1/2"" X 4""",0,NOS,,,none,,,,,,
BN - 896,"BOLTS - 25MM X 6""",0,NOS,,,none,,,,,,
BN - 897,"BOLTS - 3/4 X 3""",0,NOS,,,loose,IM-000848,"BOLTS 3/4"" X 3""",Nos,same,same name (inch/foot marks differ),
BN - 898,"BOLTS - 3/4 X 4/6""",50,NOS,,195,decided,IM-003047,"BOLTS 3/4"" X 4/6""",Nos,same,checked by hand,
BN - 899,"BOLTS - 5/8 "" X 4""",100,NOS,,112.5,loose,IM-000846,"BOLTS 5/8"" X 4""",Nos,same,same name (unit spelling differs),
BN - 900,"BOLTS - 1/2"" X 3""",0,NOS,,,none,,,,,,
BN - 901,"BOLTS - 6 MM X 1""",0,NOS,,,name,IM-000833,"BOLTS 6 MM X 1""",Nos,same,same name,
BN - 902,"BOLTS - 8 MM X 1""",0,NOS,,,name,IM-000834,"BOLTS 8 MM X 1""",Nos,same,same name,
BN - 903,"BOLTS - 3/8"" X 1""",50,NOS,,120,name,IM-000835,"BOLTS 3/8"" X 1""",Nos,same,same name,
BN - 904,"BOLTS - 3/8"" X 1 1/2""",0,NOS,,,name,IM-000836,"BOLTS-3/8"" X 1 1/2""",Nos,same,same name,
BN - 905,"BOLTS - 3/8"" X 2""",0,NOS,,,name,IM-000837,"BOLTS 3/8"" X 2""",Nos,same,same name,
BN - 906,"BOLTS - 1/2"" X 1""",0,NOS,,,name,IM-000838,"BOLTS 1/2"" X 1""",Nos,same,same name,
BN - 907,"BOLTS - 1/2"" X 1 1/2""",200,NOS,5,117.5,name,IM-000839,"BOLTS 1/2"" X 1 1/2""",Nos,same,same name,
BN - 908,"BOLTS - 1/2"" X 2""",50,NOS,,120,name,IM-000840,"BOLTS 1/2"" X 2""",Nos,same,same name,
BN - 909,"BOLTS - 1/2"" X 2 1/2""",0,NOS,,,name,IM-000841,"BOLTS 1/2"" X 2 1/2""",Nos,same,same name,
BN - 910,"BOLTS - 5/8"" X 1 1/2""",85,NOS,,80,name,IM-000842,"BOLTS 5/8"" X 1 1/2""",Nos,same,same name,
BN - 911,"BOLTS - 5/8"" X 2""",197.6,NOS,5,105,name,IM-000843,"BOLTS 5/8"" X 2""",Nos,same,same name,
BN - 912,"BOLTS - 5/8"" X 2 1/2'",560.6,NOS,5,111.3,loose,IM-000844,"BOLTS 5/8"" X 2 1/2""",Nos,same,same name (inch/foot marks differ),
BN - 913,"BOLTS - 5/8"" X 5""",0,NOS,,,name,IM-000847,"BOLTS 5/8"" X 5""",Nos,same,same name,
BN - 914,"BOLTS - I TYPE - 5/8 "" X 5""",0,NOS,,,none,,,,,,
BN - 915,"BOLTS - 1"" X 5""",50,NOS,,130,name,IM-000852,"BOLTS 1"" X 5""",Nos,same,same name,
BN - 916,"BOLTS - 1 1/4"" X 8""",0,NOS,2,,name,IM-000860,"BOLTS 1 1/4"" X 8""",Nos,same,same name,
BN - 917,"BOLTS - 5/8 X 3""",173,NOS,,100.29,loose,IM-000845,"BOLTS 5/8"" X3""",Nos,same,same name (inch/foot marks differ),
BN - 918,"BOLTS - FOUNDATION - 1"" X 1250 MM",18,NOS,,278,decided,IM-000869,"FOUNDATION BOLTS 1"" X 50"" 1250 MM",Nos,same,checked by hand,
BN - 919,"BOLTS - FOUNDATION - 1"" X 1500 MM",0,NOS,,,suggest,,,,,Similar catalog names,"IM-000870 FOUNDATION BOLTS 1"" X 60"" 1500 MM | IM-000875 FOUNDATION BOLTS 1 1/4"" X 60"" 1500 MM | IM-000880 FOUNDATION BOLTS 1 1/2"" X 60"" 1500 MM | IM-000872 FOUNDATION BOLTS 1"" X 2500 MM"
BN - 920,"BOLTS - 5/8"" X 3""",0,NOS,,,loose,IM-000845,"BOLTS 5/8"" X3""",Nos,same,same name (unit spelling differs),
BN - 921,BOLT BUCKET MS 8 X 32 MM,0,NOS,,,none,,,,,,
BN - 922,BOLT BELT STEEL 10G - 10 X 65 MM,0,NOS,,,none,,,,,,
BN - 923,"BOLT - 1/4"" X 6""",0,NOS,,,none,,,,,,
BN - 924,"BOLTS - FOUNDATION - 1"" X 2000 MM",0,NOS,,,suggest,,,,,Similar catalog names,"IM-000871 FOUNDATION BOLTS 1"" X 80"" 2000 MM | IM-000876 FOUNDATION BOLTS 1 1/4"" X 80"" 2000 MM | IM-000881 FOUNDATION BOLTS 1 1/2"" X 80"" 2000 MM | IM-000872 FOUNDATION BOLTS 1"" X 2500 MM"
BN - 925,SCREW / BOLTS 16 MM,0,NOS,,,none,,,,,,
BN - 926,"BOLT ""U"" TYPE - 25 MM",0,NOS,,,suggest,,,,,Similar catalog names,"IM-000964 BOLT ANCHOR TYPE 5"" | IM-000965 BOLT ANCHOR TYPE 6"" | IM-000966 BOLT ANCHOR TYPE 8"" | IM-000967 BOLT ANCHOR TYPE 10"""
BN - 927,"BOLT ""U"" TYPE - 40 MM",0,NOS,,,suggest,,,,,Similar catalog names,"IM-000964 BOLT ANCHOR TYPE 5"" | IM-000965 BOLT ANCHOR TYPE 6"" | IM-000966 BOLT ANCHOR TYPE 8"" | IM-000967 BOLT ANCHOR TYPE 10"""
BN - 928,"BOLT ""U"" TYPE - 50 MM",0,NOS,,,suggest,,,,,Similar catalog names,"IM-000964 BOLT ANCHOR TYPE 5"" | IM-000965 BOLT ANCHOR TYPE 6"" | IM-000966 BOLT ANCHOR TYPE 8"" | IM-000967 BOLT ANCHOR TYPE 10"""
BN - 929,"BOLTS - 1 1/4"" X 5""",0,NOS,,,name,IM-000858,"BOLTS 1 1/4"" X 5""",Nos,same,same name,
BN - 930,NUTS - 6 MM,0,NOS,,,none,,,,,,
BN - 931,NUTS - 8 MM,0,NOS,,,none,,,,,,
BN - 932,"NUTS - 3/8""",0,NOS,,,none,,,,,,
BN - 933,"NUTS - 1/2""",93,NOS,,97.5,decided,IM-000886,"MS NUTS 1/2""",Nos,same,checked by hand,
BN - 934,"NUTS - 5/8""",217,NOS,,103,decided,IM-000887,"MS NUTS 5/8""",Nos,same,checked by hand,
BN - 935,"NUTS - 1""",0,NOS,,,none,,,,,,
BN - 936,"NUTS - 1 1/4""",0,NOS,,,none,,,,,,
BN - 937,"NUTS - WING TYPE - CI/MS  - 5/8""",0,NOS,,,suggest,,,,,Similar catalog names,"IM-000893 MS NUTS WING TYPE SS 5/8"" | IM-000892 MS NUTS WING TYPE CI/MS 5/8"" | IM-002925 I-BOLT WITH WING NUTS, SS, 5/8"" X 4"""
BN - 938,"NUTS - WING TYPE - SS - 5/8""",0,NOS,,,suggest,,,,,Similar catalog names,"IM-002925 I-BOLT WITH WING NUTS, SS, 5/8"" X 4"""
BN - 939,NUTS - M16,0,NOS,,,suggest,,,,,Similar catalog names,IM-000894 MS NUTS M16
BN - 940,"NUTS & BOLTS 8MM X1"" S S",0,NOS,,,suggest,,,,,Similar catalog names,"IM-002910 HIGH TENSILE BOLTS & NUTS 3/4"" X 3"" | IM-001277 FOUNDATION BOLTS & MS NUTS 5/8"" X 1 FEET | IM-002868 HIGH TENSILE BOLTS & NUTS GRADE 8.8 1"" X 5"" | IM-001262 FOUNDATION BOLTS & MS NUTS 25 MM X 1.2/1.5 L"
BN - 941,NUTS 32MM FOUNDATION BOLTS& NUTS,0,NOS,,,suggest,,,,,Similar catalog names,"IM-001262 FOUNDATION BOLTS & MS NUTS 25 MM X 1.2/1.5 L | IM-001263 FOUNDATION BOLTS & MS NUTS 32 MM X 1.2/1.5 L | IM-001264 FOUNDATION BOLTS & MS NUTS 40 MM X 1.2/1.5 L | IM-001277 FOUNDATION BOLTS & MS NUTS 5/8"" X 1 FEET"
BN-942,"BOLT-5/8"" X 8"" MAN HOLE BOLTS & NUTS",0,NOS,,,suggest,,,,,Similar catalog names,IM-001262 FOUNDATION BOLTS & MS NUTS 25 MM X 1.2/1.5 L | IM-001263 FOUNDATION BOLTS & MS NUTS 32 MM X 1.2/1.5 L | IM-001264 FOUNDATION BOLTS & MS NUTS 40 MM X 1.2/1.5 L
BN-943,"M32 X 8"" BOLTS & NUTS",0,NOS,,,suggest,,,,,Similar catalog names,"IM-002910 HIGH TENSILE BOLTS & NUTS 3/4"" X 3"" | IM-001277 FOUNDATION BOLTS & MS NUTS 5/8"" X 1 FEET | IM-002868 HIGH TENSILE BOLTS & NUTS GRADE 8.8 1"" X 5"" | IM-001262 FOUNDATION BOLTS & MS NUTS 25 MM X 1.2/1.5 L"
BN-944,"BOLTS-M32"" X 5"" MAN HOLE BOLTS & NUTS",0,NOS,,,suggest,,,,,Similar catalog names,IM-001262 FOUNDATION BOLTS & MS NUTS 25 MM X 1.2/1.5 L | IM-001263 FOUNDATION BOLTS & MS NUTS 32 MM X 1.2/1.5 L | IM-001264 FOUNDATION BOLTS & MS NUTS 40 MM X 1.2/1.5 L
BN - 950,WASHER - 6 MM,0,NOS,,,none,,,,,,
BN - 951,WASHERS - 8 MM,0,NOS,,,none,,,,,,
BN - 952,"WASHERS - 3/8""",0,NOS,,,none,,,,,,
BN - 953,"WASHERS - 1/2""",0,NOS,,,none,,,,,,
BN - 954,"WASHERS - 5/8""",50,NOS,,80,decided,IM-000959,"MS WASHERS 5/8""",Nos,same,checked by hand,
BN - 955,"WASHERS - 1""",0,NOS,,,none,,,,,,
BN - 956,"WASHERS - 1 1/4""",0,NOS,,,none,,,,,,
BN - 957,"WASHERS - 1""",0,NOS,,,none,,,,,,
BN - 970,BOLT ANCHOR TYPE 12 MM,0,NOS,,,suggest,,,,,Similar catalog names,"IM-000964 BOLT ANCHOR TYPE 5"" | IM-000965 BOLT ANCHOR TYPE 6"" | IM-000966 BOLT ANCHOR TYPE 8"" | IM-000967 BOLT ANCHOR TYPE 10"""
BN - 971,BOLT ANCHOR TYPE 16 MM,0,NOS,,,suggest,,,,,Similar catalog names,"IM-000964 BOLT ANCHOR TYPE 5"" | IM-000965 BOLT ANCHOR TYPE 6"" | IM-000966 BOLT ANCHOR TYPE 8"" | IM-000967 BOLT ANCHOR TYPE 10"""
BN - 972,SCREW 8/13,0,NOS,,,none,,,,,,
BN - 973,BOLT FOUNDATION M25 X 350 L,0,NOS,,,suggest,,,,,Similar catalog names,"IM-003035 CHIMNEY FOUNDATION BOLT, DOUBLE NUT, MS, M25 X 900 LG | IM-000863 FOUNDATION BOLTS 1"" X 14""-350 MM"
BN - 974,BOLT FOUNDATION M20X 610 L,0,NOS,,,none,,,,,,
BN - 975,BOLT FOUNDATION 5/8 X 150 LG,0,NOS,,,suggest,,,,,Similar catalog names,"IM-003035 CHIMNEY FOUNDATION BOLT, DOUBLE NUT, MS, M25 X 900 LG | IM-003033 CHIMNEY FOUNDATION BOLT, DOUBLE NUT, MS, M32 X 1500 LG"
PACK / 1000,ASBESTOS PACKING SHEET - METALIC - 3 MM,133.9,,15,346.66,name,IM-002071,ASBESTOS PACKING SHEET METALIC 3 MM,Nos,sheet has no unit,same name,
PACK / 1001,ASBESTOS PACKING SHEET - METALIC - 5 MM,0,,,,name,IM-002072,ASBESTOS PACKING SHEET METALIC 5 MM,Nos,sheet has no unit,same name,
PACK / 1002,ASBESTOS PACKING SHEET - NON-METALLIC - 3 MM,0,,,,name,IM-002073,ASBESTOS PACKING SHEET NON-METALLIC 3 MM,Nos,sheet has no unit,same name,
PACK / 1003,ASBESTOS ROPE - 3 MM,0,MTR,,,suggest,,,,,Similar catalog names,IM-002075 ASBESTOS METALLIC ROPE 3 MM | IM-002076 ASBESTOS METALLIC ROPE 6 MM | IM-002077 ASBESTOS METALLIC ROPE 8 MM | IM-002078 ASBESTOS METALLIC ROPE 10 MM
PACK / 1004,ASBESTOS ROPE - 6 MM,15,MTR,,310,decided,IM-002076,ASBESTOS METALLIC ROPE 6 MM,Nos,sheet MTR vs Item Master Nos,checked by hand,
PACK / 1005,ASBESTOS ROPE - 8 MM,20,MTR,,310,decided,IM-002077,ASBESTOS METALLIC ROPE 8 MM,Nos,sheet MTR vs Item Master Nos,checked by hand,
PACK / 1006,ASBESTOS ROPE - 10 MM,10,MTR,5,280,decided,IM-002078,ASBESTOS METALLIC ROPE 10 MM,Nos,sheet MTR vs Item Master Nos,checked by hand,
PACK / 1007,ASBESTOS ROPE - 12 MM,20,MTR,5,320,decided,IM-002079,ASBESTOS METALLIC ROPE 12 MM,Nos,sheet MTR vs Item Master Nos,checked by hand,
PACK / 1008,ASBESTOS ROPE - 16 MM,20,MTR,5,390.48,decided,IM-002080,ASBESTOS METALLIC ROPE 16 MM,Nos,sheet MTR vs Item Master Nos,checked by hand,
PACK / 1009,ASBESTOS ROPE - 20 MM,0,MTR,5,,suggest,,,,,Similar catalog names,IM-002075 ASBESTOS METALLIC ROPE 3 MM | IM-002076 ASBESTOS METALLIC ROPE 6 MM | IM-002077 ASBESTOS METALLIC ROPE 8 MM | IM-002078 ASBESTOS METALLIC ROPE 10 MM
PACK / 1010,"ASBESTOS CUT GASKET - METALIC - 15 MM - 1/2""",80,,5,6,name,IM-002082,"ASBESTOS CUT GASKET METALIC 15 MM 1/2""",Nos,sheet has no unit,same name,
PACK / 1011,"ASBESTOS CUT GASKET - METALIC - 20 MM / 3/4""",194,,20,9,name,IM-002083,"ASBESTOS CUT GASKET METALIC 20 MM / 3/4""",Nos,sheet has no unit,same name,
PACK / 1012,"ASBESTOS CUT GASKET - METALIC - 25 MM / 1""",368,,20,18.75,name,IM-002084,"ASBESTOS CUT GASKET METALIC 25 MM / 1""",Nos,sheet has no unit,same name,
PACK / 1013,"ASBESTOS GASKET - METALIC - 40 MM / 1 1/2""",172,,20,18,decided,IM-002085,"ASBESTOS CUT GASKET-METALIC 40 MM / 1 1/2""",Nos,sheet has no unit,checked by hand,
PACK / 1014,"ASBESTOS GASKET - METALIC - 50 MM / 2""",100,,20,25,decided,IM-002086,"ASBESTOS CUT GASKET-METALIC 50 MM / 2""",Nos,sheet has no unit,checked by hand,
PACK / 1015,"ASBESTOS GASKET - METALIC - 65 MM / 2 1/2""",53,,10,30,decided,IM-002087,"ASBESTOS CUT GASKET-METALIC 65 MM / 2 1/2""",Nos,sheet has no unit,checked by hand,
PACK / 1016,"ASBESTOS GASKET - METALIC - 80 MM / 3""",-1,,5,,suggest,,,,sheet has no unit,Similar catalog names,IM-002093 ASBESTOS GASKET METALIC 250 MM | IM-002094 ASBESTOS GASKET METALIC 300 MM | IM-002095 ASBESTOS CUT GASKET NON-METALIC 15 MM | IM-002096 ASBESTOS CUT GASKET NON-METALIC 20 MM
PACK / 1017,"ASBESTOS GASKET - METALIC - 100 MM / 4""",68,,5,72,decided,IM-002089,"ASBESTOS CUT GASKET-METALIC 100 MM / 4""",Nos,sheet has no unit,checked by hand,
PACK / 1018,"ASBESTOS GASKET - METALIC - 125 MM / 5""",0,,,,suggest,,,,sheet has no unit,Similar catalog names,"IM-002090 ASBESTOS CUT GASKET-METALIC 125 MM / 5"" | IM-002093 ASBESTOS GASKET METALIC 250 MM | IM-002094 ASBESTOS GASKET METALIC 300 MM | IM-002095 ASBESTOS CUT GASKET NON-METALIC 15 MM"
PACK / 1019,ASBESTOS GASKET - NON-METALIC - 15 MM,0,,,,suggest,,,,sheet has no unit,Similar catalog names,IM-002095 ASBESTOS CUT GASKET NON-METALIC 15 MM | IM-002096 ASBESTOS CUT GASKET NON-METALIC 20 MM | IM-002097 ASBESTOS CUT GASKET NON-METALIC 25 MM | IM-002098 ASBESTOS CUT GASKET NON-METALIC 40 MM
PACK / 1020,ASBESTOS GASKET - NON-METALIC - 20 MM,0,,,,suggest,,,,sheet has no unit,Similar catalog names,IM-002095 ASBESTOS CUT GASKET NON-METALIC 15 MM | IM-002096 ASBESTOS CUT GASKET NON-METALIC 20 MM | IM-002097 ASBESTOS CUT GASKET NON-METALIC 25 MM | IM-002098 ASBESTOS CUT GASKET NON-METALIC 40 MM
PACK / 1021,ASBESTOS GASKET - NON-METALIC - 25 MM,0,,,,suggest,,,,sheet has no unit,Similar catalog names,IM-002095 ASBESTOS CUT GASKET NON-METALIC 15 MM | IM-002096 ASBESTOS CUT GASKET NON-METALIC 20 MM | IM-002097 ASBESTOS CUT GASKET NON-METALIC 25 MM | IM-002098 ASBESTOS CUT GASKET NON-METALIC 40 MM
PACK / 1022,ASBESTOS GASKET - NON-METALIC - 40 MM,0,,,,suggest,,,,sheet has no unit,Similar catalog names,IM-002095 ASBESTOS CUT GASKET NON-METALIC 15 MM | IM-002096 ASBESTOS CUT GASKET NON-METALIC 20 MM | IM-002097 ASBESTOS CUT GASKET NON-METALIC 25 MM | IM-002098 ASBESTOS CUT GASKET NON-METALIC 40 MM
PACK / 1023,ASBESTOS GASKET - NON-METALIC - 50 MM,0,,,,suggest,,,,sheet has no unit,Similar catalog names,IM-002095 ASBESTOS CUT GASKET NON-METALIC 15 MM | IM-002096 ASBESTOS CUT GASKET NON-METALIC 20 MM | IM-002097 ASBESTOS CUT GASKET NON-METALIC 25 MM | IM-002098 ASBESTOS CUT GASKET NON-METALIC 40 MM
PACK / 1024,ASBESTOS GASKET - NON-METALIC - 65 MM,0,,,,suggest,,,,sheet has no unit,Similar catalog names,IM-002095 ASBESTOS CUT GASKET NON-METALIC 15 MM | IM-002096 ASBESTOS CUT GASKET NON-METALIC 20 MM | IM-002097 ASBESTOS CUT GASKET NON-METALIC 25 MM | IM-002098 ASBESTOS CUT GASKET NON-METALIC 40 MM
PACK / 1025,ASBESTOS GASKET - NON-METALIC - 80 MM,0,,,,suggest,,,,sheet has no unit,Similar catalog names,IM-002095 ASBESTOS CUT GASKET NON-METALIC 15 MM | IM-002096 ASBESTOS CUT GASKET NON-METALIC 20 MM | IM-002097 ASBESTOS CUT GASKET NON-METALIC 25 MM | IM-002098 ASBESTOS CUT GASKET NON-METALIC 40 MM
PACK / 1026,ASBESTOS GASKET - NON-METALIC - 100 MM,0,,,,suggest,,,,sheet has no unit,Similar catalog names,IM-002102 ASBESTOS CUT GASKET NON-METALIC 100 MM | IM-002095 ASBESTOS CUT GASKET NON-METALIC 15 MM | IM-002096 ASBESTOS CUT GASKET NON-METALIC 20 MM | IM-002097 ASBESTOS CUT GASKET NON-METALIC 25 MM
PACK / 1027,"ASBESTOS SLEEVE FOR WLG -  3/4""",0,,,,name,IM-002103,"ASBESTOS SLEEVE FOR WLG 3/4""",Nos,sheet has no unit,same name,
PACK / 1028,ASBESTOS GASKET - METALIC - 150 MM,0,,,,suggest,,,,sheet has no unit,Similar catalog names,"IM-002091 ASBESTOS CUT GASKET-METALIC 150 MM / 6"" | IM-002093 ASBESTOS GASKET METALIC 250 MM | IM-002094 ASBESTOS GASKET METALIC 300 MM | IM-002095 ASBESTOS CUT GASKET NON-METALIC 15 MM"
PACK / 1029,ASBESTOS GASKET - METALIC - 200 MM,20,,,165,decided,IM-002092,"ASBESTOS CUT GASKET-METALIC 200 MM / 8""",Nos,sheet has no unit,checked by hand,
PACK / 1030,ASBESTOS GASKET - METALIC - 250 MM,0,,,,name,IM-002093,ASBESTOS GASKET METALIC 250 MM,Nos,sheet has no unit,same name,
PACK / 1031,ASBESTOS GASKET - METALIC - 300 MM,0,,,,name,IM-002094,ASBESTOS GASKET METALIC 300 MM,Nos,sheet has no unit,same name,
PACK / 1032,ASBESTOS GASKET FOR REFLEX GAUGES - A9,0,,,,none,,,,sheet has no unit,,
PACK / 1033,ASBESTOS PACKAGING TAPE 40 MM X 3 MM,0,,,,suggest,,,,sheet has no unit,Similar catalog names,IM-002104 ASBESTOS METALLIC TAPE 25 MM X 3 MM | IM-002105 ASBESTOS METALLIC TAPE 40 MM X 3 MM | IM-002106 ASBESTOS METALLIC TAPE 65 MM X 3 MM | IM-002107 ASBESTOS METALLIC TAPE 50 MM X 3 MM
PACK / 1034,CR COIL PACKING,0,,,,none,,,,sheet has no unit,,
REF / 1100,FIRE BRICKS - STANDARD - IS 8,1852,NOS,,37.05,decided,IM-002343,FIRE BRICKS STANDARD IS8 230 X 115 X 75,Nos,same,checked by hand,
REF / 1101,FIRE BRICKS - STANDARD - IS 6,652,NOS,,38,decided,IM-002342,FIRE BRICKS STANDARD IS6 230 X 115 X 75,Nos,same,checked by hand,
REF / 1102,SIDE ARCH BRICKS - 230 X 115 X 75 X 50,80,NOS,,42,name,IM-002345,SIDE ARCH BRICKS 230 X 115 X 75 X 50,Nos,same,same name,
REF / 1103,SIDE ARCH BRICKS - 230 X 115 X 75 X 70,150,NOS,,38,name,IM-002348,SIDE ARCH BRICKS 230 X 115 X 75 X 70,Nos,same,same name,
REF / 1104,SIDE ARCH BRICKS - 230 X 115 X 65 X 50,170,NOS,,38.47,decided,IM-003068,SIDE ARCH BRICKS 230 X 115 X 65 X 50,Nos,same,checked by hand,
REF / 1105,END ARCH BRICKS - 75 X 70,0,NOS,,,name,IM-002349,END ARCH BRICKS 75 X 70,Nos,same,same name,
REF / 1106,END ARCH BRICKS - 75 X 65,0,NOS,,,name,IM-002350,END ARCH BRICKS 75 X 65,Nos,same,same name,
REF / 1107,END ARCH BRICKS - 75 X 60,0,NOS,,,name,IM-002351,END ARCH BRICKS 75 X 60,Nos,same,same name,
REF / 1108,END ARCH BRCISK - 75 X 50 / 55,0,NOS,,,name,IM-002352,END ARCH BRCISK 75 X 50 / 55,Nos,same,same name,
REF / 1109,FIRE CRATE CASTABLE SUPER -  25 KGS BAG,-9,KGS,,750,name,IM-002353,FIRE CRATE CASTABLE SUPER 25 KGS BAG,Kgs,same,same name,
REF / 1110,FIRE CRATE CASTABLE SUPER - OTHERS - 50 KGS,8118,KGS,,57.19,decided,IM-002356,FIRE CRATE CASTABLE SUPER 50 KGS BAG,Kgs,same,checked by hand,
REF / 1111,FIRE CRATE CASTABLE - NORMAL - 50 KGS BAG,68,KGS,,600,name,IM-002360,FIRE CRATE CASTABLE NORMAL 50 KGS BAG,Kgs,same,same name,
REF / 1112,CASTABLE - WHITE HEAT - K - 50 KGS BAG,4066,KGS,,95.27,name,IM-002364,CASTABLE WHITE HEAT K 50 KGS BAG,Kgs,same,same name,
REF / 1113,CASTABLE INSULITE - 25 KGS BAG,-6,KGS,,,name,IM-002365,CASTABLE INSULITE 25 KGS BAG,Kgs,same,same name,
REF / 1114,FIRE CLAY -25/ 50 KGS,0,KGS,,,suggest,,,,,Similar catalog names,IM-002369 FIRE CLAY-30 KGS | IM-002370 FIRE CLAY-25 KGS | IM-002371 FIRE CLAY-40 KGS | IM-002372 FIRE CLAY-50 KGS
REF / 1115,ACCOSATE 50,-40,KGS,,,none,,,,,,
REF / 1116,MILL BOARD,0,,,,name,IM-002377,MILL BOARD,,sheet has no unit,same name,
REF / 1117,CERAMIC BLANKET ( WOOL),0,NOS,,,suggest,,,,,Similar catalog names,"IM-002850 CERAMIC BLANKET 25MM, DENSITY 64"
REF / 1120,INSULATION BRICKS - 230 X 115 X 75 MM,0,,,,name,IM-002379,INSULATION BRICKS 230 X 115 X 75 MM,Nos,sheet has no unit,same name,
REF / 1121,BRICKS 115 X 115 X 115,0,,,,suggest,,,,sheet has no unit,Similar catalog names,IM-002379 INSULATION BRICKS 230 X 115 X 75 MM | IM-002345 SIDE ARCH BRICKS 230 X 115 X 75 X 50 | IM-002346 SIDE ARCH BRICKS 230 X 115 X 75 X 60 | IM-002347 SIDE ARCH BRICKS 230 X 115 X 75 X 65
CON / 2001,WELDING ELECTRODES 7018    4 MM X 400 MM,0,PKTS,,,name,IM-002726,WELDING ELECTRODES 7018 4 MM X 400 MM,Box,same,same name,
CON / 2002,WELDING ELECTRODES 7018    3.15 MM X 450 MM,40,PKTS,,931.11,name,IM-002725,WELDING ELECTRODES 7018 3.15 MM X 450 MM,Box,same,same name,
CON / 2003,WELDING ELECTRODES 7018    3.15 MM X 400 MM,0,PKTS,,2370,name,IM-002724,WELDING ELECTRODES 7018 3.15 MM X 400 MM,Box,same,same name,
CON / 2004,WELDING ELECTRODES 7018    2.5 MM X 400 MM,40,PKTS,,971.41,name,IM-002723,WELDING ELECTRODES 7018 2.5 MM X 400 MM,Box,same,same name,
CON / 2005,WELDING ELECTRODES 7018    4 MM X 450 MM,100,PKTS,,1049.08,name,IM-002727,WELDING ELECTRODES 7018 4 MM X 450 MM,Box,same,same name,
CON / 2010,WELDING ELECTRODES 6013    4 MM X 450 MM,32,PKTS,,1858.55,name,IM-002733,WELDING ELECTRODES 6013 4 MM X 450 MM,Box,same,same name,
CON / 2011,WELDING ELECTRODES 6013    4 MM X 400 MM,0,PKTS,,,name,IM-002732,WELDING ELECTRODES 6013 4 MM X 400 MM,Box,same,same name,
CON / 2012,WELDING ELECTRODES 6013   3.15 MM X 350 MM,40,PKTS,,1328.31,decided,IM-003069,WELDING ELECTRODES 6013 3.15 MM X 350 MM,Box,same,checked by hand,
CON / 2013,WELDING ELECTRODES 6013    3.15 MM X 400 /450MM,-4,PKTS,,,suggest,,,,,Similar catalog names,IM-002732 WELDING ELECTRODES 6013 4 MM X 400 MM | IM-002729 WELDING ELECTRODES 6013 2.5 MM X 400 MM | IM-002730 WELDING ELECTRODES 6013 3.15 MM X 400 MM | IM-002738 WELDING ELECTRODES ORDINARY 6013 4 MM X 400 MM
CON / 2014,WELDING ELECTRODES 6013    2.5 MM X 400 MM,68,PKTS,,,name,IM-002729,WELDING ELECTRODES 6013 2.5 MM X 400 MM,Box,same,same name,
CON / 2015,WELDING ELECTRODES 6013    2. 5 MM X 350 MM,-7,PKTS,,,loose,IM-002728,WELDING ELECTRODES 6013 2.5 MM X 350 MM,Box,same,same name (unit spelling differs),
CON / 2015,WELDING ELECTRODES 6013    2. 5 MM X 350 MM,-7,PKTS,,,loose,IM-002728,WELDING ELECTRODES 6013 2.5 MM X 350 MM,Box,"duplicate sheet row, count once",same name (unit spelling differs),
CON / 2016,WELDING ELECTRODES 6013 - ORDINERY - 4 MM X 400 MM,0,PKTS,,,suggest,,,,,Similar catalog names,IM-002732 WELDING ELECTRODES 6013 4 MM X 400 MM | IM-002729 WELDING ELECTRODES 6013 2.5 MM X 400 MM | IM-002730 WELDING ELECTRODES 6013 3.15 MM X 400 MM | IM-002738 WELDING ELECTRODES ORDINARY 6013 4 MM X 400 MM
CON / 2017,WELDING ELECTRODES 6013 - ORDINERY - 3.15 MM X 450 MM,0,PKTS,,,suggest,,,,,Similar catalog names,IM-002733 WELDING ELECTRODES 6013 4 MM X 450 MM | IM-002731 WELDING ELECTRODES 6013 3.15 MM X 450 MM | IM-002739 WELDING ELECTRODES ORDINARY 6013 4 MM X 450 MM | IM-002737 WELDING ELECTRODES ORDINARY 6013 3.15 MM X 450 MM
CON / 2018,WELDING ELECTRODES 6013 - ORDINERY - 3.15 MM X 400 MM,0,PKTS,,,suggest,,,,,Similar catalog names,IM-002732 WELDING ELECTRODES 6013 4 MM X 400 MM | IM-002729 WELDING ELECTRODES 6013 2.5 MM X 400 MM | IM-002730 WELDING ELECTRODES 6013 3.15 MM X 400 MM | IM-002738 WELDING ELECTRODES ORDINARY 6013 4 MM X 400 MM
CON / 2019,WELDING ELECTRODES 6013 - ORDINERY - 2.5 MM X 350 MM,0,PKTS,,,suggest,,,,,Similar catalog names,IM-002728 WELDING ELECTRODES 6013 2.5 MM X 350 MM | IM-003069 WELDING ELECTRODES 6013 3.15 MM X 350 MM | IM-002734 WELDING ELECTRODES ORDINARY 6013 2.5 MM X 350 MM | IM-002732 WELDING ELECTRODES 6013 4 MM X 400 MM
CON / 2020,WELDING ELECTRODES - SS -  2.5 MM,0,PKTS,,,name,IM-002740,WELDING ELECTRODES SS 2.5 MM,Box,same,same name,
CON / 2021,WELDING ELECTRODES - SS - 3.15 MM,0,PKTS,,,name,IM-002741,WELDING ELECTRODES SS 3.15 MM,Box,same,same name,
CON / 2022,WELDING ELECTRODES - CI -  2.5 MM,0,PKTS,,,name,IM-002742,WELDING ELECTRODES CI 2.5 MM,Box,same,same name,
CON / 2023,WELDING ELECTRODES - SS - 3.15 MM,0,PKTS,,,name,IM-002741,WELDING ELECTRODES SS 3.15 MM,Box,same,same name,
CON / 2024,SAW WIRE 3.15 ( EM12K ) - 1 Sproll = 25 Kgs,625,KGS,,120.63,decided,IM-002748,SAW WIRE-E70S2 3.15 MM 1 Sproll = 25 Kgs,Kgs,same,checked by hand,
CON / 2025,SAW FLUX 1 Bag = 25 Kgs/30KG,549,KGS,,112.91,name,IM-002749,SAW FLUX 1 Bag = 25 Kgs/30KG,Kgs,same,same name,
CON / 2026,MIG WIRE 1.2 MM ( 15 kGS ),555,KGS,,135.77,name,IM-002759,MIG WIRE 1.2 MM (15 kGS),Box,sheet KGS vs Item Master Box,same name,
CON / 2027,FILLER WIRES  S308 1.6MM,-14,KGS,,,none,,,,,,
CON / 2028,MS FILLER WIRE 2.5MM 70S,90,KGS,,230.48,decided,IM-003048,MS FILLER WIRE 2.5 MM 70S,Kgs,same,checked by hand,
CON / 2029,MS FILLER TIG WIRE 2.5MM ER80S B2,-2,KGS,,,suggest,,,,,Similar catalog names,IM-003048 MS FILLER WIRE 2.5 MM 70S
CON / 2029-A,TIG ELECTRODES 2.4 X 150 MM,0,KGS,,,none,,,,,,
CON / 2030,"GRINDING WHEEL -7""",75,NOS,,78.2,decided,IM-001156,"GRINDING WHEELS 7""",Nos,same,checked by hand,
CON / 2030-A,"GRINDING WHEEL -5""",104,NOS,,,decided,IM-001155,"GRINDING WHEELS 5""",Nos,same,checked by hand,
CON / 2031,"CUTTOFF WHEEL-14""",44,NOS,,135.71,loose,IM-001160,"CUTTOFF WHEEL 14 """,Nos,same,same name (unit spelling differs),
CON / 2032,"CUTTOFF WHEEL - 4 """,102,NOS,,27.14,name,IM-001157,"CUTTOFF WHEEL 4 """,Nos,same,same name,
CON / 2033,"CUTTOFF WHEEL - 5 """,-1,NOS,,,name,IM-001158,"CUTTOFF WHEEL 5 """,Nos,same,same name,
CON / 2034,"CUTTOFF WHEEL - 7 """,63,NOS,,71,name,IM-001159,"CUTTOFF WHEEL 7 """,Nos,same,same name,
CON / 2035,"GRINDING WHEEL -4""",81,NOS,,43.31,name,IM-001154,"GRINDING WHEEL-4""",Nos,same,same name,
CON / 2036,CUTTING NOZZLE  - B 1/16,-14,NOS,,,suggest,,,,,Similar catalog names,IM-000337 CUTTING NOZZLE ANM B 1/16 | IM-000338 CUTTING NOZZLE ANM B 1/32 | IM-000339 CUTTING NOZZLE ANM B 3/64 | IM-000340 CUTTING NOZZLE PNM 1/16 (MIXED GAS)
CON / 2037,CUTTING NOZZLE B - 1/32,-1,NOS,,,suggest,,,,,Similar catalog names,IM-000337 CUTTING NOZZLE ANM B 1/16 | IM-000338 CUTTING NOZZLE ANM B 1/32 | IM-000339 CUTTING NOZZLE ANM B 3/64 | IM-000340 CUTTING NOZZLE PNM 1/16 (MIXED GAS)
CON / 2038,CUTTING NOZZLE  B - 3/64,-1,NOS,,,suggest,,,,,Similar catalog names,IM-000337 CUTTING NOZZLE ANM B 1/16 | IM-000338 CUTTING NOZZLE ANM B 1/32 | IM-000339 CUTTING NOZZLE ANM B 3/64 | IM-000340 CUTTING NOZZLE PNM 1/16 (MIXED GAS)
CON / 2039,"GRINDING WHEEL STONE 1"" - SMOOTH",0,NOS,,,suggest,,,,,Similar catalog names,"IM-001166 GRINDING WHEEL STONE 8"" SMOOTH | IM-001167 GRINDING WHEEL STONE 8"" ROUGH | IM-001154 GRINDING WHEEL-4"""
CON / 2040,GRINDING WHEEL STONE -  ROUGH,0,NOS,,,suggest,,,,,Similar catalog names,"IM-001167 GRINDING WHEEL STONE 8"" ROUGH | IM-001166 GRINDING WHEEL STONE 8"" SMOOTH | IM-001154 GRINDING WHEEL-4"""
CON / 2041,"BUFFING WHEEL - 4"" - 2608601669",146,NOS,,37.94,decided,IM-003070,"BUFFING WHEEL 4"" 2608601669",Nos,same,checked by hand,
CON / 2041-A,"BUFFING WHEEL - 5"" - 2608601670",50,NOS,,,decided,IM-003071,"BUFFING WHEEL 5"" 2608601670",Nos,same,checked by hand,
CON / 2042,WOOD HANDELS,-202,NOS,,0,none,,,,,,
CON / 2050,CARBON BRUSHES AG4 BOSCH,0,NOS,,,name,IM-002627,CARBON BRUSHES AG4 BOSCH,Nos,same,same name,
CON / 2051,CARBON BRUSHES AG7  BOSCH,0,NOS,,,name,IM-002629,CARBON BRUSHES AG7 BOSCH,Nos,same,same name,
CON / 2052,"CARBON BRUSHES 14""",0,NOS,,,suggest,,,,,Similar catalog names,"IM-002627 CARBON BRUSHES AG4 BOSCH | IM-002628 CARBON BRUSHES AG5 BOSCH | IM-002629 CARBON BRUSHES AG7 BOSCH | IM-002630 CARBON BRUSHES 14"" CUTTING MACHINE"
CON / 2053,OXYGEN GAS - 17 KGS,110.7,NOS,,59.26,decided,IM-001074,OXYGEN CYLINDER 17 KGS,Nos,same,checked by hand,
CON / 2054,LPG GAS  - 19 KG,3,NOS,,2949,name,IM-001077,LPG GAS 19 KG,Nos,same,same name,
CON / 2055,LPG GAS  - 15 KG,0,NOS,,,name,IM-001076,LPG GAS 15 KG,Nos,same,same name,
CON / 2056,CO-2 GAS CYLINDER,1,NOS,,,name,IM-001078,CO-2 GAS CYLINDER,Nos,same,same name,
CON / 2057,GAS CUTTER,-1,NOS,,,none,,,,,,
CON / 2058,LPG REGULATORS,-3,NOS,,600,name,IM-002659,LPG REGULATORS,Nos,same,same name,
CON / 2059,(CO-2) REGULATORS,1,NOS,,2000,decided,IM-003049,CO-2 REGULATORS,Nos,same,checked by hand,
CON / 2060,HOSE PIPE  - LPG - RED,50,MTRS,,42,name,IM-002662,HOSE PIPE LPG RED,Nos,sheet MTRS vs Item Master Nos,same name,
CON / 2061,HOSE PIPE -OXYGEN (O2) - BLUE,50,MTRS,,42,decided,IM-002663,HOSE PIPE O2 BLUE,Nos,sheet MTRS vs Item Master Nos,checked by hand,
CON / 2062,O-2 REGULATOR,0,NOS,,,none,,,,,,
CON / 2063,HAND GLOVES - WELDING,21,PAIR,,211.82,name,IM-002665,HAND GLOVES WELDING,Nos,sheet PAIR vs Item Master Nos,same name,
CON / 2064,HAND GLOVES - ORDINARY,368,PAIR,,13.75,name,IM-002666,HAND GLOVES ORDINARY,Nos,sheet PAIR vs Item Master Nos,same name,
CON / 2065,WIRE BRUSHES,36,NOS,,25.45,name,IM-002668,WIRE BRUSHES,Nos,same,same name,
CON / 2066,HELMATE RINGS,0,NOS,,,suggest,,,,,Similar catalog names,IM-002670 WELDING HELMATE RINGS
CON / 2067,WHITE WELDING GLASS,112,NOS,,5,name,IM-002671,WHITE WELDING GLASS,Nos,same,same name,
CON / 2068,BLACK WELDING GLASS,73,NOS,,20,name,IM-002672,BLACK WELDING GLASS,Nos,same,same name,
CON / 2069,WELDING HOLDERS,30,NOS,,247.5,name,IM-002673,WELDING HOLDERS,Nos,same,same name,
CON / 2070,WELDING CABLES - COPPER / ALUMINIUM,50,MTRS,,340,decided,IM-002674,WELDING CABLES COPPER,Nos,sheet MTRS vs Item Master Nos,checked by hand,
CON / 2071,LUGS - COPPER - WELDING MACHINES,0,NOS,,,name,IM-002675,LUGS COPPER WELDING MACHINES,Nos,same,same name,
CON / 2072,LUGS - ALUMINIUM - EARTHING,20,NOS,,150,name,IM-002676,LUGS ALUMINIUM EARTHING,Nos,same,same name,
CON / 2073,ARGON REGULATOR,0,NOS,,,none,,,,,,
CON / 2074,ENGINE OIL,0,LTRS,,,name,IM-002678,ENGINE OIL,Ltr,same,same name,
CON / 2075,CUTTING OIL,0,LTRS,,,name,IM-002679,CUTTING OIL,Ltr,same,same name,
CON / 2076,GREASE,0,KGS,,,name,IM-002681,GREASE,bar,sheet KGS vs Item Master bar,same name,
CON / 2077,HYDRAULIC OIL GR-68,0,LTRS,,,name,IM-002682,HYDRAULIC OIL GR-68,Ltr,same,same name,
CON / 2078,EARTHING CABLE,0,MTRS,,,name,IM-002683,EARTHING CABLE,,sheet MTRS vs Item Master null,same name,
CON / 2079,EARTHING HOLDERS,0,NOS,,,name,IM-002684,EARTHING HOLDERS,Nos,same,same name,
CON / 2080,TEFLON TAPES,-20,NOS,,20,name,IM-002685,TEFLON TAPES,Nos,same,same name,
CON / 2081,INSULATION TAPES,-12,NOS,,,name,IM-002686,INSULATION TAPES,Nos,same,same name,
CON / 2082,NOZZEL GEL,4,NOS,,160,decided,IM-000354,MIG COOLING GEL / PASTE,Nos,same,checked by hand,
CON / 2083,HAND GLOVES - RUBBER,0,PAIR,,,name,IM-002667,HAND GLOVES RUBBER,Nos,sheet PAIR vs Item Master Nos,same name,
CON / 2084,LPG GAS - 19 KGS,0,NOS,,,loose,IM-001077,LPG GAS 19 KG,Nos,same,same name (unit spelling differs),
CON / 2085,GAS RENTAL CHARGES,0,,,,name,IM-002688,GAS RENTAL CHARGES,Nos,sheet has no unit,same name,
CON / 2086,WELDING GOGGLES,109,PAIRS,,37.64,name,IM-002689,WELDING GOGGLES,Nos,sheet PAIRS vs Item Master Nos,same name,
CON / 2087,ARGON GAS,23.3,NOS,,119.35,decided,IM-003050,ARGON GAS,Nos,same,checked by hand,
CON / 2088,MIG CERAMIC NOZZLES 36 KD,-29,NOS,,145,suggest,,,,,Similar catalog names,IM-000351 MIG NOZZLES 1.2 | IM-000352 MIG CERAMIC CAP 1.2
CON / 2089,MIG LINER 36 KD,14,NOS,,70,decided,IM-003051,MIG LINER 36 KD,Nos,same,checked by hand,
CON / 2090,WELDING HELMATE,0,NOS,,900,suggest,,,,,Similar catalog names,IM-002670 WELDING HELMATE RINGS
CON / 2091,WELDING SELEEVE,0,NOS,,,none,,,,,,
CON / 2092,PNEUMATIC HOSE PIPE 10 / 20 MM,0,MTRS,,,suggest,,,,,Similar catalog names,"IM-001266 HOSE PIPE HYDRAULIC 1"" X 1 // 1.5 L | IM-001265 HOSE PIPE HYDRAULIC 1/2"" X 1 // 1.5 L"
CON / 2093,"SS ADAPTOR 1/4"" SECTOR",0,NOS,,,none,,,,,,
CON / 2094,SULPHARIC ACID,0,NOS,,,none,,,,,,
CON / 2095,SULFAMIC ACID,0,,,,none,,,,sheet has no unit,,
CON/2096,"BUFFING WHEEL-5""",0,NOS,,,suggest,,,,,Similar catalog names,"IM-003070 BUFFING WHEEL 4"" 2608601669 | IM-003071 BUFFING WHEEL 5"" 2608601670 | IM-001162 BUFFING WHEEL 5"" EMRI PAPER E20 | IM-001163 BUFFING WHEEL 4"" EMRI PAPER E21"
CON / 2200,"PAINT BRUSH 6""",0,NOS,,,name,IM-002111,"PAINT BRUSH 6""",Nos,same,same name,
CON / 2201,"PAINT BRUSH 4""",0,NOS,,,name,IM-002112,"PAINT BRUSH 4""",Nos,same,same name,
CON / 2202,"PAINT BRUSH 2""",0,NOS,,,name,IM-002113,"PAINT BRUSH 2""",Nos,same,same name,
CON / 2203,"PAINT BRUSH 1""",0,NOS,,,name,IM-002114,"PAINT BRUSH 1""",Nos,same,same name,
CON / 2204,PAINT BRUSH 0.5 MM,0,NOS,,,name,IM-002115,PAINT BRUSH 0.5 MM,Nos,same,same name,
CON / 2205,TERPANTILE OIL,55,LITRES,,118.18,name,IM-002116,TERPANTILE OIL,Ltr,same,same name,
CON / 2206,THINNER - ORDINERY,0,LITRES,,,name,IM-002117,THINNER ORDINERY,Ltr,same,same name,
CON / 2207,THINNER - NC,230,LITRES,,73.71,decided,IM-003052,THINNER NC,Ltr,same,checked by hand,
CON / 2208,THINNER - PU,20,LITRES,,168,decided,IM-003053,THINNER PU,Ltr,same,checked by hand,
CON / 2209,THINNER - PLAZMA,0,LITRES,,,name,IM-002120,THINNER PLAZMA,Ltr,same,same name,
CON / 2210,PAINT - A AD GRAY,0,LITRES,,,none,,,,,,
CON / 2211,PAINT - ENAMAL RED,0,LITRES,,,name,IM-002122,PAINT ENAMAL RED,Ltr,same,same name,
CON / 2212,PAINT - ENAMAL GREEN // PISTA GREEN,16,LITRES,,278,name,IM-002123,PAINT ENAMAL GREEN // PISTA GREEN,Ltr,same,same name,
CON / 2213,PAINT - ENAMAL BLUE,-4,LITRES,,,name,IM-002124,PAINT ENAMAL BLUE,Ltr,same,same name,
CON / 2214,PAINT - ENAMAL YELLOW,16,LITRES,,262.25,name,IM-002125,PAINT ENAMAL YELLOW,Ltr,same,same name,
CON / 2215,PAINT - ENAMAL - BLACK,60,LITRES,,243.6,name,IM-002126,PAINT ENAMAL BLACK,Ltr,same,same name,
CON / 2216,PAINT - ENAMAL - SMOKE GREY,20,LITRES,,223.2,name,IM-002127,PAINT ENAMAL SMOKE GREY,Ltr,same,same name,
CON / 2217,PAINT - PU - DARK BLUE,40,LITRES,,375,name,IM-002128,PAINT PU DARK BLUE,Ltr,same,same name,
CON / 2218,PAINT - RICH PRIMER YELLOW,0,LITRES,,,suggest,,,,,Similar catalog names,IM-002125 PAINT ENAMAL YELLOW
CON / 2219,PAINT - PU - FEROZE / INDIGO BLUE,64,LITRES,,418.89,name,IM-002130,PAINT PU FEROZE / INDIGO BLUE,Ltr,same,same name,
CON / 2220,PAINT - PU - BLACK,0,LITRES,,,name,IM-002131,PAINT PU BLACK,Ltr,same,same name,
CON / 2221,PAINT - ORANGE,3,LITRES,,262.25,name,IM-002132,PAINT ORANGE,Ltr,same,same name,
CON / 2222,PAINT - SILVER ( ALUMINIUM) -HR,108,LITRES,,290,decided,IM-002133,PAINT SILVER HR (ALUMINIUM),Ltr,same,checked by hand,
CON / 2223,PAINT -  BLACK - HR  ONLY,0,LITRES,,145,name,IM-002134,PAINT BLACK HR ONLY,Ltr,same,same name,
CON / 2224,PRIMER - REDOXIDE,100,LITRES,,172.33,name,IM-002135,PRIMER REDOXIDE,Ltr,same,same name,
CON / 2225,PRIMER - ZINC CHROMATE - GREY,40,LITRES,,220,name,IM-002136,PRIMER ZINC CHROMATE GREY,Ltr,same,same name,
CON / 2226,EMERY PAPER,-1,NOS,,,name,IM-002137,EMERY PAPER,Nos,same,same name,
CON / 2227,JANTHA PASTE,-9,KG,,,name,IM-002138,JANTHA PASTE,Kgs,same,same name,
CON / 2228,LAPPAM,0,KG,,,name,IM-002139,LAPPAM,Nos,sheet KG vs Item Master Nos,same name,
CON / 2229,PLASTIC STRETCH FILM,93.59,kgs,,228.4,name,IM-002140,PLASTIC STRETCH FILM,Roll,sheet kgs vs Item Master Roll,same name,
CON / 2230,PLASTIC BOBBLE SHEET,0,ROLL,,,name,IM-002141,PLASTIC BOBBLE SHEET,Roll,same,same name,
CON / 2231,COTTON WASTE,0,KG,,,name,IM-002142,COTTON WASTE,Kgs,same,same name,
CON / 2232,SPANJ / U FOAM,0,,,,name,IM-002143,SPANJ / U FOAM,Roll,sheet has no unit,same name,
CON / 2233,ROLL PAPER,0,,,,name,IM-002144,ROLL PAPER,Nos,sheet has no unit,same name,
CON / 2234,CELLO TAPE BROWN / WHITE,48,NOS,,55,name,IM-002145,CELLO TAPE BROWN / WHITE,Nos,same,same name,
CON / 2235,SELF ADHESSIVE TAPES,0,,,,name,IM-002146,SELF ADHESSIVE TAPES,Nos,sheet has no unit,same name,
CON / 2236,PAINT - BROWN,4,,,239.25,decided,IM-003054,PAINT BROWN,Ltr,sheet has no unit,checked by hand,
CON / 2250,CLEANER - 420 ML,5,,,112,name,IM-002108,CLEANER 420 ML,Nos,sheet has no unit,same name,
CON / 2251,DEVELOPER - 420 ML,5,,,112,name,IM-002109,DEVELOPER 420 ML,Nos,sheet has no unit,same name,
CON / 2252,PENETRANT - 420 ML,5,,,112,decided,IM-002110,PENETRANTS,Nos,sheet has no unit,checked by hand,
GV / 3000,"GLOBE VALVE, CI, ANGLE TYPE , IBR - 15 NB",0,,,,name,IM-001764,"GLOBE VALVE, CI, ANGLE TYPE, IBR 15 NB",Nos,sheet has no unit,same name,
GV / 3001,"GLOBE VALVE, CI, ANGLE TYPE , IBR  - 20 NB",0,,,,name,IM-001765,"GLOBE VALVE, CI, ANGLE TYPE, IBR 20 NB",Nos,sheet has no unit,same name,
GV / 3002,"GLOBE VALVE, CI, ANGLE TYPE , IBR - 25 NB",0,,,,name,IM-001766,"GLOBE VALVE, CI, ANGLE TYPE, IBR 25 NB",Nos,sheet has no unit,same name,
GV / 3003,"GLOBE VALVE, CI, ANGLE TYPE , IBR  - 40 NB",0,,,,name,IM-001767,"GLOBE VALVE, CI, ANGLE TYPE, IBR 40 NB",Nos,sheet has no unit,same name,
GV / 3004,"GLOBE VALVE, CI, ANGLE TYPE , IBR - 50 NB",0,,,,name,IM-001768,"GLOBE VALVE, CI, ANGLE TYPE, IBR 50 NB",Nos,sheet has no unit,same name,
GV / 3005,"GLOBE VALVE, CI, ANGLE TYPE , IBR  - 65 NB",0,,,,name,IM-001769,"GLOBE VALVE, CI, ANGLE TYPE, IBR 65 NB",Nos,sheet has no unit,same name,
GV / 3006,"GLOBE VALVE, CI, ANGLE TYPE , IBR  - 80 NB",0,,,,name,IM-001770,"GLOBE VALVE, CI, ANGLE TYPE, IBR 80 NB",Nos,sheet has no unit,same name,
GV / 3007,"GLOBE VALVE, CI, ANGLE TYPE , IBR - 100 NB",0,,,,name,IM-001771,"GLOBE VALVE, CI, ANGLE TYPE, IBR 100 NB",Nos,sheet has no unit,same name,
GV / 3010,"GLOBE VALVE, CI, F/E , IBR - 15 NB",0,,,,suggest,,,,sheet has no unit,Similar catalog names,"IM-003055 GLOBE VALVE, CI, S/W, IBR 15 NB"
GV / 3011,"GLOBE VALVE, CI, F/E , IBR - 20 NB",0,,,,suggest,,,,sheet has no unit,Similar catalog names,"IM-003055 GLOBE VALVE, CI, S/W, IBR 15 NB"
GV / 3012,"GLOBE VALVE, CI, F/E , IBR - 25 NB",0,,,,suggest,,,,sheet has no unit,Similar catalog names,"IM-003055 GLOBE VALVE, CI, S/W, IBR 15 NB"
GV / 3013,"GLOBE VALVE, CI, F/E , IBR -  40 NB",7,,,3316.29,decided,IM-001775,"GLOBE VALVE, CI, F/E, IBR 40 NB T/H",Nos,sheet has no unit,checked by hand,
GV / 3014,"GLOBE VALVE, CI, F/E , IBR -  50 NB",0,,,,suggest,,,,sheet has no unit,Similar catalog names,"IM-003055 GLOBE VALVE, CI, S/W, IBR 15 NB"
GV / 3015,"GLOBE VALVE, CI, F/E , IBR -  65 NB",0,,,,suggest,,,,sheet has no unit,Similar catalog names,"IM-003055 GLOBE VALVE, CI, S/W, IBR 15 NB"
GV / 3016,"GLOBE VALVE, CI, F/E , IBR -  80 NB",0,,,,suggest,,,,sheet has no unit,Similar catalog names,"IM-003055 GLOBE VALVE, CI, S/W, IBR 15 NB"
GV / 3017,"GLOBE VALVE, CI, F/E , IBR -  100 NB",0,,,,suggest,,,,sheet has no unit,Similar catalog names,"IM-001779 GLOBE VALVE, CI, F/E, IBR 100 NB T/H | IM-001804 GLOBE VALVE, SGI, F/E, IBR 100 NB T/H"
GV / 3018,"GLOBE VALVE, CI, F/E , IBR -  125 NB",0,,,,suggest,,,,sheet has no unit,Similar catalog names,"IM-001780 GLOBE VALVE, CI, F/E, IBR 125 NB T/H | IM-001805 GLOBE VALVE, SGI, F/E, IBR 125 NB T/H"
GV / 3019,"GLOBE VALVE, CI, F/E , IBR -  150 NB",0,,,25200,suggest,,,,sheet has no unit,Similar catalog names,"IM-001781 GLOBE VALVE, CI, F/E, IBR 150 NB T/H | IM-001806 GLOBE VALVE, SGI, F/E, IBR 150 NB T/H"
GV / 3020,"GLOBE VALVE, CI, F/E , IBR -  200 NB",0,,,,suggest,,,,sheet has no unit,Similar catalog names,"IM-001782 GLOBE VALVE, CI, F/E, IBR 200 NB T/H | IM-001807 GLOBE VALVE, SGI, F/E, IBR 200 NB T/H"
GV / 3021,"GLOBE VALVE, CI, F/E , IBR -  250 NB",0,,,,suggest,,,,sheet has no unit,Similar catalog names,"IM-001783 GLOBE VALVE, CI, F/E, IBR 250 NB T/H | IM-001808 GLOBE VALVE, SGI, F/E, IBR 250 NB T/H | IM-001834 GLOBE VALVE, CAST STEEL, CL300F/E, IBR 250 NB"
GV / 3022,"GLOBE VALVE, CI S/W , IBR -  15 NB",23,,,1330,decided,IM-003055,"GLOBE VALVE, CI, S/W, IBR 15 NB",Nos,sheet has no unit,checked by hand,
GV / 3030,"GLOBE VALVE, CAST STEEL, F/E , IBR - 15 NB - T/H ; ND-40",0,,,,name,IM-001784,"GLOBE VALVE, CAST STEEL, F/E, IBR 15 NB T/H ; ND-40",Nos,sheet has no unit,same name,
GV / 3031,"GLOBE VALVE, CAST STEEL, F/E , IBR  - 20  NB-T/H ; ND-40",0,,,,name,IM-001785,"GLOBE VALVE, CAST STEEL, F/E, IBR 20 NB-T/H ; ND-40",Nos,sheet has no unit,same name,
GV / 3032,"GLOBE VALVE, CAST STEEL, F/E , IBR - 25  NB-T/H ; ND-40",24,,,5312.36,name,IM-001786,"GLOBE VALVE, CAST STEEL, F/E, IBR 25 NB-T/H ; ND-40",Nos,sheet has no unit,same name,
GV / 3033,"GLOBE VALVE, CAST STEEL, F/E , IBR - 40  NB-T/H ; ND-40",9,,,6343,name,IM-001787,"GLOBE VALVE, CAST STEEL, F/E, IBR 40 NB-T/H ; ND-40",Nos,sheet has no unit,same name,
GV / 3034,"GLOBE VALVE, CAST STEEL, F/E , IBR - 50  NB-T/H ; ND-40",3,,,14794,name,IM-001788,"GLOBE VALVE, CAST STEEL, F/E, IBR 50 NB-T/H ; ND-40",Nos,sheet has no unit,same name,
GV / 3035,"GLOBE VALVE, CAST STEEL, F/E , IBR - 65  NB-T/H ; ND-40",1,,,15948,name,IM-001789,"GLOBE VALVE, CAST STEEL, F/E, IBR 65 NB-T/H ; ND-40",Nos,sheet has no unit,same name,
GV / 3036,"GLOBE VALVE, CAST STEEL, F/E , IBR - 80  NB-T/H ; ND-40",3,,,14247.5,name,IM-001790,"GLOBE VALVE, CAST STEEL, F/E, IBR 80 NB-T/H ; ND-40",Nos,sheet has no unit,same name,
GV / 3037,"GLOBE VALVE, CAST STEEL, F/E , IBR - 100  NB-T/H ; ND-40",3,,,20927,name,IM-001791,"GLOBE VALVE, CAST STEEL, F/E, IBR 100 NB-T/H ; ND-40",Nos,sheet has no unit,same name,
GV / 3038,"GLOBE VALVE, CAST STEEL, F/E , IBR - 125  NB-T/H ; ND-40",0,,,,name,IM-001792,"GLOBE VALVE, CAST STEEL, F/E, IBR 125 NB-T/H ; ND-40",Nos,sheet has no unit,same name,
GV / 3039,"GLOBE VALVE, CAST STEEL, F/E , IBR - 150  NB-T/H ; ND-40",0,,,,name,IM-001793,"GLOBE VALVE, CAST STEEL, F/E, IBR 150 NB-T/H ; ND-40",Nos,sheet has no unit,same name,
GV / 3040,"GLOBE VALVE, CAST STEEL, F/E , IBR - 200  NB-T/H ; ND-40",0,,,,name,IM-001794,"GLOBE VALVE, CAST STEEL, F/E, IBR 200 NB-T/H ; ND-40",Nos,sheet has no unit,same name,
GV / 3040,"GLOBE VALVE, CAST STEEL, F/E , IBR - 200  NB-T/H ; ND-40",0,,,,name,IM-001794,"GLOBE VALVE, CAST STEEL, F/E, IBR 200 NB-T/H ; ND-40",Nos,"duplicate sheet row, count once",same name,
GV / 3040,"GLOBE VALVE, CAST STEEL, F/E , IBR - 200  NB-T/H ; ND-40",0,,,,name,IM-001794,"GLOBE VALVE, CAST STEEL, F/E, IBR 200 NB-T/H ; ND-40",Nos,"duplicate sheet row, count once",same name,
GV / 3041,,0,,,,none,,,,sheet has no unit,,
GV / 3045,"GLOBE VALVE, SGI, F/E , IBR - 15 NB",0,,,,suggest,,,,sheet has no unit,Similar catalog names,"IM-001798 GLOBE VALVE, SGI, F/E, IBR 20 NB T/H | IM-001799 GLOBE VALVE, SGI, F/E, IBR 25 NB T/H | IM-001800 GLOBE VALVE, SGI, F/E, IBR 40 NB T/H | IM-001801 GLOBE VALVE, SGI, F/E, IBR 50 NB T/H"
GV / 3046,"GLOBE VALVE, SGI, F/E , IBR  - 20 NB",0,,,,suggest,,,,sheet has no unit,Similar catalog names,"IM-001798 GLOBE VALVE, SGI, F/E, IBR 20 NB T/H | IM-001799 GLOBE VALVE, SGI, F/E, IBR 25 NB T/H | IM-001800 GLOBE VALVE, SGI, F/E, IBR 40 NB T/H | IM-001801 GLOBE VALVE, SGI, F/E, IBR 50 NB T/H"
GV / 3047,"GLOBE VALVE, SGI, F/E , IBR - 25 NB",176,,,2177.43,decided,IM-001799,"GLOBE VALVE, SGI, F/E, IBR 25 NB T/H",Nos,sheet has no unit,checked by hand,
GV / 3048,"GLOBE VALVE, SGI, F/E , IBR - 40 NB",43,,,3532.93,decided,IM-001800,"GLOBE VALVE, SGI, F/E, IBR 40 NB T/H",Nos,sheet has no unit,checked by hand,
GV / 3049,"GLOBE VALVE, SGI, F/E , IBR - 50 NB",7,,,4150,decided,IM-001801,"GLOBE VALVE, SGI, F/E, IBR 50 NB T/H",Nos,sheet has no unit,checked by hand,
GV / 3050,"GLOBE VALVE, SGI, F/E , IBR - 65 NB",21,,,6321,decided,IM-001802,"GLOBE VALVE, SGI, F/E, IBR 65 NB T/H",Nos,sheet has no unit,checked by hand,
GV / 3051,"GLOBE VALVE, SGI, F/E , IBR - 80 NB",15,,,7977.92,decided,IM-001803,"GLOBE VALVE, SGI, F/E, IBR 80 NB T/H",Nos,sheet has no unit,checked by hand,
GV / 3052,"GLOBE VALVE, SGI, F/E , IBR - 100 NB",5,,,10750,decided,IM-001804,"GLOBE VALVE, SGI, F/E, IBR 100 NB T/H",Nos,sheet has no unit,checked by hand,
GV / 3053,"GLOBE VALVE, SGI, F/E , IBR - 125 NB",0,,,,suggest,,,,sheet has no unit,Similar catalog names,"IM-001805 GLOBE VALVE, SGI, F/E, IBR 125 NB T/H | IM-001780 GLOBE VALVE, CI, F/E, IBR 125 NB T/H | IM-001798 GLOBE VALVE, SGI, F/E, IBR 20 NB T/H | IM-001799 GLOBE VALVE, SGI, F/E, IBR 25 NB T/H"
GV / 3054,"GLOBE VALVE, SGI, F/E , IBR - 150 NB",17,,,17899,decided,IM-001806,"GLOBE VALVE, SGI, F/E, IBR 150 NB T/H",Nos,sheet has no unit,checked by hand,
GV / 3055,"GLOBE VALVE, SGI, F/E , IBR - 200 NB",0,,,,suggest,,,,sheet has no unit,Similar catalog names,"IM-001807 GLOBE VALVE, SGI, F/E, IBR 200 NB T/H | IM-001782 GLOBE VALVE, CI, F/E, IBR 200 NB T/H | IM-001798 GLOBE VALVE, SGI, F/E, IBR 20 NB T/H | IM-001799 GLOBE VALVE, SGI, F/E, IBR 25 NB T/H"
GV / 3056,"GLOBE VALVE, SGI, F/E , IBR - 250 NB",0,,,,suggest,,,,sheet has no unit,Similar catalog names,"IM-001808 GLOBE VALVE, SGI, F/E, IBR 250 NB T/H | IM-001783 GLOBE VALVE, CI, F/E, IBR 250 NB T/H | IM-001798 GLOBE VALVE, SGI, F/E, IBR 20 NB T/H | IM-001799 GLOBE VALVE, SGI, F/E, IBR 25 NB T/H"
GV / 3057,"GLOBE VALVE, SGI, F/E , IBR - 300 NB",0,,,,suggest,,,,sheet has no unit,Similar catalog names,"IM-001809 GLOBE VALVE, SGI, F/E, IBR 300 NB T/H | IM-001798 GLOBE VALVE, SGI, F/E, IBR 20 NB T/H | IM-001799 GLOBE VALVE, SGI, F/E, IBR 25 NB T/H | IM-001800 GLOBE VALVE, SGI, F/E, IBR 40 NB T/H"
GV / 3060,"GLOBE VALVE, CAST STEEL, F/E , IBR - 15 NB - CLASS -150",0,,,,suggest,,,,sheet has no unit,Similar catalog names,"IM-001836 GLOBE VALVE, CAST STEEL, CLASS 150, F/E, NON-IBR 15 NB | IM-001837 GLOBE VALVE, CAST STEEL, CLASS 150, F/E, NON-IBR 25 NB | IM-001838 GLOBE VALVE, CAST STEEL, CLASS 150, F/E, NON-IBR 40 NB | IM-001839 GLOBE VALVE, CAST STEEL, CLASS 150, F/E, NON-IBR 50 NB"
GV / 3061,"GLOBE VALVE, CAST STEEL, F/E , IBR  - 20 NB- CLASS -150",0,,,,suggest,,,,sheet has no unit,Similar catalog names,"IM-001836 GLOBE VALVE, CAST STEEL, CLASS 150, F/E, NON-IBR 15 NB | IM-001837 GLOBE VALVE, CAST STEEL, CLASS 150, F/E, NON-IBR 25 NB | IM-001838 GLOBE VALVE, CAST STEEL, CLASS 150, F/E, NON-IBR 40 NB | IM-001839 GLOBE VALVE, CAST STEEL, CLASS 150, F/E, NON-IBR 50 NB"
GV / 3062,"GLOBE VALVE, CAST STEEL, F/E , IBR - 25 NB- CLASS -150",0,,,,suggest,,,,sheet has no unit,Similar catalog names,"IM-001836 GLOBE VALVE, CAST STEEL, CLASS 150, F/E, NON-IBR 15 NB | IM-001837 GLOBE VALVE, CAST STEEL, CLASS 150, F/E, NON-IBR 25 NB | IM-001838 GLOBE VALVE, CAST STEEL, CLASS 150, F/E, NON-IBR 40 NB | IM-001839 GLOBE VALVE, CAST STEEL, CLASS 150, F/E, NON-IBR 50 NB"
GV / 3063,"GLOBE VALVE, CAST STEEL, F/E , IBR - 40 NB- CLASS -150",15,,,13054,decided,IM-001813,"GLOBE VALVE, CAST STEEL, CL150 F/E, IBR 40 NB",Nos,sheet has no unit,checked by hand,
GV / 3064,"GLOBE VALVE, CAST STEEL, F/E , IBR - 50 NB- CLASS -150",0,,,,suggest,,,,sheet has no unit,Similar catalog names,"IM-001836 GLOBE VALVE, CAST STEEL, CLASS 150, F/E, NON-IBR 15 NB | IM-001837 GLOBE VALVE, CAST STEEL, CLASS 150, F/E, NON-IBR 25 NB | IM-001838 GLOBE VALVE, CAST STEEL, CLASS 150, F/E, NON-IBR 40 NB | IM-001839 GLOBE VALVE, CAST STEEL, CLASS 150, F/E, NON-IBR 50 NB"
GV / 3065,"GLOBE VALVE, CAST STEEL, F/E , IBR - 65 NB- CLASS -150",0,,,,suggest,,,,sheet has no unit,Similar catalog names,"IM-001836 GLOBE VALVE, CAST STEEL, CLASS 150, F/E, NON-IBR 15 NB | IM-001837 GLOBE VALVE, CAST STEEL, CLASS 150, F/E, NON-IBR 25 NB | IM-001838 GLOBE VALVE, CAST STEEL, CLASS 150, F/E, NON-IBR 40 NB | IM-001839 GLOBE VALVE, CAST STEEL, CLASS 150, F/E, NON-IBR 50 NB"
GV / 3066,"GLOBE VALVE, CAST STEEL, F/E , IBR - 80 NB- CLASS -150",0,,,,suggest,,,,sheet has no unit,Similar catalog names,"IM-001836 GLOBE VALVE, CAST STEEL, CLASS 150, F/E, NON-IBR 15 NB | IM-001837 GLOBE VALVE, CAST STEEL, CLASS 150, F/E, NON-IBR 25 NB | IM-001838 GLOBE VALVE, CAST STEEL, CLASS 150, F/E, NON-IBR 40 NB | IM-001839 GLOBE VALVE, CAST STEEL, CLASS 150, F/E, NON-IBR 50 NB"
GV / 3067,"GLOBE VALVE, CAST STEEL, F/E , IBR - 100 NB- CLASS -150",45,,,1875,decided,IM-001817,"GLOBE VALVE, CAST STEEL, CL150 F/E, IBR 100 NB",Nos,sheet has no unit,checked by hand,
GV / 3068,"GLOBE VALVE, CAST STEEL, F/E , IBR - 125 NB- CLASS -150",0,,,,suggest,,,,sheet has no unit,Similar catalog names,"IM-001843 GLOBE VALVE,CAST STEEL, CLASS 150, F/E, NON-IBR 125 NB | IM-001836 GLOBE VALVE, CAST STEEL, CLASS 150, F/E, NON-IBR 15 NB | IM-001837 GLOBE VALVE, CAST STEEL, CLASS 150, F/E, NON-IBR 25 NB | IM-001838 GLOBE VALVE, CAST STEEL, CLASS 150, F/E, NON-IBR 40 NB"
GV / 3069,"GLOBE VALVE, CAST STEEL, F/E , IBR - 150 NB- CLASS -150",0,,,,suggest,,,,sheet has no unit,Similar catalog names,"IM-001836 GLOBE VALVE, CAST STEEL, CLASS 150, F/E, NON-IBR 15 NB | IM-001837 GLOBE VALVE, CAST STEEL, CLASS 150, F/E, NON-IBR 25 NB | IM-001838 GLOBE VALVE, CAST STEEL, CLASS 150, F/E, NON-IBR 40 NB | IM-001839 GLOBE VALVE, CAST STEEL, CLASS 150, F/E, NON-IBR 50 NB"
GV / 3070,"GLOBE VALVE, CAST STEEL, F/E , IBR - 200 NB- CLASS -150",0,,,,suggest,,,,sheet has no unit,Similar catalog names,"IM-001845 GLOBE VALVE,CAST STEEL, CLASS 150, F/E, NON-IBR 200 NB | IM-001836 GLOBE VALVE, CAST STEEL, CLASS 150, F/E, NON-IBR 15 NB | IM-001837 GLOBE VALVE, CAST STEEL, CLASS 150, F/E, NON-IBR 25 NB | IM-001838 GLOBE VALVE, CAST STEEL, CLASS 150, F/E, NON-IBR 40 NB"
GV / 3071,"GLOBE VALVE, CAST STEEL, F/E , IBR - 250 NB- CLASS -150",0,,,,suggest,,,,sheet has no unit,Similar catalog names,"IM-001836 GLOBE VALVE, CAST STEEL, CLASS 150, F/E, NON-IBR 15 NB | IM-001837 GLOBE VALVE, CAST STEEL, CLASS 150, F/E, NON-IBR 25 NB | IM-001838 GLOBE VALVE, CAST STEEL, CLASS 150, F/E, NON-IBR 40 NB | IM-001839 GLOBE VALVE, CAST STEEL, CLASS 150, F/E, NON-IBR 50 NB"
GV / 3072,"GLOBE VALVE, CAST STEEL, F/E , IBR - 300 NB- CLASS -150",0,,,,suggest,,,,sheet has no unit,Similar catalog names,"IM-001836 GLOBE VALVE, CAST STEEL, CLASS 150, F/E, NON-IBR 15 NB | IM-001837 GLOBE VALVE, CAST STEEL, CLASS 150, F/E, NON-IBR 25 NB | IM-001838 GLOBE VALVE, CAST STEEL, CLASS 150, F/E, NON-IBR 40 NB | IM-001839 GLOBE VALVE, CAST STEEL, CLASS 150, F/E, NON-IBR 50 NB"
GV / 3080,"GLOBE VALVE, CAST STEEL, F/E , IBR - 15 NB -  CLASS-300",0,,,,suggest,,,,sheet has no unit,Similar catalog names,"IM-001796 GLOBE VALVE, CAST STEEL, F/E, IBR 300 NB-T/H ; ND-40 | IM-001835 GLOBE VALVE, CAST STEEL, CL300F/E, IBR 300 NB | IM-001822 GLOBE VALVE, CAST STEEL, CL150 F/E, IBR 300 NB | IM-001836 GLOBE VALVE, CAST STEEL, CLASS 150, F/E, NON-IBR 15 NB"
GV / 3081,"GLOBE VALVE, CAST STEEL, F/E , IBR  - 20 NB-  CLASS-300",0,,,,suggest,,,,sheet has no unit,Similar catalog names,"IM-001796 GLOBE VALVE, CAST STEEL, F/E, IBR 300 NB-T/H ; ND-40 | IM-001835 GLOBE VALVE, CAST STEEL, CL300F/E, IBR 300 NB | IM-001822 GLOBE VALVE, CAST STEEL, CL150 F/E, IBR 300 NB | IM-001836 GLOBE VALVE, CAST STEEL, CLASS 150, F/E, NON-IBR 15 NB"
GV / 3082,"GLOBE VALVE, CAST STEEL, F/E , IBR - 25 NB-  CLASS-300",0,,,,suggest,,,,sheet has no unit,Similar catalog names,"IM-001796 GLOBE VALVE, CAST STEEL, F/E, IBR 300 NB-T/H ; ND-40 | IM-001835 GLOBE VALVE, CAST STEEL, CL300F/E, IBR 300 NB | IM-001822 GLOBE VALVE, CAST STEEL, CL150 F/E, IBR 300 NB | IM-001836 GLOBE VALVE, CAST STEEL, CLASS 150, F/E, NON-IBR 15 NB"
GV / 3083,"GLOBE VALVE, CAST STEEL, F/E , IBR - 40 NB-  CLASS-300",0,,,,suggest,,,,sheet has no unit,Similar catalog names,"IM-001796 GLOBE VALVE, CAST STEEL, F/E, IBR 300 NB-T/H ; ND-40 | IM-001835 GLOBE VALVE, CAST STEEL, CL300F/E, IBR 300 NB | IM-001822 GLOBE VALVE, CAST STEEL, CL150 F/E, IBR 300 NB | IM-001836 GLOBE VALVE, CAST STEEL, CLASS 150, F/E, NON-IBR 15 NB"
GV / 3084,"GLOBE VALVE, CAST STEEL, F/E , IBR - 50 NB-  CLASS-300",0,,,,suggest,,,,sheet has no unit,Similar catalog names,"IM-001796 GLOBE VALVE, CAST STEEL, F/E, IBR 300 NB-T/H ; ND-40 | IM-001835 GLOBE VALVE, CAST STEEL, CL300F/E, IBR 300 NB | IM-001822 GLOBE VALVE, CAST STEEL, CL150 F/E, IBR 300 NB | IM-001836 GLOBE VALVE, CAST STEEL, CLASS 150, F/E, NON-IBR 15 NB"
GV / 3085,"GLOBE VALVE, CAST STEEL, F/E , IBR - 65 NB-  CLASS-300",0,,,,suggest,,,,sheet has no unit,Similar catalog names,"IM-001796 GLOBE VALVE, CAST STEEL, F/E, IBR 300 NB-T/H ; ND-40 | IM-001835 GLOBE VALVE, CAST STEEL, CL300F/E, IBR 300 NB | IM-001822 GLOBE VALVE, CAST STEEL, CL150 F/E, IBR 300 NB | IM-001836 GLOBE VALVE, CAST STEEL, CLASS 150, F/E, NON-IBR 15 NB"
GV / 3086,"GLOBE VALVE, CAST STEEL, F/E , IBR - 80 NB-  CLASS-300",2,,,,decided,IM-001829,"GLOBE VALVE, CAST STEEL, CL300F/E, IBR 80 NB",Nos,sheet has no unit,checked by hand,
GV / 3087,"GLOBE VALVE, CAST STEEL, F/E , IBR - 100 NB-  CLASS-300",0,,,,suggest,,,,sheet has no unit,Similar catalog names,"IM-001842 GLOBE VALVE,CAST STEEL, CLASS 150, F/E, NON-IBR 100 NB | IM-001791 GLOBE VALVE, CAST STEEL, F/E, IBR 100 NB-T/H ; ND-40 | IM-001796 GLOBE VALVE, CAST STEEL, F/E, IBR 300 NB-T/H ; ND-40 | IM-001830 GLOBE VALVE, CAST STEEL, CL300F/E, IBR 100 NB"
GV / 3088,"GLOBE VALVE, CAST STEEL, F/E , IBR - 125 NB-  CLASS-300",0,,,,suggest,,,,sheet has no unit,Similar catalog names,"IM-001843 GLOBE VALVE,CAST STEEL, CLASS 150, F/E, NON-IBR 125 NB | IM-001792 GLOBE VALVE, CAST STEEL, F/E, IBR 125 NB-T/H ; ND-40 | IM-001796 GLOBE VALVE, CAST STEEL, F/E, IBR 300 NB-T/H ; ND-40 | IM-001831 GLOBE VALVE, CAST STEEL, CL300F/E, IBR 125 NB"
GV / 3089,"GLOBE VALVE, CAST STEEL, F/E , IBR - 150 NB-  CLASS-300",0,,,,suggest,,,,sheet has no unit,Similar catalog names,"IM-001836 GLOBE VALVE, CAST STEEL, CLASS 150, F/E, NON-IBR 15 NB | IM-001837 GLOBE VALVE, CAST STEEL, CLASS 150, F/E, NON-IBR 25 NB | IM-001838 GLOBE VALVE, CAST STEEL, CLASS 150, F/E, NON-IBR 40 NB | IM-001839 GLOBE VALVE, CAST STEEL, CLASS 150, F/E, NON-IBR 50 NB"
GV / 3090,"GLOBE VALVE, CAST STEEL, F/E , IBR - 200 NB-  CLASS-300",0,,,,suggest,,,,sheet has no unit,Similar catalog names,"IM-001845 GLOBE VALVE,CAST STEEL, CLASS 150, F/E, NON-IBR 200 NB | IM-001794 GLOBE VALVE, CAST STEEL, F/E, IBR 200 NB-T/H ; ND-40 | IM-001796 GLOBE VALVE, CAST STEEL, F/E, IBR 300 NB-T/H ; ND-40 | IM-001833 GLOBE VALVE, CAST STEEL, CL300F/E, IBR 200 NB"
GV / 3091,"GLOBE VALVE, CAST STEEL, F/E , IBR - 250 NB-  CLASS-300",0,,,,suggest,,,,sheet has no unit,Similar catalog names,"IM-001795 GLOBE VALVE, CAST STEEL, F/E, IBR 250 NB-T/H ; ND-40 | IM-001796 GLOBE VALVE, CAST STEEL, F/E, IBR 300 NB-T/H ; ND-40 | IM-001834 GLOBE VALVE, CAST STEEL, CL300F/E, IBR 250 NB | IM-001835 GLOBE VALVE, CAST STEEL, CL300F/E, IBR 300 NB"
GV / 3092,"GLOBE VALVE, CAST STEEL, F/E , IBR - 300 NB-  CLASS-300",0,,,,suggest,,,,sheet has no unit,Similar catalog names,"IM-001796 GLOBE VALVE, CAST STEEL, F/E, IBR 300 NB-T/H ; ND-40 | IM-001835 GLOBE VALVE, CAST STEEL, CL300F/E, IBR 300 NB | IM-001822 GLOBE VALVE, CAST STEEL, CL150 F/E, IBR 300 NB | IM-001836 GLOBE VALVE, CAST STEEL, CLASS 150, F/E, NON-IBR 15 NB"
GV / 3100,"GLOBE VALVE, FORGED , F/E , IBR  - 20 NB",0,,,,name,IM-001888,"GLOBE VALVE, FORGED, F/E, IBR 20 NB",Nos,sheet has no unit,same name,
GV / 3101,"GLOBE VALVE, FORGED , F/E , IBR - 25 NB",0,,,,name,IM-001889,"GLOBE VALVE, FORGED, F/E, IBR 25 NB",Nos,sheet has no unit,same name,
GV / 3102,"GLOBE VALVE, FORGED , F/E , IBR - 40 NB",0,,,,name,IM-001890,"GLOBE VALVE, FORGED, F/E, IBR 40 NB",Nos,sheet has no unit,same name,
GV / 3103,"GLOBE VALVE, FORGED , F/E , IBR - 50 NB",0,,,,name,IM-001891,"GLOBE VALVE, FORGED, F/E, IBR 50 NB",Nos,sheet has no unit,same name,
GV / 3104,"GLOBE VALVE, FORGED , F/E , IBR - 65 NB",0,,,,name,IM-001892,"GLOBE VALVE, FORGED, F/E, IBR 65 NB",Nos,sheet has no unit,same name,
GV / 3105,"GLOBE VALVE, FORGED , F/E , IBR - 80 NB",0,,,,name,IM-001893,"GLOBE VALVE, FORGED, F/E, IBR 80 NB",Nos,sheet has no unit,same name,
GV / 3106,"GLOBE VALVE, FORGED , F/E , IBR - 100 NB",0,,,,name,IM-001894,"GLOBE VALVE, FORGED, F/E, IBR 100 NB",Nos,sheet has no unit,same name,
GV / 3107,"GLOBE VALVE, FORGED , F/E , IBR - 125 NB",0,,,,name,IM-001895,"GLOBE VALVE, FORGED, F/E, IBR 125 NB",Nos,sheet has no unit,same name,
GV / 3108,"GLOBE VALVE, FORGED , F/E , IBR - 150 NB",0,,,,name,IM-001896,"GLOBE VALVE, FORGED, F/E, IBR 150 NB",Nos,sheet has no unit,same name,
GV / 3109,"GLOBE VALVE, FORGED , F/E , IBR - 200 NB",0,,,,name,IM-001897,"GLOBE VALVE, FORGED, F/E, IBR 200 NB",Nos,sheet has no unit,same name,
GV / 3110,"GLOBE VALVE, FORGED , F/E , IBR - 250 NB",0,,,,name,IM-001898,"GLOBE VALVE, FORGED, F/E, IBR 250 NB",Nos,sheet has no unit,same name,
GV / 3111,"GLOBE VALVE, FORGED , F/E , IBR - 300 NB",0,,,,name,IM-001899,"GLOBE VALVE, FORGED, F/E, IBR 300 NB",Nos,sheet has no unit,same name,
GV / 3115,"GLOBE VALVE, FORGED , S/E , IBR - 15 NB",163,,,1312.86,name,IM-001900,"GLOBE VALVE, FORGED, S/E, IBR 15 NB",Nos,sheet has no unit,same name,
GV / 3116,"GLOBE VALVE, FORGED , S/E , IBR - 20 NB",0,,,,name,IM-001901,"GLOBE VALVE, FORGED, S/E, IBR 20 NB",Nos,sheet has no unit,same name,
GV / 3117,"GLOBE VALVE, FORGED , S/E , IBR - 25 NB",0,,,,name,IM-001902,"GLOBE VALVE, FORGED, S/E, IBR 25 NB",Nos,sheet has no unit,same name,
GV / 3118,"GLOBE VALVE, FORGED , S/E , IBR - 40 NB",0,,,,name,IM-001903,"GLOBE VALVE, FORGED, S/E, IBR 40 NB",Nos,sheet has no unit,same name,
GV / 3119,"GLOBE VALVE, FORGED , S/E , IBR - 50 NB",0,,,,name,IM-001904,"GLOBE VALVE, FORGED, S/E, IBR 50 NB",Nos,sheet has no unit,same name,
GV / 3120,"GLOBE VALVE, FORGED , S/E , IBR - 65 NB",0,,,,name,IM-001905,"GLOBE VALVE, FORGED, S/E, IBR 65 NB",Nos,sheet has no unit,same name,
GV / 3121,"GLOBE VALVE, FORGED , S/E , IBR - 80 NB",0,,,,name,IM-001906,"GLOBE VALVE, FORGED, S/E, IBR 80 NB",Nos,sheet has no unit,same name,
GV / 3122,"GLOBE VALVE, FORGED , S/E , IBR - 100 NB",0,,,,name,IM-001907,"GLOBE VALVE, FORGED, S/E, IBR 100 NB",Nos,sheet has no unit,same name,
GV / 3123,"GLOBE VALVE, FORGED , S/E , IBR - 125 NB",0,,,,name,IM-001908,"GLOBE VALVE, FORGED, S/E, IBR 125 NB",Nos,sheet has no unit,same name,
GV / 3124,"GLOBE VALVE, FORGED , S/E , IBR - 150 NB",0,,,,name,IM-001909,"GLOBE VALVE, FORGED, S/E, IBR 150 NB",Nos,sheet has no unit,same name,
GV / 3125,"GLOBE VALVE, FORGED , S/E , IBR - 200 NB",0,,,,name,IM-001910,"GLOBE VALVE, FORGED, S/E, IBR 200 NB",Nos,sheet has no unit,same name,
GV / 3130,"GLOBE VALVE, FORGED , S/E , NON-IBR - 15 NB",0,,,,name,IM-001911,"GLOBE VALVE, FORGED, S/E, NON-IBR 15 NB",Nos,sheet has no unit,same name,
GV / 3131,"GLOBE VALVE, FORGED , S/E ,NON-IBR  - 20 NB",0,,,,name,IM-001912,"GLOBE VALVE, FORGED, S/E ,NON-IBR 20 NB",Nos,sheet has no unit,same name,
GV / 3132,"GLOBE VALVE, FORGED , S/E ,NON- IBR - 25 NB",0,,,,name,IM-001913,"GLOBE VALVE, FORGED, S/E ,NON-IBR 25 NB",Nos,sheet has no unit,same name,
GV / 3133,"GLOBE VALVE, FORGED , S/E ,NON- IBR - 40 NB",0,,,,suggest,,,,sheet has no unit,Similar catalog names,"IM-001911 GLOBE VALVE, FORGED, S/E, NON-IBR 15 NB | IM-001912 GLOBE VALVE, FORGED, S/E ,NON-IBR 20 NB | IM-001913 GLOBE VALVE, FORGED, S/E ,NON-IBR 25 NB | IM-001914 GLOBE VALVE, FORGED, S/E ,NON-IBR 50 NB"
GV / 3134,"GLOBE VALVE, FORGED STEEL, S/W ,N-IBR - 25 NB #CL-1500",0,,,,suggest,,,,sheet has no unit,Similar catalog names,"IM-001888 GLOBE VALVE, FORGED, F/E, IBR 20 NB | IM-001889 GLOBE VALVE, FORGED, F/E, IBR 25 NB | IM-001890 GLOBE VALVE, FORGED, F/E, IBR 40 NB | IM-001891 GLOBE VALVE, FORGED, F/E, IBR 50 NB"
GV / 3135,"GLOBE VALVE, FORGED STEEL, S/W ,N-IBR - 15 NB #CL-1500",-1,,,,suggest,,,,sheet has no unit,Similar catalog names,"IM-001888 GLOBE VALVE, FORGED, F/E, IBR 20 NB | IM-001889 GLOBE VALVE, FORGED, F/E, IBR 25 NB | IM-001890 GLOBE VALVE, FORGED, F/E, IBR 40 NB | IM-001891 GLOBE VALVE, FORGED, F/E, IBR 50 NB"
GV / 3140,"GLOBE VALVE, CAST STEEL, F/E , NON-IBR - 25 NB",0,,,,suggest,,,,sheet has no unit,Similar catalog names,"IM-001836 GLOBE VALVE, CAST STEEL, CLASS 150, F/E, NON-IBR 15 NB | IM-001837 GLOBE VALVE, CAST STEEL, CLASS 150, F/E, NON-IBR 25 NB | IM-001838 GLOBE VALVE, CAST STEEL, CLASS 150, F/E, NON-IBR 40 NB | IM-001839 GLOBE VALVE, CAST STEEL, CLASS 150, F/E, NON-IBR 50 NB"
GV / 3141,"GLOBE VALVE, CAST STEEL, F/E , NON-IBR - 40 NB",0,,,,suggest,,,,sheet has no unit,Similar catalog names,"IM-001836 GLOBE VALVE, CAST STEEL, CLASS 150, F/E, NON-IBR 15 NB | IM-001837 GLOBE VALVE, CAST STEEL, CLASS 150, F/E, NON-IBR 25 NB | IM-001838 GLOBE VALVE, CAST STEEL, CLASS 150, F/E, NON-IBR 40 NB | IM-001839 GLOBE VALVE, CAST STEEL, CLASS 150, F/E, NON-IBR 50 NB"
GV / 3142,"GLOBE VALVE, CAST STEEL, F/E , NON-IBR - 50 NB",0,,,,suggest,,,,sheet has no unit,Similar catalog names,"IM-001836 GLOBE VALVE, CAST STEEL, CLASS 150, F/E, NON-IBR 15 NB | IM-001837 GLOBE VALVE, CAST STEEL, CLASS 150, F/E, NON-IBR 25 NB | IM-001838 GLOBE VALVE, CAST STEEL, CLASS 150, F/E, NON-IBR 40 NB | IM-001839 GLOBE VALVE, CAST STEEL, CLASS 150, F/E, NON-IBR 50 NB"
GV / 3143,"GLOBE VALVE, CAST STEEL, F/E , NON-IBR - 65 NB",0,,,,suggest,,,,sheet has no unit,Similar catalog names,"IM-001836 GLOBE VALVE, CAST STEEL, CLASS 150, F/E, NON-IBR 15 NB | IM-001837 GLOBE VALVE, CAST STEEL, CLASS 150, F/E, NON-IBR 25 NB | IM-001838 GLOBE VALVE, CAST STEEL, CLASS 150, F/E, NON-IBR 40 NB | IM-001839 GLOBE VALVE, CAST STEEL, CLASS 150, F/E, NON-IBR 50 NB"
GV / 3144,"GLOBE VALVE, CAST STEEL, F/E , NON-IBR - 80 NB",0,,,,suggest,,,,sheet has no unit,Similar catalog names,"IM-001836 GLOBE VALVE, CAST STEEL, CLASS 150, F/E, NON-IBR 15 NB | IM-001837 GLOBE VALVE, CAST STEEL, CLASS 150, F/E, NON-IBR 25 NB | IM-001838 GLOBE VALVE, CAST STEEL, CLASS 150, F/E, NON-IBR 40 NB | IM-001839 GLOBE VALVE, CAST STEEL, CLASS 150, F/E, NON-IBR 50 NB"
GV / 3145,"GLOBE VALVE, CAST STEEL, F/E , NON-IBR - 100 NB",0,,,,suggest,,,,sheet has no unit,Similar catalog names,"IM-001842 GLOBE VALVE,CAST STEEL, CLASS 150, F/E, NON-IBR 100 NB | IM-001791 GLOBE VALVE, CAST STEEL, F/E, IBR 100 NB-T/H ; ND-40 | IM-001830 GLOBE VALVE, CAST STEEL, CL300F/E, IBR 100 NB | IM-001817 GLOBE VALVE, CAST STEEL, CL150 F/E, IBR 100 NB"
GV / 3146,"GLOBE VALVE, CAST STEEL, F/E , NON-IBR - 125 NB",0,,,,suggest,,,,sheet has no unit,Similar catalog names,"IM-001843 GLOBE VALVE,CAST STEEL, CLASS 150, F/E, NON-IBR 125 NB | IM-001792 GLOBE VALVE, CAST STEEL, F/E, IBR 125 NB-T/H ; ND-40 | IM-001831 GLOBE VALVE, CAST STEEL, CL300F/E, IBR 125 NB | IM-001818 GLOBE VALVE, CAST STEEL, CL150 F/E, IBR 125 NB"
GV / 3147,"GLOBE VALVE, CAST STEEL, F/E , NON-IBR - 150 NB",0,,,,suggest,,,,sheet has no unit,Similar catalog names,"IM-001836 GLOBE VALVE, CAST STEEL, CLASS 150, F/E, NON-IBR 15 NB | IM-001837 GLOBE VALVE, CAST STEEL, CLASS 150, F/E, NON-IBR 25 NB | IM-001838 GLOBE VALVE, CAST STEEL, CLASS 150, F/E, NON-IBR 40 NB | IM-001839 GLOBE VALVE, CAST STEEL, CLASS 150, F/E, NON-IBR 50 NB"
GV / 3148,"GLOBE VALVE, CAST STEEL, F/E , NON-IBR - 200 NB",0,,,,suggest,,,,sheet has no unit,Similar catalog names,"IM-001845 GLOBE VALVE,CAST STEEL, CLASS 150, F/E, NON-IBR 200 NB | IM-001794 GLOBE VALVE, CAST STEEL, F/E, IBR 200 NB-T/H ; ND-40 | IM-001833 GLOBE VALVE, CAST STEEL, CL300F/E, IBR 200 NB | IM-001820 GLOBE VALVE, CAST STEEL, CL150 F/E, IBR 200 NB"
GV / 3150,"GATE VALVE, FORGED , S/E , NON-IBR - 15 NB",48,,,1267,name,IM-001846,"GATE VALVE, FORGED, S/E, NON-IBR 15 NB",Nos,sheet has no unit,same name,
GV / 3151,"GATE VALVE, FORGED , S/E ,NON-IBR  - 20 NB",0,,,,name,IM-001847,"GATE VALVE, FORGED, S/E ,NON-IBR 20 NB",Nos,sheet has no unit,same name,
GV / 3152,"GATE VALVE, FORGED , S/E ,NON- IBR - 25 NB",0,,,,name,IM-001848,"GATE VALVE, FORGED, S/E ,NON-IBR 25 NB",Nos,sheet has no unit,same name,
GV / 3153,"GATE VALVE, FORGED , S/E ,NON- IBR - 40 NB",0,,,,name,IM-001849,"GATE VALVE, FORGED, S/E ,NON-IBR 40 NB",Nos,sheet has no unit,same name,
GV / 3154,"GATE VALVE, FORGED , S/E ,NON- IBR -50 NB",0,,,,name,IM-001850,"GATE VALVE, FORGED, S/E ,NON-IBR-50 NB",Nos,sheet has no unit,same name,
GV / 3154,"GATE VALVE, FORGED , S/E ,NON- IBR -50 NB",0,,,,name,IM-001850,"GATE VALVE, FORGED, S/E ,NON-IBR-50 NB",Nos,"duplicate sheet row, count once",same name,
GV / 3160,"PISTON VALVE , CS , S/E , IBR - 15  MM",0,,,,suggest,,,,sheet has no unit,Similar catalog names,"IM-001851 PISTON VALVE, IBR, CL150, F/E, 15 MM | IM-001852 PISTON VALVE, IBR, CL150, F/E, 20 MM | IM-001853 PISTON VALVE, IBR, CL150, F/E, 25 MM | IM-001854 PISTON VALVE, IBR, CL150, F/E, 40 MM"
GV / 3161,"PISTON VALVE , CS , S/E , IBR - 20 MM",0,,,,suggest,,,,sheet has no unit,Similar catalog names,"IM-001851 PISTON VALVE, IBR, CL150, F/E, 15 MM | IM-001852 PISTON VALVE, IBR, CL150, F/E, 20 MM | IM-001853 PISTON VALVE, IBR, CL150, F/E, 25 MM | IM-001854 PISTON VALVE, IBR, CL150, F/E, 40 MM"
GV / 3170,"PISTON VALVE , CS , F/E , 15 MM",0,,,,suggest,,,,sheet has no unit,Similar catalog names,"IM-001851 PISTON VALVE, IBR, CL150, F/E, 15 MM | IM-001852 PISTON VALVE, IBR, CL150, F/E, 20 MM | IM-001853 PISTON VALVE, IBR, CL150, F/E, 25 MM | IM-001854 PISTON VALVE, IBR, CL150, F/E, 40 MM"
GV / 3171,"PISTON VALVE , CS , F/E , 25 MM",0,,,,suggest,,,,sheet has no unit,Similar catalog names,"IM-001851 PISTON VALVE, IBR, CL150, F/E, 15 MM | IM-001852 PISTON VALVE, IBR, CL150, F/E, 20 MM | IM-001853 PISTON VALVE, IBR, CL150, F/E, 25 MM | IM-001854 PISTON VALVE, IBR, CL150, F/E, 40 MM"
GV / 3172,"PISTON VALVE , CS , F/E , 20 MM",0,,,,suggest,,,,sheet has no unit,Similar catalog names,"IM-001851 PISTON VALVE, IBR, CL150, F/E, 15 MM | IM-001852 PISTON VALVE, IBR, CL150, F/E, 20 MM | IM-001853 PISTON VALVE, IBR, CL150, F/E, 25 MM | IM-001854 PISTON VALVE, IBR, CL150, F/E, 40 MM"
GV / 3173,"PISTON VALVE , CS , F/E , 40 MM",0,,,,suggest,,,,sheet has no unit,Similar catalog names,"IM-001851 PISTON VALVE, IBR, CL150, F/E, 15 MM | IM-001852 PISTON VALVE, IBR, CL150, F/E, 20 MM | IM-001853 PISTON VALVE, IBR, CL150, F/E, 25 MM | IM-001854 PISTON VALVE, IBR, CL150, F/E, 40 MM"
GV / 3174,"PISTON VALVE , CS , F/E , 50 MM",0,,,,suggest,,,,sheet has no unit,Similar catalog names,"IM-001851 PISTON VALVE, IBR, CL150, F/E, 15 MM | IM-001852 PISTON VALVE, IBR, CL150, F/E, 20 MM | IM-001853 PISTON VALVE, IBR, CL150, F/E, 25 MM | IM-001854 PISTON VALVE, IBR, CL150, F/E, 40 MM"
GV / 3175,"PISTON VALVE , CS , F/E , 65 MM",0,,,,suggest,,,,sheet has no unit,Similar catalog names,"IM-001851 PISTON VALVE, IBR, CL150, F/E, 15 MM | IM-001852 PISTON VALVE, IBR, CL150, F/E, 20 MM | IM-001853 PISTON VALVE, IBR, CL150, F/E, 25 MM | IM-001854 PISTON VALVE, IBR, CL150, F/E, 40 MM"
GV / 3176,"PISTON VALVE , CS , F/E , 80 MM",0,,,,suggest,,,,sheet has no unit,Similar catalog names,"IM-001851 PISTON VALVE, IBR, CL150, F/E, 15 MM | IM-001852 PISTON VALVE, IBR, CL150, F/E, 20 MM | IM-001853 PISTON VALVE, IBR, CL150, F/E, 25 MM | IM-001854 PISTON VALVE, IBR, CL150, F/E, 40 MM"
GV / 3177,"PISTON VALVE , CS , F/E , 100 MM",0,,,,suggest,,,,sheet has no unit,Similar catalog names,"IM-001858 PISTON VALVE, IBR, CL150, F/E, 100 MM | IM-001870 PISTON VALVE, IBR, CL300, F/E, 100 MM | IM-001551 BALL VALVE, CS, S/E, NONIBR-100 MM"
GV / 3178,"PISTON VALVE , CS , F/E , 125 MM",0,,,,suggest,,,,sheet has no unit,Similar catalog names,"IM-001859 PISTON VALVE, IBR, CL150, F/E, 125 MM | IM-001871 PISTON VALVE, IBR, CL300, F/E, 125 MM | IM-001851 PISTON VALVE, IBR, CL150, F/E, 15 MM"
GV / 3179,"PISTON VALVE , CS , F/E , 150 MM",0,,,,suggest,,,,sheet has no unit,Similar catalog names,"IM-001860 PISTON VALVE, IBR, CL150, F/E, 150 MM | IM-001872 PISTON VALVE, IBR, CL300, F/E, 150 MM | IM-002961 MOBREY CONTROL VALVE PISTON, CS, F/E, CLASS-150 NON-IBR, 25 NB | IM-001851 PISTON VALVE, IBR, CL150, F/E, 15 MM"
GV / 3180,"PISTON VALVE , CS , F/E , 200 MM",0,,,,suggest,,,,sheet has no unit,Similar catalog names,"IM-001861 PISTON VALVE, IBR, CL150, F/E, 200 MM | IM-001873 PISTON VALVE, IBR, CL300, F/E, 200 MM | IM-001851 PISTON VALVE, IBR, CL150, F/E, 15 MM | IM-001852 PISTON VALVE, IBR, CL150, F/E, 20 MM"
GV / 3181,,0,,,,none,,,,sheet has no unit,,
FCV / 3160,"FEED CHECK VALVE, CI, F/E , IBR - 15 NB",0,,,,suggest,,,,sheet has no unit,Similar catalog names,"IM-001563 FEED CHECK VALVE, ANGLE TYPE CI, F/E, IBR 20 NB | IM-001564 FEED CHECK VALVE, ANGLE TYPE CI, F/E, IBR 25 NB | IM-001562 FEED CHECK VALVE, ANGLE TYPE, CI, F/E, IBR 15 NB | IM-001565 FEED CHECK VALVE, ANGLE TYPE, CI, F/E, IBR 40 NB"
FCV / 3161,"FEED CHECK VALVE, CI, F/E , IBR - 20 NB",0,,,,suggest,,,,sheet has no unit,Similar catalog names,"IM-001563 FEED CHECK VALVE, ANGLE TYPE CI, F/E, IBR 20 NB | IM-001564 FEED CHECK VALVE, ANGLE TYPE CI, F/E, IBR 25 NB | IM-001562 FEED CHECK VALVE, ANGLE TYPE, CI, F/E, IBR 15 NB | IM-001565 FEED CHECK VALVE, ANGLE TYPE, CI, F/E, IBR 40 NB"
FCV / 3162,"FEED CHECK VALVE, CI, F/E , IBR - 25 NB",0,,,,suggest,,,,sheet has no unit,Similar catalog names,"IM-001563 FEED CHECK VALVE, ANGLE TYPE CI, F/E, IBR 20 NB | IM-001564 FEED CHECK VALVE, ANGLE TYPE CI, F/E, IBR 25 NB | IM-001562 FEED CHECK VALVE, ANGLE TYPE, CI, F/E, IBR 15 NB | IM-001565 FEED CHECK VALVE, ANGLE TYPE, CI, F/E, IBR 40 NB"
FCV / 3163,"FEED CHECK VALVE, CI, F/E , IBR - 40 NB",0,,,,suggest,,,,sheet has no unit,Similar catalog names,"IM-001563 FEED CHECK VALVE, ANGLE TYPE CI, F/E, IBR 20 NB | IM-001564 FEED CHECK VALVE, ANGLE TYPE CI, F/E, IBR 25 NB | IM-001562 FEED CHECK VALVE, ANGLE TYPE, CI, F/E, IBR 15 NB | IM-001565 FEED CHECK VALVE, ANGLE TYPE, CI, F/E, IBR 40 NB"
FCV / 3164,"FEED CHECK VALVE, CI, F/E , IBR - 50 NB",0,,,,suggest,,,,sheet has no unit,Similar catalog names,"IM-001563 FEED CHECK VALVE, ANGLE TYPE CI, F/E, IBR 20 NB | IM-001564 FEED CHECK VALVE, ANGLE TYPE CI, F/E, IBR 25 NB | IM-001562 FEED CHECK VALVE, ANGLE TYPE, CI, F/E, IBR 15 NB | IM-001565 FEED CHECK VALVE, ANGLE TYPE, CI, F/E, IBR 40 NB"
FCV / 3165,"FEED CHECK VALVE, CI, F/E , IBR - 65 NB",0,,,,suggest,,,,sheet has no unit,Similar catalog names,"IM-001563 FEED CHECK VALVE, ANGLE TYPE CI, F/E, IBR 20 NB | IM-001564 FEED CHECK VALVE, ANGLE TYPE CI, F/E, IBR 25 NB | IM-001562 FEED CHECK VALVE, ANGLE TYPE, CI, F/E, IBR 15 NB | IM-001565 FEED CHECK VALVE, ANGLE TYPE, CI, F/E, IBR 40 NB"
SV / 3170,"SAFETY VALVES, CI, F/E , IBR  25 X 25NB(10.54)",66,,,7291.67,decided,IM-001574,"SAFETY VALVES, CI, F/E, IBR 25NB",Nos,sheet has no unit,checked by hand,
SV / 3171,"SAFETY VALVES, CI, F/E , IBR  40NB",0,,,,name,IM-001575,"SAFETY VALVES, CI, F/E, IBR 40NB",Nos,sheet has no unit,same name,
SV / 3172,"SAFETY VALVES, CI, F/E , IBR  50NB",0,,,,name,IM-001576,"SAFETY VALVES, CI, F/E, IBR 50NB",Nos,sheet has no unit,same name,
SV / 3173,"SAFETY VALVES, CI, F/E , IBR  65NB",0,,,,name,IM-001577,"SAFETY VALVES, CI, F/E, IBR 65NB",Nos,sheet has no unit,same name,
SV / 3174,"SAFETY VALVES, CI, F/E , IBR  80 NB",0,,,,name,IM-001578,"SAFETY VALVES, CI, F/E, IBR 80 NB",Nos,sheet has no unit,same name,
SV / 3175,"SAFETY VALVES, CI, F/E , IBR  100NB",0,,,,name,IM-001579,"SAFETY VALVES, CI, F/E, IBR 100NB",Nos,sheet has no unit,same name,
SV / 3180,"SAFETY VALVES, BROZE, F/E , IBR - 15 NB",0,,,,name,IM-001580,"SAFETY VALVES, BROZE, F/E, IBR 15 NB",Nos,sheet has no unit,same name,
SV / 3181,"SAFETY VALVES, BROZE, F/E , IBR - 20 NB",0,,,,name,IM-001581,"SAFETY VALVES, BROZE, F/E, IBR 20 NB",Nos,sheet has no unit,same name,
SV / 3182,,0,,,,none,,,,sheet has no unit,,
SV / 3183,"SAFETY VALVES, BROZE, F/E , IBR  - 40 NB",0,,,,name,IM-001583,"SAFETY VALVES, BROZE, F/E, IBR 40 NB",Nos,sheet has no unit,same name,
SV / 3184,"SAFETY VALVES, BROZE, S/E , IBR - 15 NB",0,,,,suggest,,,,sheet has no unit,Similar catalog names,"IM-001580 SAFETY VALVES, BROZE, F/E, IBR 15 NB | IM-001581 SAFETY VALVES, BROZE, F/E, IBR 20 NB | IM-001582 SAFETY VALVES, BROZE, F/E, IBR 25 NB | IM-001583 SAFETY VALVES, BROZE, F/E, IBR 40 NB"
SV / 3185,"SAFETY VALVES, BROZE, S/E , IBR - 20 NB",0,,,,suggest,,,,sheet has no unit,Similar catalog names,"IM-001580 SAFETY VALVES, BROZE, F/E, IBR 15 NB | IM-001581 SAFETY VALVES, BROZE, F/E, IBR 20 NB | IM-001582 SAFETY VALVES, BROZE, F/E, IBR 25 NB | IM-001583 SAFETY VALVES, BROZE, F/E, IBR 40 NB"
SV / 3186,"SAFETY VALVES, BROZE, S/E , IBR - 25 NB",0,,,,suggest,,,,sheet has no unit,Similar catalog names,"IM-001580 SAFETY VALVES, BROZE, F/E, IBR 15 NB | IM-001581 SAFETY VALVES, BROZE, F/E, IBR 20 NB | IM-001582 SAFETY VALVES, BROZE, F/E, IBR 25 NB | IM-001583 SAFETY VALVES, BROZE, F/E, IBR 40 NB"
SV / 3187,"SAFETY VALVES, BROZE, S/E , IBR  - 40 NB",0,,,,suggest,,,,sheet has no unit,Similar catalog names,"IM-001580 SAFETY VALVES, BROZE, F/E, IBR 15 NB | IM-001581 SAFETY VALVES, BROZE, F/E, IBR 20 NB | IM-001582 SAFETY VALVES, BROZE, F/E, IBR 25 NB | IM-001583 SAFETY VALVES, BROZE, F/E, IBR 40 NB"
SV / 3190,"SAFETY VALVES , CS , F/E , IBR - 20 NB - CLASS-150- 10.54 KGS",0,,,,name,IM-001584,"SAFETY VALVES, CS, F/E, IBR 20 NB CLASS-150 10.54 KGS",Nos,sheet has no unit,same name,
SV / 3191,"SAFETY VALVES , CS , F/E ,  IBR - 25 NB - CLASS-150- 10.54 KGS",0,,,,suggest,,,,sheet has no unit,Similar catalog names,"IM-001584 SAFETY VALVES, CS, F/E, IBR 20 NB CLASS-150 10.54 KGS | IM-001590 SAFETY VALVES, CS, F/E, IBR 20 NB T/H-10.54 KGS | IM-001585 SAFETY VALVES, CS, F/E, IBR 25 NB X 25 NB"
SV / 3192,"SAFETY VALVES , CS , F/E , IBR - 40 NB - CLASS-150- 10.54 KGS",0,,,,suggest,,,,sheet has no unit,Similar catalog names,"IM-001584 SAFETY VALVES, CS, F/E, IBR 20 NB CLASS-150 10.54 KGS | IM-001590 SAFETY VALVES, CS, F/E, IBR 20 NB T/H-10.54 KGS | IM-001585 SAFETY VALVES, CS, F/E, IBR 25 NB X 25 NB"
SV / 3193,"SAFETY VALVES , CS , F/E , IBR - 50 NB - CLASS-150- 10.54 KGS",0,,,,suggest,,,,sheet has no unit,Similar catalog names,"IM-001584 SAFETY VALVES, CS, F/E, IBR 20 NB CLASS-150 10.54 KGS | IM-001590 SAFETY VALVES, CS, F/E, IBR 20 NB T/H-10.54 KGS | IM-001585 SAFETY VALVES, CS, F/E, IBR 25 NB X 25 NB"
SV / 3194,"SAFETY VALVES , CS , F/E , IBR - 65 NB - CLASS-150- 10.54 KGS",0,,,,suggest,,,,sheet has no unit,Similar catalog names,"IM-001584 SAFETY VALVES, CS, F/E, IBR 20 NB CLASS-150 10.54 KGS | IM-001590 SAFETY VALVES, CS, F/E, IBR 20 NB T/H-10.54 KGS | IM-001585 SAFETY VALVES, CS, F/E, IBR 25 NB X 25 NB"
SV / 3195,"SAFETY VALVES , CS , F/E , IBR - 80 NB - CLASS-150- 10.54 KGS",0,,,,suggest,,,,sheet has no unit,Similar catalog names,"IM-001584 SAFETY VALVES, CS, F/E, IBR 20 NB CLASS-150 10.54 KGS | IM-001590 SAFETY VALVES, CS, F/E, IBR 20 NB T/H-10.54 KGS | IM-001585 SAFETY VALVES, CS, F/E, IBR 25 NB X 25 NB"
SV / 3196,"SAFETY VALVES , CS , F/E , IBR - 100 NB - CLASS-150- 10.54 KGS",0,,,,suggest,,,,sheet has no unit,Similar catalog names,"IM-001584 SAFETY VALVES, CS, F/E, IBR 20 NB CLASS-150 10.54 KGS | IM-002406 SAFETY VALVES, CS, F/E, IBR 80 NB X 100 NB | IM-001590 SAFETY VALVES, CS, F/E, IBR 20 NB T/H-10.54 KGS"
SV / 3197,"SAFETY VALVES , CS , F/E , IBR - 125 NB - CLASS-150- 10.54 KGS",0,,,,suggest,,,,sheet has no unit,Similar catalog names,"IM-001584 SAFETY VALVES, CS, F/E, IBR 20 NB CLASS-150 10.54 KGS | IM-001590 SAFETY VALVES, CS, F/E, IBR 20 NB T/H-10.54 KGS"
SV / 3198,"SAFETY VALVES , CS , F/E , IBR - 150 NB - CLASS-150- 10.54 KGS",0,,,,suggest,,,,sheet has no unit,Similar catalog names,"IM-001584 SAFETY VALVES, CS, F/E, IBR 20 NB CLASS-150 10.54 KGS | IM-001590 SAFETY VALVES, CS, F/E, IBR 20 NB T/H-10.54 KGS | IM-001585 SAFETY VALVES, CS, F/E, IBR 25 NB X 25 NB"
SV / 3199,"BUTTERFLY VALVE , CI , S/E , 4""",0,,,,none,,,,sheet has no unit,,
SV / 3200,"SAFETY VALVES , CS , F/E  , IBR - 25 NB X 50 NB - 14/15 KGS",0,,,,suggest,,,,sheet has no unit,Similar catalog names,"IM-001590 SAFETY VALVES, CS, F/E, IBR 20 NB T/H-10.54 KGS | IM-001584 SAFETY VALVES, CS, F/E, IBR 20 NB CLASS-150 10.54 KGS | IM-001585 SAFETY VALVES, CS, F/E, IBR 25 NB X 25 NB"
SV / 3201,"SAFETY VALVES , CS , F/E , IBR - 40 NB - 14/15 KGS",0,,,,suggest,,,,sheet has no unit,Similar catalog names,"IM-001590 SAFETY VALVES, CS, F/E, IBR 20 NB T/H-10.54 KGS | IM-001584 SAFETY VALVES, CS, F/E, IBR 20 NB CLASS-150 10.54 KGS | IM-001585 SAFETY VALVES, CS, F/E, IBR 25 NB X 25 NB"
SV / 3202,"SAFETY VALVES , CS , F/E , IBR - 50 NB - 14/15 KGS",0,,,,suggest,,,,sheet has no unit,Similar catalog names,"IM-001590 SAFETY VALVES, CS, F/E, IBR 20 NB T/H-10.54 KGS | IM-001584 SAFETY VALVES, CS, F/E, IBR 20 NB CLASS-150 10.54 KGS | IM-001585 SAFETY VALVES, CS, F/E, IBR 25 NB X 25 NB"
SV / 3203,"SAFETY VALVES , CS , F/E , IBR - 65 NB - 14/15 KGS",0,,,,suggest,,,,sheet has no unit,Similar catalog names,"IM-001590 SAFETY VALVES, CS, F/E, IBR 20 NB T/H-10.54 KGS | IM-001584 SAFETY VALVES, CS, F/E, IBR 20 NB CLASS-150 10.54 KGS | IM-001585 SAFETY VALVES, CS, F/E, IBR 25 NB X 25 NB"
SV / 3204,"SAFETY VALVES , CS , F/E , IBR - 80 NB - 14/15 KGS",0,,,,suggest,,,,sheet has no unit,Similar catalog names,"IM-001590 SAFETY VALVES, CS, F/E, IBR 20 NB T/H-10.54 KGS | IM-001584 SAFETY VALVES, CS, F/E, IBR 20 NB CLASS-150 10.54 KGS | IM-001585 SAFETY VALVES, CS, F/E, IBR 25 NB X 25 NB"
SV / 3205,"SAFETY VALVES , CS , F/E , IBR - 100 NB - 14/15 KGS",0,,,,suggest,,,,sheet has no unit,Similar catalog names,"IM-002406 SAFETY VALVES, CS, F/E, IBR 80 NB X 100 NB | IM-001590 SAFETY VALVES, CS, F/E, IBR 20 NB T/H-10.54 KGS | IM-001584 SAFETY VALVES, CS, F/E, IBR 20 NB CLASS-150 10.54 KGS"
SV / 3206,"SAFETY VALVES , CS , F/E , IBR - 125 NB - 14/15 KGS",0,,,,suggest,,,,sheet has no unit,Similar catalog names,"IM-001590 SAFETY VALVES, CS, F/E, IBR 20 NB T/H-10.54 KGS | IM-001584 SAFETY VALVES, CS, F/E, IBR 20 NB CLASS-150 10.54 KGS | IM-001585 SAFETY VALVES, CS, F/E, IBR 25 NB X 25 NB"
SV / 3207,"SAFETY VALVES , CS , F/E , IBR - 150 NB - 14/15 KGS",0,,,,suggest,,,,sheet has no unit,Similar catalog names,"IM-001584 SAFETY VALVES, CS, F/E, IBR 20 NB CLASS-150 10.54 KGS | IM-001590 SAFETY VALVES, CS, F/E, IBR 20 NB T/H-10.54 KGS | IM-001585 SAFETY VALVES, CS, F/E, IBR 25 NB X 25 NB"
SV / 3208,,0,,,,none,,,,sheet has no unit,,
SV / 3209,,0,,,,none,,,,sheet has no unit,,
SV / 3215,"SAFETY VALVES , CS, F/E ,  IBR - 25 NB - T/H- 17 / 19 KGS",4,,,13500,decided,IM-001585,"SAFETY VALVES, CS, F/E, IBR 25 NB X 25 NB",Nos,sheet has no unit,checked by hand,
SV / 3216,"SAFETY VALVES , CS, F/E , IBR - 40 NB - T/H - 17.5 / 19 KGS",0,,,,suggest,,,,sheet has no unit,Similar catalog names,"IM-001590 SAFETY VALVES, CS, F/E, IBR 20 NB T/H-10.54 KGS | IM-001584 SAFETY VALVES, CS, F/E, IBR 20 NB CLASS-150 10.54 KGS | IM-001585 SAFETY VALVES, CS, F/E, IBR 25 NB X 25 NB"
SV / 3217,"SAFETY VALVES , CS, F/E , IBR - 50 NB - T/H - 17 / 19 KGS",0,,,,suggest,,,,sheet has no unit,Similar catalog names,"IM-001590 SAFETY VALVES, CS, F/E, IBR 20 NB T/H-10.54 KGS | IM-001584 SAFETY VALVES, CS, F/E, IBR 20 NB CLASS-150 10.54 KGS | IM-001585 SAFETY VALVES, CS, F/E, IBR 25 NB X 25 NB"
SV / 3218,"SAFETY VALVES , CS, F/E , IBR - 65 NB - T/H - 17 / 19 KGS",0,,,,suggest,,,,sheet has no unit,Similar catalog names,"IM-001590 SAFETY VALVES, CS, F/E, IBR 20 NB T/H-10.54 KGS | IM-001584 SAFETY VALVES, CS, F/E, IBR 20 NB CLASS-150 10.54 KGS | IM-001585 SAFETY VALVES, CS, F/E, IBR 25 NB X 25 NB"
SV / 3219,"SAFETY VALVES , CS, F/E , IBR - 80 NB - T/H - 17 / 19 KGS",0,,,,suggest,,,,sheet has no unit,Similar catalog names,"IM-001590 SAFETY VALVES, CS, F/E, IBR 20 NB T/H-10.54 KGS | IM-001584 SAFETY VALVES, CS, F/E, IBR 20 NB CLASS-150 10.54 KGS | IM-001585 SAFETY VALVES, CS, F/E, IBR 25 NB X 25 NB"
SV / 3220,"SAFETY VALVES , CS, F/E , IBR - 100 NB - T/H - 17 / 19 KGS",0,,,,suggest,,,,sheet has no unit,Similar catalog names,"IM-002406 SAFETY VALVES, CS, F/E, IBR 80 NB X 100 NB | IM-001590 SAFETY VALVES, CS, F/E, IBR 20 NB T/H-10.54 KGS | IM-001584 SAFETY VALVES, CS, F/E, IBR 20 NB CLASS-150 10.54 KGS"
SV / 3221,"SAFETY VALVES , CS, F/E , IBR - 125 NB - T/H - 17 / 19 KGS",0,,,,suggest,,,,sheet has no unit,Similar catalog names,"IM-001590 SAFETY VALVES, CS, F/E, IBR 20 NB T/H-10.54 KGS | IM-001584 SAFETY VALVES, CS, F/E, IBR 20 NB CLASS-150 10.54 KGS | IM-001585 SAFETY VALVES, CS, F/E, IBR 25 NB X 25 NB"
SV / 3222,"SAFETY VALVES , CS, F/E , IBR - 150 NB - T/H - 17 / 19 KGS",0,,,,suggest,,,,sheet has no unit,Similar catalog names,"IM-001584 SAFETY VALVES, CS, F/E, IBR 20 NB CLASS-150 10.54 KGS | IM-001590 SAFETY VALVES, CS, F/E, IBR 20 NB T/H-10.54 KGS | IM-001585 SAFETY VALVES, CS, F/E, IBR 25 NB X 25 NB"
SV / 3223,"SAFETY VALVES , CS, F/E , IBR - 200 NB - T/H - 17 / 19 KGS",0,,,,suggest,,,,sheet has no unit,Similar catalog names,"IM-001590 SAFETY VALVES, CS, F/E, IBR 20 NB T/H-10.54 KGS | IM-001584 SAFETY VALVES, CS, F/E, IBR 20 NB CLASS-150 10.54 KGS | IM-001585 SAFETY VALVES, CS, F/E, IBR 25 NB X 25 NB"
SV / 3230,"SAFETY VALVE, BRONZE , S/E , NON-IBR / IBR - 15 NB",0,,,,suggest,,,,sheet has no unit,Similar catalog names,"IM-001630 SAFETY VALVE, BRONZE, S/E, NON-IBR 15 NB | IM-001631 SAFETY VALVE, BRONZE, S/E, NON-IBR 20 NB | IM-001632 SAFETY VALVE, BRONZE, S/E, NON-IBR 25 NB | IM-001633 SAFETY VALVE, BRONZE, S/E, NON-IBR 25 NB"
SV / 3231,"SAFETY VALVE, BRONZE , S/E , NON-IBR / IBR - 20 NB",0,,,,suggest,,,,sheet has no unit,Similar catalog names,"IM-001630 SAFETY VALVE, BRONZE, S/E, NON-IBR 15 NB | IM-001631 SAFETY VALVE, BRONZE, S/E, NON-IBR 20 NB | IM-001632 SAFETY VALVE, BRONZE, S/E, NON-IBR 25 NB | IM-001633 SAFETY VALVE, BRONZE, S/E, NON-IBR 25 NB"
SV / 3232,"SAFETY VALVE, BRONZE , S/E , NON-IBR / IBR- 25 NB",0,,,,suggest,,,,sheet has no unit,Similar catalog names,"IM-001630 SAFETY VALVE, BRONZE, S/E, NON-IBR 15 NB | IM-001631 SAFETY VALVE, BRONZE, S/E, NON-IBR 20 NB | IM-001632 SAFETY VALVE, BRONZE, S/E, NON-IBR 25 NB | IM-001633 SAFETY VALVE, BRONZE, S/E, NON-IBR 25 NB"
MS / 3233,"MOISTURE  SEPRATOR , CI , F/E , IBR - 25 NB",0,,,,none,,,,sheet has no unit,,
WLG / 3240,"WATER LEVEL GAUGE , BRONZE , F/E , IBR - 20 MM",0,,,,name,IM-001649,"WATER LEVEL GAUGE, BRONZE, F/E, IBR 20 MM",Nos,sheet has no unit,same name,
WLG / 3241,"WATER LEVEL GAUGE , CAST STEEL , F/E , IBR - 20 MM-400 CC",16,,,7529.81,decided,IM-001650,"WATER LEVEL GAUGE, CAST STEEL, F/E, IBR 20 MM",Nos,sheet has no unit,checked by hand,
WLG / 3242,"WATER LEVEL GAUGE ,  STEEL , F/E , IBR - 20 MM",8,,,7850,decided,IM-003088,"WATER LEVEL GAUGE, STEEL, F/E, IBR 20 MM",Nos,sheet has no unit,checked by hand,
WLG / 3243,"WATER LEVEL GAUGE , REFLEX TYPE , F/E , IBR - 20 MM",0,,,9500,suggest,,,,sheet has no unit,Similar catalog names,"IM-001651 WATER LEVEL GAUGE REFLEX TYPE, F/E, IBR, CC 250 X 20MM | IM-001652 WATER LEVEL GAUGE REFLEX TYPE, F/E, IBR, CC 300 X 20MM | IM-001653 WATER LEVEL GAUGE REFLEX TYPE, F/E, IBR, CC 350 X 20MM | IM-001654 WATER LEVEL GAUGE REFLEX TYPE, F/E, IBR, CC 400 X 20MM"
WLG / 3244,"WATER LEVEL GAUGE , TRANSPARANT  , F/E , IBR - 20 MM",26,,,7700,decided,IM-001658,"WATER LEVEL GAUGE TRANSPARRANT F/E, IBR, CC 400 X 20MM",Nos,sheet has no unit,checked by hand,
WLG / 3245,"WATER LEVEL GAUGE , SS , F/E , NON - IBR - 15 MM",0,,,,name,IM-001642,"WATER LEVEL GAUGE, SS, F/E, NON IBR 15 MM",Nos,sheet has no unit,same name,
WLG / 3246,"WATER LEVEL GAUGE , SS , F/E , NON - IBR - 20 MM",0,,,,name,IM-001643,"WATER LEVEL GAUGE, SS, F/E, NON IBR 20 MM",Nos,sheet has no unit,same name,
WLG / 3247,"WATER LEVEL GAUGE , SS , F/E , NON - IBR - 25 MM",0,,,,name,IM-001644,"WATER LEVEL GAUGE, SS, F/E, NON IBR 25 MM",Nos,sheet has no unit,same name,
WLG / 3248,"WATER LEVEL GAUGE , SS , S/E , NON - IBR - 15 MM",0,,,,name,IM-001646,"WATER LEVEL GAUGE, SS, S/E, NON IBR 15 MM",Nos,sheet has no unit,same name,
WLG / 3249,"WATER LEVEL GAUGE , SS , S/E , NON - IBR - 20 MM",0,,,,name,IM-001647,"WATER LEVEL GAUGE, SS, S/E, NON IBR 20 MM",Nos,sheet has no unit,same name,
WLG / 3250,"WATER LEVEL GAUGE , SS , S/E , NON - IBR - 25 MM",0,,,,name,IM-001648,"WATER LEVEL GAUGE, SS, S/E, NON IBR 25 MM",Nos,sheet has no unit,same name,
WLG / 3251,"WATER LEVEL GAUGE , BRONZE , S/E , NON - IBR - 15 MM",0,,,,none,,,,sheet has no unit,,
WLG / 3252,"WATER LEVEL GAUGE , BRONZE , S/E , NON - IBR - 20 MM",0,,,,none,,,,sheet has no unit,,
WLG / 3253,"WATER LEVEL GAUGE , BRONZE , S/E , NON - IBR - 25 MM",0,,,,none,,,,sheet has no unit,,
WLG / 3254,"LEVEL GAUGE , FLOAT & BOARD TANK  GAUGE ,  NON-IBR  CC-400MM",0,,,,suggest,,,,sheet has no unit,Similar catalog names,"IM-001660 LEVEL GAUGE, FLOAT & BOARD TANK GAUGE, NON-IBR | IM-001642 WATER LEVEL GAUGE, SS, F/E, NON IBR 15 MM | IM-001643 WATER LEVEL GAUGE, SS, F/E, NON IBR 20 MM | IM-001644 WATER LEVEL GAUGE, SS, F/E, NON IBR 25 MM"
WLG / 3255,"RUBBER CONES 1/2""",0,,,,suggest,,,,sheet has no unit,Similar catalog names,"IM-002268 RUBBER CONES, BLACK 1/2"" | IM-002402 RUBBER CONES, BLACK 3/4"" | IM-002401 RUBBER CONES, SILICON (RED) 1/2"" | IM-002403 RUBBER CONES, SILICON (RED) 3/4"""
WLG / 3256,"RUBBER CONES 3/4""",0,,,,suggest,,,,sheet has no unit,Similar catalog names,"IM-002268 RUBBER CONES, BLACK 1/2"" | IM-002402 RUBBER CONES, BLACK 3/4"" | IM-002401 RUBBER CONES, SILICON (RED) 1/2"" | IM-002403 RUBBER CONES, SILICON (RED) 3/4"""
WLG / 3257,"GLASS TUBES 1/2""",0,,,,suggest,,,,sheet has no unit,Similar catalog names,"IM-001118 GLASS TUBES 1/2"" X 12"" | IM-001119 GLASS TUBES 1/2"" X 14"" | IM-001120 GLASS TUBES 1/2"" X 16"" | IM-001121 GLASS TUBES 1/2"" X 18"""
WLG / 3258,"GLASS TUBES 3/4""",0,,,,suggest,,,,sheet has no unit,Similar catalog names,"IM-001118 GLASS TUBES 1/2"" X 12"" | IM-001119 GLASS TUBES 1/2"" X 14"" | IM-001120 GLASS TUBES 1/2"" X 16"" | IM-001121 GLASS TUBES 1/2"" X 18"""
WLG / 3259,"WATER LEVEL GAUGE , REFLEX TYPE , F/E , IBR - 25 MM - 300CC",0,,,,suggest,,,,sheet has no unit,Similar catalog names,"IM-001651 WATER LEVEL GAUGE REFLEX TYPE, F/E, IBR, CC 250 X 20MM | IM-001652 WATER LEVEL GAUGE REFLEX TYPE, F/E, IBR, CC 300 X 20MM | IM-001653 WATER LEVEL GAUGE REFLEX TYPE, F/E, IBR, CC 350 X 20MM | IM-001654 WATER LEVEL GAUGE REFLEX TYPE, F/E, IBR, CC 400 X 20MM"
BDV / 3260,"BLOW DOWN VALVE, CS, F/E , IBR  15NB",0,,,,suggest,,,,sheet has no unit,Similar catalog names,"IM-001664 BLOW DOWN VALVE, CS, F/E,T/H IBR 25NB | IM-001665 BLOW DOWN VALVE, CS, F/E,T/H IBR 32NB | IM-001666 BLOW DOWN VALVE, CS, F/E,T/H IBR 40NB | IM-001667 BLOW DOWN VALVE, CS, F/E,T/H IBR 50NB"
BDV / 3261,"BLOW DOWN VALVE, CS, F/E , IBR  20NB",0,,,,suggest,,,,sheet has no unit,Similar catalog names,"IM-001664 BLOW DOWN VALVE, CS, F/E,T/H IBR 25NB | IM-001665 BLOW DOWN VALVE, CS, F/E,T/H IBR 32NB | IM-001666 BLOW DOWN VALVE, CS, F/E,T/H IBR 40NB | IM-001667 BLOW DOWN VALVE, CS, F/E,T/H IBR 50NB"
BDV / 3262,"BLOW DOWN VALVE, CS, F/E , IBR  25NB",44,,,7839.3,decided,IM-001664,"BLOW DOWN VALVE, CS, F/E,T/H IBR 25NB",Nos,sheet has no unit,checked by hand,
BDV / 3263,"BLOW DOWN VALVE, CS, F/E , IBR  40NB",27,,,13706,decided,IM-001666,"BLOW DOWN VALVE, CS, F/E,T/H IBR 40NB",Nos,sheet has no unit,checked by hand,
BDV / 3264,"BLOW DOWN VALVE, CS, F/E , IBR  50NB",0,,,,suggest,,,,sheet has no unit,Similar catalog names,"IM-001667 BLOW DOWN VALVE, CS, F/E,T/H IBR 50NB | IM-001672 BLOW DOWN VALVE, CS, F/E,CLASS 300 IBR 50NB | IM-001664 BLOW DOWN VALVE, CS, F/E,T/H IBR 25NB | IM-001665 BLOW DOWN VALVE, CS, F/E,T/H IBR 32NB"
BDV / 3265,"BLOW DOWN VALVE, CS, F/E , IBR  65NB",0,,,,suggest,,,,sheet has no unit,Similar catalog names,"IM-001668 BLOW DOWN VALVE, CS, F/E,T/H IBR 65NB | IM-001673 BLOW DOWN VALVE, CS, F/E,CLASS 300 IBR 65NB | IM-001664 BLOW DOWN VALVE, CS, F/E,T/H IBR 25NB | IM-001665 BLOW DOWN VALVE, CS, F/E,T/H IBR 32NB"
FP / 3270,"FUSIBLE PLUG, BRONZE, S/P , IBR - 15 MM",0,,,,name,IM-001674,"FUSIBLE PLUG, BRONZE, S/P, IBR 15 MM",Nos,sheet has no unit,same name,
FP / 3271,"FUSIBLE PLUG, BRONZE, S/P , IBR - 20 MM",0,,,,name,IM-001675,"FUSIBLE PLUG, BRONZE, S/P, IBR 20 MM",Nos,sheet has no unit,same name,
FP / 3272,"FUSIBLE PLUG, BRONZE, S/P , IBR - 25 MM",12,,,1257.65,name,IM-001676,"FUSIBLE PLUG, BRONZE, S/P, IBR 25 MM",Nos,sheet has no unit,same name,
FP / 3273,"FUSIBLE PLUG, BRONZE, D/P , IBR - 15 MM",0,,,,name,IM-001677,"FUSIBLE PLUG, BRONZE, D/P, IBR 15 MM",Nos,sheet has no unit,same name,
FP / 3274,"FUSIBLE PLUG, BRONZE, D/P , IBR - 20 MM",0,,,,name,IM-001678,"FUSIBLE PLUG, BRONZE, D/P, IBR 20 MM",Nos,sheet has no unit,same name,
FP / 3275,"FUSIBLE PLUG, BRONZE, D/P , IBR - 25 MM",0,,,,name,IM-001679,"FUSIBLE PLUG, BRONZE, D/P, IBR 25 MM",Nos,sheet has no unit,same name,
FP / 3276,"FUSIBLE PLUG, BRONZE, S/P , NON - IBR - 15 MM",0,,,,name,IM-001680,"FUSIBLE PLUG, BRONZE, S/P, NON IBR 15 MM",Nos,sheet has no unit,same name,
FP / 3277,"FUSIBLE PLUG, BRONZE, S/P , NON - IBR - 20 MM",0,,,,name,IM-001681,"FUSIBLE PLUG, BRONZE, S/P, NON IBR 20 MM",Nos,sheet has no unit,same name,
FP / 3278,"FUSIBLE PLUG, BRONZE, S/P , NON - IBR - 25 MM",0,,,,name,IM-001682,"FUSIBLE PLUG, BRONZE, S/P, NON IBR 25 MM",Nos,sheet has no unit,same name,
WLC / 3290,"MOBRAY CONTROLLER , IBR , 10.54 KGS - CC 200",0,,,,suggest,,,,sheet has no unit,Similar catalog names,"IM-001319 MOBRAY CONTROLLER, IBR, 21.50 KGS CC 350 | IM-001683 MOBRAY CONTROLLER, IBR, 10.54 KGS CC 215 | IM-001684 MOBRAY CONTROLLER, IBR, 10.54 KGS CC 250 | IM-001685 MOBRAY CONTROLLER, IBR, 10.54 KGS CC 300"
WLC / 3291,"MOBRAY CONTROLLER , IBR , 10.54 KGS - CC 300",0,,,,name,IM-001685,"MOBRAY CONTROLLER, IBR, 10.54 KGS CC 300",Nos,sheet has no unit,same name,
WLC / 3292,"MOBRAY CONTROLLER , IBR , 10.54 KGS - CC 400",0,,,14800,name,IM-001687,"MOBRAY CONTROLLER, IBR, 10.54 KGS CC 400",Nos,sheet has no unit,same name,
WLC / 3293,"MOBRAY CONTROLLER , IBR , 17.50 KGS - CC 300",9,,,9661.11,name,IM-001689,"MOBRAY CONTROLLER, IBR, 17.50 KGS CC 300",Nos,sheet has no unit,same name,
WLC / 3294,"MOBRAY CONTROLLER , IBR , 17.50 KGS - CC 400",5,,,10066.67,name,IM-001691,"MOBRAY CONTROLLER, IBR, 17.50 KGS CC 400",Nos,sheet has no unit,same name,
WLC / 3295,"MOBRAY CONTROLLER , IBR , 17.50 KGS - CC 450",0,,,,name,IM-001692,"MOBRAY CONTROLLER, IBR, 17.50 KGS CC 450",Nos,sheet has no unit,same name,
WLC / 3296,"MOBRAY CONTROLLER , IBR , 21.50 KGS - CC 300",0,,,,name,IM-001693,"MOBRAY CONTROLLER, IBR, 21.50 KGS CC 300",Nos,sheet has no unit,same name,
WLC / 3297,"MOBRAY CONTROLLER , IBR , 21.50 KGS - CC 400",0,,,,name,IM-001694,"MOBRAY CONTROLLER, IBR, 21.50 KGS CC 400",Nos,sheet has no unit,same name,
WLC / 3298,"MOBRAY CONTROLLER , IBR , 21.50 KGS - CC 450",0,,,,name,IM-001695,"MOBRAY CONTROLLER, IBR, 21.50 KGS CC 450",Nos,sheet has no unit,same name,
WLC / 3299,"MOBRAY CONTROLLER , NON-IBR , 10.54 KGS - CC 200 / 250",0,,,,suggest,,,,sheet has no unit,Similar catalog names,"IM-001697 MOBRAY CONTROLLER, NON-IBR, 10.54 KGS CC 250 | IM-001684 MOBRAY CONTROLLER, IBR, 10.54 KGS CC 250 | IM-001696 MOBRAY CONTROLLER, NON-IBR, 10.54 KGS CC 216 | IM-001698 MOBRAY CONTROLLER, NON-IBR, 10.54 KGS CC 300"
WLC / 3300,"MOBRAY CONTROLLER , NON-IBR , 10.54 KGS - CC 300",0,,,,name,IM-001698,"MOBRAY CONTROLLER, NON-IBR, 10.54 KGS CC 300",Nos,sheet has no unit,same name,
WLC / 3301,"MOBRAY CONTROLLER ,TOP MOUNTED  NON-IBR , 10.54 KGS",0,,,,name,IM-001703,"MOBRAY CONTROLLER ,TOP MOUNTED NON-IBR, 10.54 KGS",Nos,sheet has no unit,same name,
WLC / 3302,"LEVEL SWITCH // CONTROLLER , SIDE MOUNTED , NON-IBR , 80 MM",2,,,5620,decided,IM-001704,"LEVEL SWITCH, SIDE MOUNTED, NON-IBR, 80 MM",Nos,sheet has no unit,checked by hand,
WLC / 3303,MOBRAY SWITCH,0,,,,name,IM-001705,MOBRAY SWITCH,Nos,sheet has no unit,same name,
WLC / 3304,MOBRAY SS FLOAT,0,,,,name,IM-001706,MOBRAY SS FLOAT,Nos,sheet has no unit,same name,
WLC / 3305,MOBRAY ROD,0,,,,none,,,,sheet has no unit,,
WLC / 3306,ELECTRONIC WATER CONTROL PCB,0,,,,suggest,,,,sheet has no unit,Similar catalog names,IM-001709 ELECTRONIC WATER CONTROL PCB RK
WLC / 3307,"MOBRAY CONTROLLER , IBR , 10.54 KGS - CC 250",0,,,,name,IM-001684,"MOBRAY CONTROLLER, IBR, 10.54 KGS CC 250",Nos,sheet has no unit,same name,
WLC / 3308,"MOBRAY CONTROLLER , IBR , 10.54 KGS - CC 350",0,,,,name,IM-001686,"MOBRAY CONTROLLER, IBR, 10.54 KGS CC 350",Nos,sheet has no unit,same name,
WLC / 3309,"MOBRAY CONTROLLER , IBR , 17.58 KGS - CC 250",0,,,,suggest,,,,sheet has no unit,Similar catalog names,"IM-001684 MOBRAY CONTROLLER, IBR, 10.54 KGS CC 250 | IM-001697 MOBRAY CONTROLLER, NON-IBR, 10.54 KGS CC 250 | IM-001319 MOBRAY CONTROLLER, IBR, 21.50 KGS CC 350 | IM-001683 MOBRAY CONTROLLER, IBR, 10.54 KGS CC 215"
PRV / 3350,"PRESSURE REGULATING VALVE, CS, S/E , NON-IBR - 15 MM",0,,,,name,IM-001711,"PRESSURE REGULATING VALVE, CS, S/E, NON-IBR 15 MM",Nos,sheet has no unit,same name,
PRV / 3351,"PRESSURE REGULATING VALVE, CS, S/E , NON-IBR - 20 MM",0,,,,name,IM-001712,"PRESSURE REGULATING VALVE, CS, S/E, NON-IBR 20 MM",Nos,sheet has no unit,same name,
PRV / 3352,"PRESSURE REGULATING VALVE, CS, S/E , NON-IBR - 25 MM",0,,,,name,IM-001713,"PRESSURE REGULATING VALVE, CS, S/E, NON-IBR 25 MM",Nos,sheet has no unit,same name,
PRV / 3353,"PRESSURE REGULATING VALVE, CS, S/E , NON-IBR - 40 MM",0,,,,name,IM-001714,"PRESSURE REGULATING VALVE, CS, S/E, NON-IBR 40 MM",Nos,sheet has no unit,same name,
PRV / 3354,"PRESSURE REGULATING VALVE, CS, F/E , IBR - 15 MM",0,,,,suggest,,,,sheet has no unit,Similar catalog names,"IM-003072 PRESSURE REGULATING VALVE, CS, F/E, IBR 40 MM | IM-003073 PRESSURE REGULATING VALVE, CS, F/E, IBR 50 MM | IM-001711 PRESSURE REGULATING VALVE, CS, S/E, NON-IBR 15 MM | IM-001712 PRESSURE REGULATING VALVE, CS, S/E, NON-IBR 20 MM"
PRV / 3355,"PRESSURE REGULATING VALVE, CS, F/E , IBR - 25 MM",0,,,,suggest,,,,sheet has no unit,Similar catalog names,"IM-003072 PRESSURE REGULATING VALVE, CS, F/E, IBR 40 MM | IM-003073 PRESSURE REGULATING VALVE, CS, F/E, IBR 50 MM | IM-001711 PRESSURE REGULATING VALVE, CS, S/E, NON-IBR 15 MM | IM-001712 PRESSURE REGULATING VALVE, CS, S/E, NON-IBR 20 MM"
PRV / 3356,"PRESSURE REGULATING VALVE, CS, F/E , IBR - 40 MM",2,,,94166.5,decided,IM-003072,"PRESSURE REGULATING VALVE, CS, F/E, IBR 40 MM",Nos,sheet has no unit,checked by hand,
PRV / 3357,"PRESSURE REGULATING VALVE, CS, F/E , IBR - 50 MM",1,,,50000,decided,IM-003073,"PRESSURE REGULATING VALVE, CS, F/E, IBR 50 MM",Nos,sheet has no unit,checked by hand,
PRV / 3358,"PRESSURE REGULATING VALVE, CS, F/E , IBR - 65 MM",0,,,,suggest,,,,sheet has no unit,Similar catalog names,"IM-003072 PRESSURE REGULATING VALVE, CS, F/E, IBR 40 MM | IM-003073 PRESSURE REGULATING VALVE, CS, F/E, IBR 50 MM | IM-001711 PRESSURE REGULATING VALVE, CS, S/E, NON-IBR 15 MM | IM-001712 PRESSURE REGULATING VALVE, CS, S/E, NON-IBR 20 MM"
PRV / 3359,,0,,,,none,,,,sheet has no unit,,
PRV / 3360,"PRESSURE REGULATING VALVE, CS, F/E , IBR - 100 MM",0,,,,suggest,,,,sheet has no unit,Similar catalog names,"IM-003072 PRESSURE REGULATING VALVE, CS, F/E, IBR 40 MM | IM-003073 PRESSURE REGULATING VALVE, CS, F/E, IBR 50 MM | IM-001711 PRESSURE REGULATING VALVE, CS, S/E, NON-IBR 15 MM | IM-001712 PRESSURE REGULATING VALVE, CS, S/E, NON-IBR 20 MM"
PRV / 3361,,0,,,,none,,,,sheet has no unit,,
PRV / 3362,,0,,,,none,,,,sheet has no unit,,
NRV / 3400,"NRV, HORIZONTAL , CI, F/E , IBR - 15 MM",0,,,,name,IM-001359,"NRV, HORIZONTAL, CI, F/E, IBR 15 MM",Nos,sheet has no unit,same name,
NRV / 3401,"NRV, HORIZONTAL , CI, F/E , IBR - 20 MM",0,,,,name,IM-001360,"NRV, HORIZONTAL, CI, F/E, IBR 20 MM",Nos,sheet has no unit,same name,
NRV / 3402,"NRV, HORIZONTAL , CI, F/E , IBR - 25 MM",3,,,2418,name,IM-001361,"NRV, HORIZONTAL, CI, F/E, IBR 25 MM",Nos,sheet has no unit,same name,
NRV / 3403,"NRV, HORIZONTAL , CI, F/E , IBR - 40 MM",0,,,,name,IM-001362,"NRV, HORIZONTAL, CI, F/E, IBR 40 MM",Nos,sheet has no unit,same name,
NRV / 3404,"NRV, HORIZONTAL , CI, F/E , IBR - 50 MM",0,,,,name,IM-001363,"NRV, HORIZONTAL, CI, F/E, IBR 50 MM",Nos,sheet has no unit,same name,
NRV / 3405,"NRV, HORIZONTAL , CI, F/E , IBR - 65 MM",0,,,,name,IM-001364,"NRV, HORIZONTAL, CI, F/E, IBR 65 MM",Nos,sheet has no unit,same name,
NRV / 3406,"NRV, HORIZONTAL , CI, F/E , IBR - 80 MM",0,,,,name,IM-001365,"NRV, HORIZONTAL, CI, F/E, IBR 80 MM",Nos,sheet has no unit,same name,
NRV / 3407,"NRV, HORIZONTAL , CI, F/E , IBR - 100 MM",0,,,,name,IM-001366,"NRV, HORIZONTAL, CI, F/E, IBR 100 MM",Nos,sheet has no unit,same name,
NRV / 3408,"NRV, HORIZONTAL , CI, F/E , IBR - 125 MM",0,,,,name,IM-001367,"NRV, HORIZONTAL, CI, F/E, IBR 125 MM",Nos,sheet has no unit,same name,
NRV / 3409,"NRV, HORIZONTAL , CI, F/E , IBR - 150 MM",0,,,,name,IM-001368,"NRV, HORIZONTAL, CI, F/E, IBR 150 MM",Nos,sheet has no unit,same name,
NRV / 3410,"NRV, HORIZONTAL , CI, F/E , IBR - 200 MM",0,,,,name,IM-001369,"NRV, HORIZONTAL, CI, F/E, IBR 200 MM",Nos,sheet has no unit,same name,
NRV / 3411,"NRV, HORIZONTAL , CS, F/E , IBR - 15 MM",0,,,,name,IM-001370,"NRV, HORIZONTAL, CS, F/E, IBR 15 MM",Nos,sheet has no unit,same name,
NRV / 3412,"NRV, HORIZONTAL , CS, F/E , IBR - 25 MM",0,,,,name,IM-001371,"NRV, HORIZONTAL, CS, F/E, IBR 25 MM",Nos,sheet has no unit,same name,
NRV / 3413,"NRV, HORIZONTAL , CS, F/E , IBR - 40 MM",0,,,,name,IM-001372,"NRV, HORIZONTAL, CS, F/E, IBR 40 MM",Nos,sheet has no unit,same name,
NRV / 3414,"NRV, HORIZONTAL , CS, F/E , IBR - 50 MM",0,,,,name,IM-001373,"NRV, HORIZONTAL, CS, F/E, IBR 50 MM",Nos,sheet has no unit,same name,
NRV / 3415,"NRV, HORIZONTAL , CS, F/E , IBR - 65 MM",0,,,,name,IM-001374,"NRV, HORIZONTAL, CS, F/E, IBR 65 MM",Nos,sheet has no unit,same name,
NRV / 3416,"NRV, HORIZONTAL , CS, F/E , IBR - 80 MM",0,,,,name,IM-001375,"NRV, HORIZONTAL, CS, F/E, IBR 80 MM",Nos,sheet has no unit,same name,
NRV / 3417,"NRV, HORIZONTAL , CS, F/E , IBR - 100 MM",0,,,,name,IM-001376,"NRV, HORIZONTAL, CS, F/E, IBR 100 MM",Nos,sheet has no unit,same name,
NRV / 3418,"NRV, HORIZONTAL , CS, F/E , IBR - 125 MM",0,,,,name,IM-001377,"NRV, HORIZONTAL, CS, F/E, IBR 125 MM",Nos,sheet has no unit,same name,
NRV / 3419,"NRV, HORIZONTAL , CS, F/E , IBR - 150 MM",0,,,,name,IM-001378,"NRV, HORIZONTAL, CS, F/E, IBR 150 MM",Nos,sheet has no unit,same name,
NRV / 3420,"NRV, HORIZONTAL , CS, F/E , IBR - 200 MM",0,,,,name,IM-001379,"NRV, HORIZONTAL, CS, F/E, IBR 200 MM",Nos,sheet has no unit,same name,
NRV / 3421,"NRV, HORIZONTAL , CS, F/E , NON-IBR , THERMIC - 25 MM",0,,,,suggest,,,,sheet has no unit,Similar catalog names,"IM-001411 NRV, HORIZONTAL, CS#150, F/E, NON-IBR, THERMIC 25MM | IM-001412 NRV, HORIZONTAL, CS#150, F/E, NON-IBR, THERMIC 32MM | IM-001413 NRV, HORIZONTAL, CS#150, F/E, NON-IBR, THERMIC 40MM | IM-001414 NRV, HORIZONTAL, CS#150, F/E, NON-IBR, THERMIC 50MM"
NRV / 3422,"NRV, HORIZONTAL , CS, F/E , NON-IBR , THERMIC - 40 MM",0,,,,suggest,,,,sheet has no unit,Similar catalog names,"IM-001411 NRV, HORIZONTAL, CS#150, F/E, NON-IBR, THERMIC 25MM | IM-001412 NRV, HORIZONTAL, CS#150, F/E, NON-IBR, THERMIC 32MM | IM-001413 NRV, HORIZONTAL, CS#150, F/E, NON-IBR, THERMIC 40MM | IM-001414 NRV, HORIZONTAL, CS#150, F/E, NON-IBR, THERMIC 50MM"
NRV / 3423,"NRV, HORIZONTAL , CS, F/E , NON-IBR , THERMIC - 50 MM",0,,,,suggest,,,,sheet has no unit,Similar catalog names,"IM-001411 NRV, HORIZONTAL, CS#150, F/E, NON-IBR, THERMIC 25MM | IM-001412 NRV, HORIZONTAL, CS#150, F/E, NON-IBR, THERMIC 32MM | IM-001413 NRV, HORIZONTAL, CS#150, F/E, NON-IBR, THERMIC 40MM | IM-001414 NRV, HORIZONTAL, CS#150, F/E, NON-IBR, THERMIC 50MM"
NRV / 3424,"NRV, HORIZONTAL , CS, F/E , NON-IBR , THERMIC - 65 MM",0,,,,suggest,,,,sheet has no unit,Similar catalog names,"IM-001411 NRV, HORIZONTAL, CS#150, F/E, NON-IBR, THERMIC 25MM | IM-001412 NRV, HORIZONTAL, CS#150, F/E, NON-IBR, THERMIC 32MM | IM-001413 NRV, HORIZONTAL, CS#150, F/E, NON-IBR, THERMIC 40MM | IM-001414 NRV, HORIZONTAL, CS#150, F/E, NON-IBR, THERMIC 50MM"
NRV / 3425,"NRV, HORIZONTAL , CS, F/E , NON-IBR , THERMIC - 80 MM",0,,,,suggest,,,,sheet has no unit,Similar catalog names,"IM-001411 NRV, HORIZONTAL, CS#150, F/E, NON-IBR, THERMIC 25MM | IM-001412 NRV, HORIZONTAL, CS#150, F/E, NON-IBR, THERMIC 32MM | IM-001413 NRV, HORIZONTAL, CS#150, F/E, NON-IBR, THERMIC 40MM | IM-001414 NRV, HORIZONTAL, CS#150, F/E, NON-IBR, THERMIC 50MM"
NRV / 3426,"NRV, HORIZONTAL , CS, F/E , NON- IBR , THERMIC - 100 MM",0,,,,suggest,,,,sheet has no unit,Similar catalog names,"IM-001411 NRV, HORIZONTAL, CS#150, F/E, NON-IBR, THERMIC 25MM | IM-001412 NRV, HORIZONTAL, CS#150, F/E, NON-IBR, THERMIC 32MM | IM-001413 NRV, HORIZONTAL, CS#150, F/E, NON-IBR, THERMIC 40MM | IM-001414 NRV, HORIZONTAL, CS#150, F/E, NON-IBR, THERMIC 50MM"
NRV / 3427,"NRV, HORIZONTAL , CS, F/E , NON- IBR , THERMIC - 125 MM",0,,,,suggest,,,,sheet has no unit,Similar catalog names,"IM-001411 NRV, HORIZONTAL, CS#150, F/E, NON-IBR, THERMIC 25MM | IM-001412 NRV, HORIZONTAL, CS#150, F/E, NON-IBR, THERMIC 32MM | IM-001413 NRV, HORIZONTAL, CS#150, F/E, NON-IBR, THERMIC 40MM | IM-001414 NRV, HORIZONTAL, CS#150, F/E, NON-IBR, THERMIC 50MM"
NRV / 3428,"NRV, HORIZONTAL , FORGED, F/E , IBR - 15 NB",0,,,,name,IM-001380,"NRV, HORIZONTAL, FORGED, F/E, IBR 15 NB",Nos,sheet has no unit,same name,
NRV / 3429,"NRV, HORIZONTAL , FORGED, F/E , IBR - 25 MM",0,,,,name,IM-001381,"NRV, HORIZONTAL, FORGED, F/E, IBR 25 MM",Nos,sheet has no unit,"same name; Item Master has 2 rows with this name (IM-001381, IM-001382)",
NRV / 3430,"NRV, HORIZONTAL , FORGED, F/E , IBR - 25 MM",0,,,,name,IM-001381,"NRV, HORIZONTAL, FORGED, F/E, IBR 25 MM",Nos,sheet has no unit,"same name; Item Master has 2 rows with this name (IM-001381, IM-001382)",
NRV / 3431,"NRV, HORIZONTAL , FORGED, F/E , IBR - 40 MM",0,,,,name,IM-001383,"NRV, HORIZONTAL, FORGED, F/E, IBR 40 MM",Nos,sheet has no unit,same name,
NRV / 3432,"NRV, HORIZONTAL , FORGED, F/E , IBR - 50 MM",0,,,,name,IM-001384,"NRV, HORIZONTAL, FORGED, F/E, IBR 50 MM",Nos,sheet has no unit,same name,
NRV / 3433,"NRV, HORIZONTAL , FORGED, F/E , IBR - 65 MM",0,,,,name,IM-001385,"NRV, HORIZONTAL, FORGED, F/E, IBR 65 MM",Nos,sheet has no unit,same name,
NRV / 3434,"NRV, HORIZONTAL , FORGED, F/E , IBR - 80 MM",0,,,,name,IM-001386,"NRV, HORIZONTAL, FORGED, F/E, IBR 80 MM",Nos,sheet has no unit,same name,
NRV / 3435,"NRV, HORIZONTAL , FORGED, F/E , IBR - 100 MM",0,,,,name,IM-001387,"NRV, HORIZONTAL, FORGED, F/E, IBR 100 MM",Nos,sheet has no unit,same name,
NRV / 3436,"NRV, HORIZONTAL , FORGED, F/E , IBR - 125 MM",0,,,,name,IM-001388,"NRV, HORIZONTAL, FORGED, F/E, IBR 125 MM",Nos,sheet has no unit,same name,
NRV / 3437,"NRV, HORIZONTAL , FORGED, F/E , IBR - 150 MM",0,,,,name,IM-001389,"NRV, HORIZONTAL, FORGED, F/E, IBR 150 MM",Nos,sheet has no unit,same name,
NRV / 3438,"NRV, HORIZONTAL , FORGED, F/E , IBR - 200 MM",0,,,,name,IM-001390,"NRV, HORIZONTAL, FORGED, F/E, IBR 200 MM",Nos,sheet has no unit,same name,
NRV / 3439,"NRV, HORIZONTAL , BRONZE , NON -IBR , S/E , IBR - 15 MM",0,,,,suggest,,,,sheet has no unit,Similar catalog names,"IM-001401 NRV, HORIZONTAL SWING TYPE, BRONZE, NON-IBR, S/E 15MM | IM-001402 NRV, HORIZONTAL SWING TYPE, BRONZE, NON-IBR, S/E, 20MM | IM-001403 NRV, HORIZONTAL SWING TYPE, BRONZE, NON-IBR, S/E, 25MM | IM-001404 NRV, HORIZONTAL SWING TYPE, BRONZE, NON-IBR, S/E, 40MM"
NRV / 3440,"NRV, HORIZONTAL , BRONZE , NON -IBR , S/E , IBR - 20 MM",0,,,,suggest,,,,sheet has no unit,Similar catalog names,"IM-001401 NRV, HORIZONTAL SWING TYPE, BRONZE, NON-IBR, S/E 15MM | IM-001402 NRV, HORIZONTAL SWING TYPE, BRONZE, NON-IBR, S/E, 20MM | IM-001403 NRV, HORIZONTAL SWING TYPE, BRONZE, NON-IBR, S/E, 25MM | IM-001404 NRV, HORIZONTAL SWING TYPE, BRONZE, NON-IBR, S/E, 40MM"
NRV / 3441,"NRV, HORIZONTAL , BRONZE , NON -IBR , S/E , IBR - 25 MM",0,,,,suggest,,,,sheet has no unit,Similar catalog names,"IM-001401 NRV, HORIZONTAL SWING TYPE, BRONZE, NON-IBR, S/E 15MM | IM-001402 NRV, HORIZONTAL SWING TYPE, BRONZE, NON-IBR, S/E, 20MM | IM-001403 NRV, HORIZONTAL SWING TYPE, BRONZE, NON-IBR, S/E, 25MM | IM-001404 NRV, HORIZONTAL SWING TYPE, BRONZE, NON-IBR, S/E, 40MM"
NRV / 3442,"NRV, HORIZONTAL , BRONZE , NON -IBR , S/E , IBR - 40 MM",0,,,,suggest,,,,sheet has no unit,Similar catalog names,"IM-001401 NRV, HORIZONTAL SWING TYPE, BRONZE, NON-IBR, S/E 15MM | IM-001402 NRV, HORIZONTAL SWING TYPE, BRONZE, NON-IBR, S/E, 20MM | IM-001403 NRV, HORIZONTAL SWING TYPE, BRONZE, NON-IBR, S/E, 25MM | IM-001404 NRV, HORIZONTAL SWING TYPE, BRONZE, NON-IBR, S/E, 40MM"
NRV / 3443,"NRV, VERTICAL, BRONZE , NON -IBR , S/E , IBR - 15 MM",0,,,,suggest,,,,sheet has no unit,Similar catalog names,"IM-001406 NRV, VERTICAL, BRONZE, NON-IBR, S/E, 15 MM | IM-001407 NRV, VERTICAL, BRONZE, NON-IBR, S/E, 20 MM | IM-001408 NRV, VERTICAL, BRONZE, NON-IBR, S/E, 25 MM | IM-001409 NRV, VERTICAL, BRONZE, NON-IBR, S/E, 40 MM"
NRV / 3444,"NRV, VERTICAL, BRONZE , NON -IBR , S/E , IBR - 20 MM",0,,,,suggest,,,,sheet has no unit,Similar catalog names,"IM-001406 NRV, VERTICAL, BRONZE, NON-IBR, S/E, 15 MM | IM-001407 NRV, VERTICAL, BRONZE, NON-IBR, S/E, 20 MM | IM-001408 NRV, VERTICAL, BRONZE, NON-IBR, S/E, 25 MM | IM-001409 NRV, VERTICAL, BRONZE, NON-IBR, S/E, 40 MM"
NRV / 3445,"NRV, VERTICAL , BRONZE , NON -IBR , S/E , IBR - 25 MM",0,,,,suggest,,,,sheet has no unit,Similar catalog names,"IM-001406 NRV, VERTICAL, BRONZE, NON-IBR, S/E, 15 MM | IM-001407 NRV, VERTICAL, BRONZE, NON-IBR, S/E, 20 MM | IM-001408 NRV, VERTICAL, BRONZE, NON-IBR, S/E, 25 MM | IM-001409 NRV, VERTICAL, BRONZE, NON-IBR, S/E, 40 MM"
NRV / 3446,"NRV, FORGED STEEL VALVE ,N -IBR , S/W - 25 MM #1500",0,,,,suggest,,,,sheet has no unit,Similar catalog names,"IM-001888 GLOBE VALVE, FORGED, F/E, IBR 20 NB | IM-001889 GLOBE VALVE, FORGED, F/E, IBR 25 NB | IM-001890 GLOBE VALVE, FORGED, F/E, IBR 40 NB | IM-001891 GLOBE VALVE, FORGED, F/E, IBR 50 NB"
NRV / 3450,"DISC CHECK VALVE , SS, IBR - 15 MM",0,,,,name,IM-001421,"DISC CHECK VALVE, SS, IBR 15 MM",Nos,sheet has no unit,same name,
NRV / 3451,"DISC CHECK VALVE , SS, IBR - 20 MM",0,,,,name,IM-001422,"DISC CHECK VALVE, SS, IBR 20 MM",Nos,sheet has no unit,same name,
NRV / 3452,"DISC CHECK VALVE , SS, IBR - 25 MM",81,,,953.83,name,IM-001423,"DISC CHECK VALVE, SS, IBR 25 MM",Nos,sheet has no unit,same name,
NRV / 3453,"DISC CHECK VALVE , SS, IBR - 40 MM",44,,,1895.37,name,IM-001424,"DISC CHECK VALVE, SS, IBR 40 MM",Nos,sheet has no unit,same name,
NRV / 3454,"DISC CHECK VALVE , SS, IBR - 50 MM",2,,,2050,name,IM-001425,"DISC CHECK VALVE, SS, IBR 50 MM",Nos,sheet has no unit,same name,
NRV / 3455,"DISC CHECK VALVE , SS, IBR - 65 MM",0,,,,name,IM-001426,"DISC CHECK VALVE, SS, IBR 65 MM",Nos,sheet has no unit,same name,
NRV / 3456,"DISC CHECK VALVE , SS, NON-IBR - 15 MM",0,,,,name,IM-001430,"DISC CHECK VALVE, SS, NON-IBR 15 MM",Nos,sheet has no unit,same name,
NRV / 3457,"DISC CHECK VALVE , SS, NON-IBR - 20 MM",0,,,,name,IM-001431,"DISC CHECK VALVE, SS, NON-IBR 20 MM",Nos,sheet has no unit,same name,
NRV / 3458,"DISC CHECK VALVE , SS, NON-IBR - 25 MM",0,,,,name,IM-001432,"DISC CHECK VALVE, SS, NON-IBR 25 MM",Nos,sheet has no unit,same name,
NRV / 3459,"DISC CHECK VALVE , SS, NON-IBR - 40 MM",0,,,,name,IM-001433,"DISC CHECK VALVE, SS, NON-IBR 40 MM",Nos,sheet has no unit,same name,
NRV / 3460,,0,,,,none,,,,sheet has no unit,,
NRV / 3465,"VERTICLE CHECK VALVE / NRV VERTICLE ; GM / BR , NON-IBR 15 MM",0,,,,none,,,,sheet has no unit,,
NRV / 3466,VERTICLE CHECK VALVE / NRV VERTICL ; GM / BR  NON-IBR 25 MM,0,,,,none,,,,sheet has no unit,,
NRV / 3467,"DISC CHECK VALVE , CS , F/E , IBR - 100 MM",0,,,,none,,,,sheet has no unit,,
YS / 3500,"Y STAINER , CI , F/E , IBR - 15 MM",0,,,,none,,,,sheet has no unit,,
YS / 3501,"Y STAINER , CI , F/E , IBR - 20 MM",0,,,,none,,,,sheet has no unit,,
YS / 3502,"Y STAINER , CI , F/E , IBR - 25 MM",0,,,,none,,,,sheet has no unit,,
YS / 3503,"Y STAINER , CI , F/E , IBR - 40 MM",2,,,2723,decided,IM-001438,"Y STRAINER, CI, F/E, IBR 40 MM",Nos,sheet has no unit,checked by hand,
YS / 3504,"Y STAINER , CI , F/E , IBR - 50 MM",0,,,,none,,,,sheet has no unit,,
YS / 3505,"Y STAINER , CI , F/E , IBR - 65 MM",0,,,,none,,,,sheet has no unit,,
YS / 3506,"Y STAINER , CI , F/E , IBR - 80 MM",0,,,,none,,,,sheet has no unit,,
YS / 3507,"Y STAINER , CI , F/E , IBR - 100 MM",0,,,,suggest,,,,sheet has no unit,Similar catalog names,"IM-003078 REDUCER, IBR-SC/40-100 MM (4"") | IM-000258 COUPLING, IBR-SC/40-100 MM (4"") | IM-000272 COUPLING, IBR-SC/80-100 MM (4"") | IM-001442 Y STRAINER, CI, F/E, IBR 100 MM"
YS / 3508,"Y STAINER , CI , F/E , IBR - 125 MM",0,,,,suggest,,,,sheet has no unit,Similar catalog names,"IM-000259 COUPLING, IBR-SC/40-125 MM (5"") | IM-000273 COUPLING, IBR-SC/80-125 MM (5"") | IM-001443 Y STRAINER, CI, F/E, IBR 125 MM"
YS / 3509,"Y STAINER , CI , F/E , IBR - 150 MM",0,,,,suggest,,,,sheet has no unit,Similar catalog names,"IM-000260 COUPLING, IBR-SC/40-150 MM (6"") | IM-000274 COUPLING, IBR-SC/80-150 MM (6"") | IM-001444 Y STRAINER, CI, F/E, IBR 150 MM"
YS / 3510,"Y STAINER , C.S , F/E , IBR - 15 MM",0,,,,none,,,,sheet has no unit,,
YS / 3511,"Y STAINER , C.S , F/E , IBR - 25 MM",0,,,,none,,,,sheet has no unit,,
YS / 3512,"Y STAINER , C.S , F/E , IBR - 40 MM",0,,,,none,,,,sheet has no unit,,
YS / 3513,"Y STAINER , C.S , F/E , IBR - 50 MM",0,,,,none,,,,sheet has no unit,,
YS / 3514,"Y STAINER , C.S , F/E , IBR - 65 MM",0,,,,none,,,,sheet has no unit,,
YS / 3515,"Y STAINER , C.S , F/E , IBR - 80 MM",0,,,,none,,,,sheet has no unit,,
YS / 3516,"Y STAINER , C.S , F/E , IBR - 100 MM",0,,,,suggest,,,,sheet has no unit,Similar catalog names,"IM-003078 REDUCER, IBR-SC/40-100 MM (4"") | IM-000258 COUPLING, IBR-SC/40-100 MM (4"") | IM-000272 COUPLING, IBR-SC/80-100 MM (4"") | IM-001442 Y STRAINER, CI, F/E, IBR 100 MM"
YS / 3517,"Y STAINER , C.S , F/E , IBR - 125 MM",0,,,,suggest,,,,sheet has no unit,Similar catalog names,"IM-000259 COUPLING, IBR-SC/40-125 MM (5"") | IM-000273 COUPLING, IBR-SC/80-125 MM (5"") | IM-001443 Y STRAINER, CI, F/E, IBR 125 MM | IM-001429 DISC CHECK VALVE, SS, IBR 125 MM"
YS / 3518,"Y STAINER , C.S , F/E , IBR - 150 MM",0,,,,suggest,,,,sheet has no unit,Similar catalog names,"IM-000260 COUPLING, IBR-SC/40-150 MM (6"") | IM-000274 COUPLING, IBR-SC/80-150 MM (6"") | IM-001444 Y STRAINER, CI, F/E, IBR 150 MM | IM-001045 FLANGES, MS, T/H, IBR 150 MM (6"")"
YS / 3519,"Y STAINER , CI , F/E ,NON- IBR - 15 MM",0,,,,suggest,,,,sheet has no unit,Similar catalog names,"IM-000308 COUPLING, NON-IBR-SC-40 10 MM"
YS / 3520,"Y STAINER , CI , F/E , NON-IBR - 25 MM",0,,,,suggest,,,,sheet has no unit,Similar catalog names,"IM-000308 COUPLING, NON-IBR-SC-40 10 MM"
YS / 3521,"Y STAINER , CI , F/E , NON-IBR - 40 MM",0,,,,suggest,,,,sheet has no unit,Similar catalog names,"IM-000308 COUPLING, NON-IBR-SC-40 10 MM"
YS / 3522,"Y STAINER , CI , F/E , NON-IBR - 50 MM",0,,,,suggest,,,,sheet has no unit,Similar catalog names,"IM-000308 COUPLING, NON-IBR-SC-40 10 MM"
YS / 3523,"Y STAINER , CI , F/E , NON-IBR - 65 MM",0,,,,suggest,,,,sheet has no unit,Similar catalog names,"IM-000308 COUPLING, NON-IBR-SC-40 10 MM"
YS / 3524,"Y STAINER , CI , F/E , NON-IBR - 80 MM",0,,,,suggest,,,,sheet has no unit,Similar catalog names,"IM-000308 COUPLING, NON-IBR-SC-40 10 MM"
YS / 3525,"Y STAINER , CI , F/E , NON-IBR - 100 MM",0,,,,suggest,,,,sheet has no unit,Similar catalog names,"IM-002317 REDUCER, NON-IBR-SC/40-100 MM (4"") | IM-002329 REDUCER, NON-IBR-SC/80-100 MM (4"") | IM-000317 COUPLING, NON-IBR-SC/40-100 MM (4"")"
YS / 3526,"Y STAINER , CI , F/E , NON-IBR - 125 MM",0,,,,suggest,,,,sheet has no unit,Similar catalog names,"IM-002318 REDUCER, NON-IBR-SC/40-125 MM (5"") | IM-002330 REDUCER, NON-IBR-SC/80-125 MM (5"") | IM-000318 COUPLING, NON-IBR-SC/40-125 MM (5"") | IM-000330 COUPLING, NON-IBR-SC/80-125 MM (5"")"
YS / 3527,"Y STAINER , CI , F/E , NON-IBR - 150 MM",0,,,,suggest,,,,sheet has no unit,Similar catalog names,"IM-002319 REDUCER, NON-IBR-SC/40-150 MM (6"") | IM-002331 REDUCER, NON-IBR-SC/80-150 MM (6"") | IM-000319 COUPLING, NON-IBR-SC/40-150 MM (6"") | IM-000331 COUPLING, NON-IBR-SC/80-150 MM (6"")"
YS / 3528,"Y STAINER , CS , F/E ,IBR - 50MM  CLASS-150",0,,,,none,,,,sheet has no unit,,
YS / 3529,Y STAINER  FORGED STEEL SW - 25MM  CLASS-800,0,,,,none,,,,sheet has no unit,,
BV 3550,"BALL VALVE, CI , F/E , NONIBR- 15 MM",0,,,,none,,,,sheet has no unit,,
BV 3551,"BALL VALVE, CI , F/E , NONIBR- 25 MM",5,,,1364,decided,IM-001494,"BALL VALVE, CI, F/E, CLASS150,3/P, NONIBR-25 MM",Nos,sheet has no unit,checked by hand,
BV 3552,"BALL VALVE, CI , F/E , NONIBR- 40 MM",2,,,1400,decided,IM-001495,"BALL VALVE, CI, F/E, CLASS150,3/P, NONIBR-40 MM",Nos,sheet has no unit,checked by hand,
BV 3553,"BALL VALVE, CI , F/E , NONIBR- 50 MM",0,,,,none,,,,sheet has no unit,,
BV 3554,"BALL VALVE, CI , F/E , NONIBR- 65 MM",0,,,,none,,,,sheet has no unit,,
BV 3555,"BALL VALVE, CI , F/E , NONIBR- 80 MM",0,,,,none,,,,sheet has no unit,,
BV 3556,"BALL VALVE, CI , F/E , NONIBR- 100 MM",0,,,,none,,,,sheet has no unit,,
BV 3557,"BALL VALVE, CI , F/E , NONIBR- 125 MM",0,,,,suggest,,,,sheet has no unit,Similar catalog names,"IM-001500 BALL VALVE, CI, F/E, CLASS150,3/P, NONIBR-125 MM"
BV 3558,"BALL VALVE, CI , F/E , NONIBR- 150 MM",0,,,,suggest,,,,sheet has no unit,Similar catalog names,"IM-001501 BALL VALVE, CI, F/E, CLASS150,3/P, NONIBR-150 MM"
BV / 3570,"BALL VALVE, MS  , F/E , NONIBR- 15 MM",0,,,,none,,,,sheet has no unit,,
BV / 3571,"BALL VALVE, MS  , F/E , NONIBR- 25 MM",0,,,,none,,,,sheet has no unit,,
BV / 3572,"BALL VALVE, MS  , F/E , NONIBR- 40 MM",0,,,,none,,,,sheet has no unit,,
BV / 3573,"BALL VALVE, MS  , F/E , NONIBR- 50 MM",0,,,,none,,,,sheet has no unit,,
BV / 3574,"BALL VALVE, MS  , F/E , NONIBR- 65 MM",0,,,,none,,,,sheet has no unit,,
BV / 3575,"BALL VALVE, MS  , F/E , NONIBR- 80 MM",0,,,,none,,,,sheet has no unit,,
BV / 3576,"BALL VALVE, MS  , F/E , NONIBR- 100 MM",0,,,,suggest,,,,sheet has no unit,Similar catalog names,"IM-001508 BALL VALVE, MS, F/E CL150, 3P, NONIBR-100 MM"
BV / 3577,"BALL VALVE, MS  , F/E , NONIBR- 125 MM",0,,,,suggest,,,,sheet has no unit,Similar catalog names,"IM-001509 BALL VALVE, MS, F/E CL150, 3P, NONIBR-125 MM"
BV / 3578,"BALL VALVE, MS  , F/E , NONIBR- 150 MM",0,,,,suggest,,,,sheet has no unit,Similar catalog names,"IM-001510 BALL VALVE, MS, F/E CL150, 3P, NONIBR-150 MM"
BV 3580,"BALL VALVE, MS  , S/E  , NONIBR- 15 MM",0,,,,none,,,,sheet has no unit,,
BV 3581,"BALL VALVE, MS  , S/E  , NONIBR- 25 MM",0,,,,none,,,,sheet has no unit,,
BV 3582,"BALL VALVE, MS  , S/E  , NONIBR- 40 MM",0,,,,none,,,,sheet has no unit,,
BV 3583,"BALL VALVE, MS  , S/E  , NONIBR- 50 MM",0,,,,none,,,,sheet has no unit,,
BV 3590,"BALL VALVE, CS  , F/E , NONIBR- 15 MM",0,,,,suggest,,,,sheet has no unit,Similar catalog names,"IM-001545 BALL VALVE, CS, S/E, NONIBR-15 MM | IM-001546 BALL VALVE, CS, S/E, NONIBR-25 MM | IM-001547 BALL VALVE, CS, S/E, NONIBR-40 MM | IM-001548 BALL VALVE, CS, S/E, NONIBR-50 MM"
BV 3591,"BALL VALVE, CS  , F/E , NONIBR- 25 MM",0,,,,suggest,,,,sheet has no unit,Similar catalog names,"IM-001545 BALL VALVE, CS, S/E, NONIBR-15 MM | IM-001546 BALL VALVE, CS, S/E, NONIBR-25 MM | IM-001547 BALL VALVE, CS, S/E, NONIBR-40 MM | IM-001548 BALL VALVE, CS, S/E, NONIBR-50 MM"
BV 3592,"BALL VALVE, CS  , F/E , NONIBR- 40 MM",0,,,,suggest,,,,sheet has no unit,Similar catalog names,"IM-001545 BALL VALVE, CS, S/E, NONIBR-15 MM | IM-001546 BALL VALVE, CS, S/E, NONIBR-25 MM | IM-001547 BALL VALVE, CS, S/E, NONIBR-40 MM | IM-001548 BALL VALVE, CS, S/E, NONIBR-50 MM"
BV 3593,"BALL VALVE, CS  , F/E , NONIBR- 50 MM",0,,,,suggest,,,,sheet has no unit,Similar catalog names,"IM-001545 BALL VALVE, CS, S/E, NONIBR-15 MM | IM-001546 BALL VALVE, CS, S/E, NONIBR-25 MM | IM-001547 BALL VALVE, CS, S/E, NONIBR-40 MM | IM-001548 BALL VALVE, CS, S/E, NONIBR-50 MM"
BV 3594,"BALL VALVE, CS  , F/E , NONIBR- 65 MM",0,,,,suggest,,,,sheet has no unit,Similar catalog names,"IM-001545 BALL VALVE, CS, S/E, NONIBR-15 MM | IM-001546 BALL VALVE, CS, S/E, NONIBR-25 MM | IM-001547 BALL VALVE, CS, S/E, NONIBR-40 MM | IM-001548 BALL VALVE, CS, S/E, NONIBR-50 MM"
BV 3595,"BALL VALVE, CS  , F/E , NONIBR- 80 MM",0,,,,suggest,,,,sheet has no unit,Similar catalog names,"IM-001545 BALL VALVE, CS, S/E, NONIBR-15 MM | IM-001546 BALL VALVE, CS, S/E, NONIBR-25 MM | IM-001547 BALL VALVE, CS, S/E, NONIBR-40 MM | IM-001548 BALL VALVE, CS, S/E, NONIBR-50 MM"
BV 3596,"BALL VALVE, CS  , F/E , NONIBR- 100 MM",0,,,,suggest,,,,sheet has no unit,Similar catalog names,"IM-001551 BALL VALVE, CS, S/E, NONIBR-100 MM | IM-001537 BALL VALVE, CS, F/E, CL150, 3P, NONIBR-100 MM | IM-001544 BALL VALVE, CS, F/E, CL300, 3P, NONIBR-100 MM"
BV  3600,"BALL VALVES , 3/P , S/E - 15 MM",0,,,,none,,,,sheet has no unit,,
BV  3601,"BALL VALVES , 3/P , S/E - 20 MM",0,,,,none,,,,sheet has no unit,,
BV  3602,"BALL VALVES , 3/P , S/E - 25 MM",0,,,,none,,,,sheet has no unit,,
BV  3603,"BALL VALVES , 3/P , S/E - 40 MM",0,,,,none,,,,sheet has no unit,,
BV  3604,"BALL VALVES , 3/P , S/E - 50 MM",0,,,,none,,,,sheet has no unit,,
BV  3605,"BALL VALVES , 3/P , S/E - 65 MM",0,,,,none,,,,sheet has no unit,,
BV  3606,"BALL VALVES , 3/P , S/E - 80 MM",0,,,,none,,,,sheet has no unit,,
BV  3607,"BALL VALVES , 3/P , S/E - 100 MM",0,,,,suggest,,,,sheet has no unit,Similar catalog names,"IM-001551 BALL VALVE, CS, S/E, NONIBR-100 MM | IM-002406 SAFETY VALVES, CS, F/E, IBR 80 NB X 100 NB | IM-001508 BALL VALVE, MS, F/E CL150, 3P, NONIBR-100 MM | IM-001537 BALL VALVE, CS, F/E, CL150, 3P, NONIBR-100 MM"
BV  3608,"BALL VALVES , 3/P , S/E - 125 MM",0,,,,suggest,,,,sheet has no unit,Similar catalog names,"IM-001509 BALL VALVE, MS, F/E CL150, 3P, NONIBR-125 MM | IM-001500 BALL VALVE, CI, F/E, CLASS150,3/P, NONIBR-125 MM"
MF/3700,REFLEX GLASS 340 X 30 X17,0,,,,suggest,,,,sheet has no unit,Similar catalog names,IM-002857 REFLEX GLASS
MF/3701,"GLASS TUBES 1/2"" X 12""",0,,,,name,IM-001118,"GLASS TUBES 1/2"" X 12""",Nos,sheet has no unit,same name,
MF/3702,"GLASS TUBES 1/2"" X 1200 MM",0,,,,suggest,,,,sheet has no unit,Similar catalog names,"IM-001118 GLASS TUBES 1/2"" X 12"" | IM-001119 GLASS TUBES 1/2"" X 14"" | IM-001120 GLASS TUBES 1/2"" X 16"" | IM-001121 GLASS TUBES 1/2"" X 18"""
MF/3703,"GLASS TUBES 1/2"" X 1000 MM",0,,,,name,IM-001123,"GLASS TUBES 1/2"" X 1000 MM",Nos,sheet has no unit,same name,
MF/3704,"GLASS TUBES 1/2"" X 1500 MM",0,,,,name,IM-001124,"GLASS TUBES 1/2"" X 1500 MM",Nos,sheet has no unit,same name,
MF/3705,"GLASS TUBES 3/4"" X 275MM",0,,,,suggest,,,,sheet has no unit,Similar catalog names,"IM-001118 GLASS TUBES 1/2"" X 12"" | IM-001119 GLASS TUBES 1/2"" X 14"" | IM-001120 GLASS TUBES 1/2"" X 16"" | IM-001121 GLASS TUBES 1/2"" X 18"""
MF/3706,"GLASS TUBES 3/4"" X 12""",0,,,,name,IM-001126,"GLASS TUBES 3/4"" X 12""",Nos,sheet has no unit,same name,
MF/3707,"GLASS TUBES 3/4"" X 14""",0,,,,name,IM-001127,"GLASS TUBES 3/4"" X 14""",Nos,sheet has no unit,same name,
MF/3708,"GLASS TUBES 3/4"" X 500 MM",0,,,,name,IM-001128,"GLASS TUBES 3/4"" X 500 MM",Nos,sheet has no unit,same name,
MF/3709,"GLASS TUBES 3/4"" X 1000 MM",0,,,,name,IM-001129,"GLASS TUBES 3/4"" X 1000 MM",Nos,sheet has no unit,same name,
MF/3710,REFLEX GAUGE GLASS - Size A7 ; MAKE : KLINGER,0,,,,suggest,,,,sheet has no unit,Similar catalog names,IM-002857 REFLEX GLASS
MF/3711,TRANSPARANT GAUGE GLASS,0,,,,none,,,,sheet has no unit,,
MF/3712,PROTECTOR PLATES - BRONZE,0,,,,name,IM-001130,PROTECTOR PLATES BRONZE,Nos,sheet has no unit,same name,
MF/3713,PROTECTOR PLATES - ALUMINIUM,0,,,,name,IM-002267,PROTECTOR PLATES ALUMINIUM,Nos,sheet has no unit,same name,
MF/3714,"RUBBER CONES , BLACK - 1/2""",0,,,,name,IM-002268,"RUBBER CONES, BLACK 1/2""",Nos,sheet has no unit,same name,
MF/3715,"RUBBER CONES , SILICON ( RED) - 1/2""",0,,,,name,IM-002401,"RUBBER CONES, SILICON (RED) 1/2""",Nos,sheet has no unit,same name,
MF/3716,"RUBBER CONES , BLACK - 3/4""",0,,,,name,IM-002402,"RUBBER CONES, BLACK 3/4""",Nos,sheet has no unit,same name,
MF/3717,"RUBBER CONES , SILICON ( RED) - 3/4""",0,,,,name,IM-002403,"RUBBER CONES, SILICON (RED) 3/4""",Nos,sheet has no unit,same name,
MF/3718,Y TYPE VALVE 25MM,0,,,,suggest,,,,sheet has no unit,Similar catalog names,"IM-001764 GLOBE VALVE, CI, ANGLE TYPE, IBR 15 NB | IM-001765 GLOBE VALVE, CI, ANGLE TYPE, IBR 20 NB | IM-001766 GLOBE VALVE, CI, ANGLE TYPE, IBR 25 NB | IM-001767 GLOBE VALVE, CI, ANGLE TYPE, IBR 40 NB"
MF/3719,Y TYPE VALVE 15MM,0,,,,suggest,,,,sheet has no unit,Similar catalog names,"IM-001764 GLOBE VALVE, CI, ANGLE TYPE, IBR 15 NB | IM-001765 GLOBE VALVE, CI, ANGLE TYPE, IBR 20 NB | IM-001766 GLOBE VALVE, CI, ANGLE TYPE, IBR 25 NB | IM-001767 GLOBE VALVE, CI, ANGLE TYPE, IBR 40 NB"
MF/3720,Y TYPE VALVE 40MM,0,,,,suggest,,,,sheet has no unit,Similar catalog names,"IM-001764 GLOBE VALVE, CI, ANGLE TYPE, IBR 15 NB | IM-001765 GLOBE VALVE, CI, ANGLE TYPE, IBR 20 NB | IM-001766 GLOBE VALVE, CI, ANGLE TYPE, IBR 25 NB | IM-001767 GLOBE VALVE, CI, ANGLE TYPE, IBR 40 NB"
MF / 3840,"FERRULS , SS - FOR 63.5 MM TUBES",0,,,,name,IM-000968,"FERRULS, SS FOR 63.5 MM TUBES",Nos,sheet has no unit,same name,
MF / 3841,"FERRULS , MS , NITRILE - FOR 63.5 MM TUBES",0,,,,name,IM-000969,"FERRULS, MS, NITRILE FOR 63.5 MM TUBES",Nos,sheet has no unit,same name,
MF / 3842,ROUND TOUGHENED GLASS - 50 MM,0,,,,name,IM-002397,ROUND TOUGHENED GLASS 50 MM,Nos,sheet has no unit,same name,
MF / 3843,ROUND TOUGHENED GLASS - 65 MM,0,,,,name,IM-002398,ROUND TOUGHENED GLASS 65 MM,Nos,sheet has no unit,same name,
MF / 3844,ROUND TOUGHENED GLASS - 80 MM,0,,,,name,IM-002399,ROUND TOUGHENED GLASS 80 MM,Nos,sheet has no unit,same name,
MF / 3845,ROUND TOUGHENED GLASS - 100 MM,0,,,,name,IM-002400,ROUND TOUGHENED GLASS 100 MM,Nos,sheet has no unit,same name,
MF / 3861,"STEAM TRAP - THERMO DYNAMIC  -TD-3 - CS , IBR 15 MM",5,,,1574.24,name,IM-002521,"STEAM TRAP THERMO DYNAMIC-TD-3 CS, IBR 15 MM",Nos,sheet has no unit,same name,
MF / 3862,"STEAM TRAP - THERMO DYNAMIC  -TD-3 - CS , IBR 20 MM",0,,,,name,IM-002522,"STEAM TRAP THERMO DYNAMIC-TD-3 CS, IBR 20 MM",Nos,sheet has no unit,same name,
MF / 3863,"STEAM TRAP - THERMO DYNAMIC  -TD-3 - CS ,  IBR 25 MM",0,,,,name,IM-002523,"STEAM TRAP THERMO DYNAMIC-TD-3 CS, IBR 25 MM",Nos,sheet has no unit,same name,
MF / 3864,"STEAM TRAP - BALL FLOAT   - CS , IBR 15 MM",0,,,,name,IM-002530,"STEAM TRAP BALL FLOAT CS, IBR 15 MM",Nos,sheet has no unit,same name,
MF / 3865,"STEAM TRAP - BALL FLOAT   - CS , IBR 20 MM",0,,,,name,IM-002531,"STEAM TRAP BALL FLOAT CS, IBR 20 MM",Nos,sheet has no unit,same name,
MF / 3866,"STEAM TRAP - BALL FLOAT   - CS , IBR 25 MM",0,,,,name,IM-002532,"STEAM TRAP BALL FLOAT CS, IBR 25 MM",Nos,sheet has no unit,same name,
MF / 3867,"STEAM TRAP - BALL FLOAT   - CS , IBR 40 MM",0,,,,name,IM-002533,"STEAM TRAP BALL FLOAT CS, IBR 40 MM",Nos,sheet has no unit,same name,
MF / 3868,"STEAM TRAP - BALL FLOAT   - CS , IBR 50 MM",0,,,,name,IM-002534,"STEAM TRAP BALL FLOAT CS, IBR 50 MM",Nos,sheet has no unit,same name,
MF / 3869,"STEAM TRAP - BALL FLOAT   - CI , IBR 15 MM",0,,,,name,IM-002535,"STEAM TRAP BALL FLOAT CI, IBR 15 MM",Nos,sheet has no unit,same name,
MF / 3870,"STEAM TRAP - BALL FLOAT   - CI , IBR 20 MM",0,,,,name,IM-002536,"STEAM TRAP BALL FLOAT CI, IBR 20 MM",Nos,sheet has no unit,same name,
MF / 3871,"STEAM TRAP - BALL FLOAT   - CI , IBR  25 MM",0,,,,name,IM-002537,"STEAM TRAP BALL FLOAT CI, IBR 25 MM",Nos,sheet has no unit,same name,
MF / 3872,"STEAM TRAP - BALL FLOAT   - CI ,IBR  40 MM",0,,,,name,IM-002538,"STEAM TRAP BALL FLOAT CI ,IBR 40 MM",Nos,sheet has no unit,same name,
MF / 3873,"STEAM TRAP - BALL FLOAT   - CI , IBR 50 MM",0,,,,name,IM-002539,"STEAM TRAP BALL FLOAT CI, IBR 50 MM",Nos,sheet has no unit,same name,
GTV/3990,GATE VALVE - CS - IBR - #150 50 MM,3,,,3580,decided,IM-003074,"GATE VALVE, CS, IBR, CL150, F/E, 50 MM",Nos,sheet has no unit,checked by hand,
GTV/3991,GATE VALVE - CS - IBR - #150 80 MM,0,,,,suggest,,,,sheet has no unit,Similar catalog names,"IM-001806 GLOBE VALVE, SGI, F/E, IBR 150 NB T/H"
GTV/3992,"GATE VALVE - CS - IBR - #150 20"" MM",0,,,,suggest,,,,sheet has no unit,Similar catalog names,"IM-001806 GLOBE VALVE, SGI, F/E, IBR 150 NB T/H"
GTV/3993,GATE VALVE - CS - IBR - S/W #800 25 MM,0,,,,none,,,,sheet has no unit,,
GTV/3994,GLOBE VALVE - S/W - IBR - #2500 25 MM,0,,,,suggest,,,,sheet has no unit,Similar catalog names,"IM-003055 GLOBE VALVE, CI, S/W, IBR 15 NB | IM-001772 GLOBE VALVE, CI, F/E, IBR 15 NB T/H | IM-001773 GLOBE VALVE, CI, F/E, IBR 20 NB T/H | IM-001774 GLOBE VALVE, CI, F/E, IBR 25 NB T/H"
GTV/3995,GLOBE VALVE - S/W - IBR - #1500 25 MM,0,,,,suggest,,,,sheet has no unit,Similar catalog names,"IM-003055 GLOBE VALVE, CI, S/W, IBR 15 NB | IM-001772 GLOBE VALVE, CI, F/E, IBR 15 NB T/H | IM-001773 GLOBE VALVE, CI, F/E, IBR 20 NB T/H | IM-001774 GLOBE VALVE, CI, F/E, IBR 25 NB T/H"
GTV/3996,GLOBE VALVE - FSG S/W - IBR - #800 15 MM,0,,,,suggest,,,,sheet has no unit,Similar catalog names,"IM-003055 GLOBE VALVE, CI, S/W, IBR 15 NB | IM-001772 GLOBE VALVE, CI, F/E, IBR 15 NB T/H | IM-001773 GLOBE VALVE, CI, F/E, IBR 20 NB T/H | IM-001774 GLOBE VALVE, CI, F/E, IBR 25 NB T/H"
SB-CRP-15,CONDENSAT RECOVERY PUMP - 15 MM FLOW : 500,0,,,,name,IM-002280,CONDENSAT RECOVERY PUMP 15 MM FLOW:500,Nos,sheet has no unit,same name,
SB-CRP-25,CONDENSAT RECOVERY PUMP - 25 MM FLOW : 900,0,,,,name,IM-002281,CONDENSAT RECOVERY PUMP 25 MM FLOW:900,Nos,sheet has no unit,same name,
SB-CRP-40,CONDENSAT RECOVERY PUMP - 40 MM FLOW : 1400,0,,,,name,IM-002282,CONDENSAT RECOVERY PUMP 40 MM FLOW:1400,Nos,sheet has no unit,same name,
SB-CRP-50,CONDENSAT RECOVERY PUMP - 50 MM FLOW : 2100,0,,,,name,IM-002283,CONDENSAT RECOVERY PUMP 50 MM FLOW:2100,Nos,sheet has no unit,same name,
SB-CRP-80,CONDENSAT RECOVERY PUMP - 80 MM FLOW : 4000,0,,,,name,IM-002284,CONDENSAT RECOVERY PUMP 80 MM FLOW:4000,Nos,sheet has no unit,same name,
SB-CRP-90,CONDENSAT RECOVERY PUMP - 90 MM FLOW : 5500,0,,,,name,IM-002285,CONDENSAT RECOVERY PUMP 90 MM FLOW:5500,Nos,sheet has no unit,same name,
SB-CRP-100,CONDENSAT RECOVERY PUMP - 100 MM FLOW : 9000,0,,,,name,IM-002286,CONDENSAT RECOVERY PUMP 100 MM FLOW:9000,Nos,sheet has no unit,same name,
SB-CRP-120,CONDENSAT RECOVERY PUMP - 120 MM FLOW : 11000,0,,,,name,IM-002287,CONDENSAT RECOVERY PUMP 120 MM FLOW:11000,Nos,sheet has no unit,same name,
SB-CRP-150,CONDENSAT RECOVERY PUMP - 150 MM FLOW : 13000,0,,,,name,IM-002288,CONDENSAT RECOVERY PUMP 150 MM FLOW:13000,Nos,sheet has no unit,same name,
PF / 4000,"FLANGES , MS, T/H, IBR - 15 MM (1/2"")",0,,,,name,IM-001035,"FLANGES, MS, T/H, IBR 15 MM (1/2"")",Nos,sheet has no unit,same name,
PF / 4001,"FLANGES , MS, T/H, IBR - 20 MM (3/4"")",9,,,87,name,IM-001036,"FLANGES, MS, T/H, IBR 20 MM (3/4"")",Nos,sheet has no unit,same name,
PF / 4002,"FLANGES , MS, T/H, IBR - 25 MM (1"")",4,,,50,name,IM-001037,"FLANGES, MS, T/H, IBR 25 MM (1"")",Nos,sheet has no unit,same name,
PF / 4003,"FLANGES , MS, T/H, IBR - 32 MM (11/4"")",-2,,,,name,IM-001038,"FLANGES, MS, T/H, IBR 32 MM (11/4"")",Nos,sheet has no unit,same name,
PF / 4004,"FLANGES , MS, T/H, IBR - 40 MM (11/2"")",8,,,170,name,IM-001039,"FLANGES, MS, T/H, IBR 40 MM (11/2"")",Nos,sheet has no unit,same name,
PF / 4005,"FLANGES , MS, T/H, IBR - 50 MM (2"")",77,,,250,name,IM-001040,"FLANGES, MS, T/H, IBR 50 MM (2"")",Nos,sheet has no unit,same name,
PF / 4006,"FLANGES , MS, T/H, IBR - 65 MM (21/2"")",16,,,,name,IM-001041,"FLANGES, MS, T/H, IBR 65 MM (21/2"")",Nos,sheet has no unit,same name,
PF / 4007,"FLANGES , MS, T/H, IBR - 80 MM (3"")",23,,,425,name,IM-001042,"FLANGES, MS, T/H, IBR 80 MM (3"")",Nos,sheet has no unit,same name,
PF / 4008,"FLANGES , MS, T/H, IBR - 100 MM (4"")",15,,,615,name,IM-001043,"FLANGES, MS, T/H, IBR 100 MM (4"")",Nos,sheet has no unit,same name,
PF / 4009,"FLANGES , MS, T/H, IBR - 125 MM (5"")",3,,,,name,IM-001044,"FLANGES, MS, T/H, IBR 125 MM (5"")",Nos,sheet has no unit,same name,
PF / 4010,"FLANGES , MS, T/H, IBR - 150 MM (6"")",0,,,1110,name,IM-001045,"FLANGES, MS, T/H, IBR 150 MM (6"")",Nos,sheet has no unit,same name,
PF / 4011,"FLANGES , MS, T/H, IBR - 200 MM (8"")",0,,,,name,IM-001046,"FLANGES, MS, T/H, IBR 200 MM (8"")",Nos,sheet has no unit,same name,
PF / 4012,"FLANGES , MS, T/H, IBR - 250 MM (10"")",0,,,,name,IM-001047,"FLANGES, MS, T/H, IBR 250 MM (10"")",Nos,sheet has no unit,same name,
PF / 4013,"FLANGES , MS, T/H, IBR - 300 MM (12"")",0,,,,name,IM-001048,"FLANGES, MS, T/H, IBR 300 MM (12"")",Nos,sheet has no unit,same name,
PF / 4014,"FLANGES , MS, T/E, IBR - 25 MM (1"")",0,,,,suggest,,,,sheet has no unit,Similar catalog names,"IM-001037 FLANGES, MS, T/H, IBR 25 MM (1"") | IM-001040 FLANGES, MS, T/H, IBR 50 MM (2"") | IM-001042 FLANGES, MS, T/H, IBR 80 MM (3"") | IM-002875 FLANGES, MS, T/E, IBR 50 MM (2"")"
PF / 4015,,0,,,,none,,,,sheet has no unit,,
PF / 4020,"FLANGES , MS, CLASS-150, IBR - 15 MM (1/2"")",0,,,,name,IM-001051,"FLANGES, MS, CLASS-150, IBR 15 MM (1/2"")",Nos,sheet has no unit,same name,
PF / 4021,"FLANGES , MS, CLASS-150, IBR - 20 MM (3/4"")",12,,,,name,IM-001052,"FLANGES, MS, CLASS-150, IBR 20 MM (3/4"")",Nos,sheet has no unit,same name,
PF / 4022,"FLANGES , MS, CLASS-150, IBR - 25 MM (1"")",10,,,,name,IM-001053,"FLANGES, MS, CLASS-150, IBR 25 MM (1"")",Nos,sheet has no unit,same name,
PF / 4023,"FLANGES , MS, CLASS-150, IBR - 32 MM (11/4"")",0,,,,name,IM-001054,"FLANGES, MS, CLASS-150, IBR 32 MM (11/4"")",Nos,sheet has no unit,same name,
PF / 4024,"FLANGES , MS, CLASS-150, IBR - 40 MM (11/2"")",15,,,,name,IM-001055,"FLANGES, MS, CLASS-150, IBR 40 MM (11/2"")",Nos,sheet has no unit,same name,
PF / 4025,"FLANGES , MS, CLASS-150, IBR - 50 MM (2"")",24,,,,name,IM-001056,"FLANGES, MS, CLASS-150, IBR 50 MM (2"")",Nos,sheet has no unit,same name,
PF / 4026,"FLANGES , MS, CLASS-150, IBR - 65 MM (21/2"")",0,,,,name,IM-001057,"FLANGES, MS, CLASS-150, IBR 65 MM (21/2"")",Nos,sheet has no unit,same name,
PF / 4027,"FLANGES , MS, CLASS-150, IBR - 80 MM (3"")",2,,,447.3,name,IM-001058,"FLANGES, MS, CLASS-150, IBR 80 MM (3"")",Nos,sheet has no unit,same name,
PF / 4028,"FLANGES , MS, CLASS-150, IBR - 100 MM (4"")",0,,,,name,IM-001059,"FLANGES, MS, CLASS-150, IBR 100 MM (4"")",Nos,sheet has no unit,same name,
PF / 4029,"FLANGES , MS, CLASS-150, IBR - 125 MM (5"")",2,,,,name,IM-001060,"FLANGES, MS, CLASS-150, IBR 125 MM (5"")",Nos,sheet has no unit,same name,
PF / 4030,"FLANGES , MS, CLASS-150, IBR - 150 MM (6"")",6,,,951,name,IM-001061,"FLANGES, MS, CLASS-150, IBR 150 MM (6"")",Nos,sheet has no unit,same name,
PF / 4031,"FLANGES , MS, CLASS-150, IBR - 200 MM (8"")",0,,,1140,name,IM-001062,"FLANGES, MS, CLASS-150, IBR 200 MM (8"")",Nos,sheet has no unit,same name,
PF / 4032,"FLANGES , MS, CLASS-150, IBR - 250 MM (10"")",0,,,,name,IM-001063,"FLANGES, MS, CLASS-150, IBR 250 MM (10"")",Nos,sheet has no unit,same name,
PF / 4033,"FLANGES , MS, CLASS-150, IBR - 300 MM (12"")",0,,,,name,IM-001064,"FLANGES, MS, CLASS-150, IBR 300 MM (12"")",Nos,sheet has no unit,same name,
PF / 4034,"FLANGES , MS, CLASS-150, IBR - 660 MM (26"")",0,,,,suggest,,,,sheet has no unit,Similar catalog names,"IM-001053 FLANGES, MS, CLASS-150, IBR 25 MM (1"") | IM-001056 FLANGES, MS, CLASS-150, IBR 50 MM (2"") | IM-001058 FLANGES, MS, CLASS-150, IBR 80 MM (3"") | IM-001061 FLANGES, MS, CLASS-150, IBR 150 MM (6"")"
PF / 4035,"FLANGES , MS, CLASS-150, IBR - 355 MM (14"")",0,,,,suggest,,,,sheet has no unit,Similar catalog names,"IM-001053 FLANGES, MS, CLASS-150, IBR 25 MM (1"") | IM-001056 FLANGES, MS, CLASS-150, IBR 50 MM (2"") | IM-001058 FLANGES, MS, CLASS-150, IBR 80 MM (3"") | IM-001061 FLANGES, MS, CLASS-150, IBR 150 MM (6"")"
PF / 4036,"FLANGES , MS, CLASS-300, IBR - 15 MM (1/2"")",0,,,,name,IM-000973,"FLANGES, MS, CLASS-300, IBR 15 MM (1/2"")",Nos,sheet has no unit,same name,
PF / 4037,"FLANGES , MS, CLASS-300, IBR - 20 MM (3/4"")",0,,,,name,IM-000974,"FLANGES, MS, CLASS-300, IBR 20 MM (3/4"")",Nos,sheet has no unit,same name,
PF / 4038,"FLANGES , MS, CLASS-300, IBR - 25 MM (1"")",0,,,,name,IM-000975,"FLANGES, MS, CLASS-300, IBR 25 MM (1"")",Nos,sheet has no unit,same name,
PF / 4039,"FLANGES , MS, CLASS-300, IBR - 32 MM (11/4"")",0,,,,name,IM-000976,"FLANGES, MS, CLASS-300, IBR 32 MM (11/4"")",Nos,sheet has no unit,same name,
PF / 4040,"FLANGES , MS, CLASS-300, IBR - 40 MM (11/2"")",0,,,,name,IM-000977,"FLANGES, MS, CLASS-300, IBR 40 MM (11/2"")",Nos,sheet has no unit,same name,
PF / 4041,"FLANGES , MS, CLASS-300, IBR - 50 MM (2"")",0,,,,name,IM-000978,"FLANGES, MS, CLASS-300, IBR 50 MM (2"")",Nos,sheet has no unit,same name,
PF / 4042,"FLANGES , MS, CLASS-300, IBR - 65 MM (21/2"")",0,,,,name,IM-000979,"FLANGES, MS, CLASS-300, IBR 65 MM (21/2"")",Nos,sheet has no unit,same name,
PF / 4043,"FLANGES , MS, CLASS-300, IBR - 80 MM (3"")",0,,,,name,IM-000980,"FLANGES, MS, CLASS-300, IBR 80 MM (3"")",Nos,sheet has no unit,same name,
PF / 4044,"FLANGES , MS, CLASS-300, IBR - 100 MM (4"")",0,,,,name,IM-000981,"FLANGES, MS, CLASS-300, IBR 100 MM (4"")",Nos,sheet has no unit,same name,
PF / 4045,"FLANGES , MS, CLASS-300, IBR - 125 MM (5"")",0,,,,name,IM-000982,"FLANGES, MS, CLASS-300, IBR 125 MM (5"")",Nos,sheet has no unit,same name,
PF / 4046,"FLANGES , MS, CLASS-300, IBR - 150 MM (6"")",0,,,,name,IM-000983,"FLANGES, MS, CLASS-300, IBR 150 MM (6"")",Nos,sheet has no unit,same name,
PF / 4047,"FLANGES , MS, CLASS-300, IBR - 200 MM (8"")",0,,,,name,IM-000984,"FLANGES, MS, CLASS-300, IBR 200 MM (8"")",Nos,sheet has no unit,same name,
PF / 4048,"FLANGES , MS, CLASS-300, IBR - 250 MM (10"")",0,,,,name,IM-000985,"FLANGES, MS, CLASS-300, IBR 250 MM (10"")",Nos,sheet has no unit,"same name; Item Master has 2 rows with this name (IM-000985, IM-000986)",
PF / 4049,"FLANGES , MS, CLASS-900, IBR - 150 MM (6"")",0,,,,suggest,,,,sheet has no unit,Similar catalog names,"IM-001053 FLANGES, MS, CLASS-150, IBR 25 MM (1"") | IM-001056 FLANGES, MS, CLASS-150, IBR 50 MM (2"") | IM-001058 FLANGES, MS, CLASS-150, IBR 80 MM (3"") | IM-001061 FLANGES, MS, CLASS-150, IBR 150 MM (6"")"
PF / 4050,"FLANGES , MS, CLASS-1500, IBR - 25 MM (1"")",0,,,,suggest,,,,sheet has no unit,Similar catalog names,"IM-000975 FLANGES, MS, CLASS-300, IBR 25 MM (1"") | IM-000978 FLANGES, MS, CLASS-300, IBR 50 MM (2"") | IM-000980 FLANGES, MS, CLASS-300, IBR 80 MM (3"") | IM-001053 FLANGES, MS, CLASS-150, IBR 25 MM (1"")"
PF / 4051,"FLANGES , MS, CLASS-300, IBR - 300MM (12"")",0,,,,loose,IM-000987,"FLANGES, MS, CLASS-300, IBR 300 MM (12"")",Nos,sheet has no unit,same name (unit spelling differs),
PF / 4055,"DUMMY FLANGES , MS, T/H, IBR - 15 MM (1/2"")",0,,,,name,IM-000430,"DUMMY FLANGES, MS, T/H, IBR 15 MM (1/2"")",Nos,sheet has no unit,same name,
PF / 4056,"DUMMY FLANGES , MS, T/H, IBR - 20 MM (3/4"")",0,,,,name,IM-000431,"DUMMY FLANGES, MS, T/H, IBR 20 MM (3/4"")",Nos,sheet has no unit,same name,
PF / 4057,"DUMMY FLANGES , MS, T/H, IBR - 25 MM (1"")",0,,,,name,IM-000432,"DUMMY FLANGES, MS, T/H, IBR 25 MM (1"")",Nos,sheet has no unit,same name,
PF / 4058,"DUMMY FLANGES , MS, T/H, IBR - 32 MM (11/4"")",0,,,,name,IM-000433,"DUMMY FLANGES, MS, T/H, IBR 32 MM (11/4"")",Nos,sheet has no unit,same name,
PF / 4059,"DUMMY FLANGES , MS, T/H, IBR - 40 MM (11/2"")",0,,,,name,IM-000434,"DUMMY FLANGES, MS, T/H, IBR 40 MM (11/2"")",Nos,sheet has no unit,same name,
PF / 4060,"DUMMY FLANGES , MS, T/H, IBR - 50 MM (2"")",0,,,,name,IM-000435,"DUMMY FLANGES, MS, T/H, IBR 50 MM (2"")",Nos,sheet has no unit,same name,
PF / 4061,"DUMMY FLANGES , MS, T/H, IBR - 65 MM (21/2"")",0,,,,name,IM-000436,"DUMMY FLANGES, MS, T/H, IBR 65 MM (21/2"")",Nos,sheet has no unit,same name,
PF / 4062,"DUMMY FLANGES , MS, T/H, IBR - 80 MM (3"")",0,,,,name,IM-000437,"DUMMY FLANGES, MS, T/H, IBR 80 MM (3"")",Nos,sheet has no unit,same name,
PF / 4063,"DUMMY FLANGES , MS, T/H, IBR - 100 MM (4"")",0,,,,name,IM-000438,"DUMMY FLANGES, MS, T/H, IBR 100 MM (4"")",Nos,sheet has no unit,same name,
PF / 4064,"DUMMY FLANGES , MS, T/H, IBR - 125 MM (5"")",0,,,,name,IM-000439,"DUMMY FLANGES, MS, T/H, IBR 125 MM (5"")",Nos,sheet has no unit,same name,
PF / 4065,"DUMMY FLANGES , MS, T/H, IBR - 150 MM (6"")",0,,,,name,IM-000440,"DUMMY FLANGES, MS, T/H, IBR 150 MM (6"")",Nos,sheet has no unit,same name,
PF / 4066,"DUMMY FLANGES , MS, T/H, IBR - 200 MM (8"")",0,,,,name,IM-000441,"DUMMY FLANGES, MS, T/H, IBR 200 MM (8"")",Nos,sheet has no unit,same name,
PF / 4067,"DUMMYFLANGES , MS, T/H, IBR - 250 MM (10"")",0,,,,name,IM-000442,"DUMMYFLANGES, MS, T/H, IBR 250 MM (10"")",Nos,sheet has no unit,same name,
PF / 4068,"DUMMYFLANGES , MS, T/H, IBR - 300 MM (12"")",0,,,,name,IM-000443,"DUMMYFLANGES, MS, T/H, IBR 300 MM (12"")",Nos,sheet has no unit,same name,
PF / 4069,,0,,,,none,,,,sheet has no unit,,
PF / 4070,,0,,,,none,,,,sheet has no unit,,
PF / 4080,"DUMMY FLANGES , MS, CLASS-150, IBR - 15 MM (1/2"")",0,,,,name,IM-000446,"DUMMY FLANGES, MS, CLASS-150, IBR 15 MM (1/2"")",Nos,sheet has no unit,same name,
PF / 4081,"DUMMY FLANGES , MS, CLASS-150, IBR - 20 MM (3/4"")",0,,,,name,IM-000447,"DUMMY FLANGES, MS, CLASS-150, IBR 20 MM (3/4"")",Nos,sheet has no unit,same name,
PF / 4082,"DUMMY FLANGES , MS, CLASS-150, IBR - 25 MM (1"")",0,,,,name,IM-000448,"DUMMY FLANGES, MS, CLASS-150, IBR 25 MM (1"")",Nos,sheet has no unit,same name,
PF / 4083,"DUMMY FLANGES , MS, CLASS-150, IBR - 32 MM (11/4"")",0,,,,name,IM-000449,"DUMMY FLANGES, MS, CLASS-150, IBR 32 MM (11/4"")",Nos,sheet has no unit,same name,
PF / 4084,"DUMMY FLANGES , MS, CLASS-150, IBR - 40 MM (11/2"")",0,,,,name,IM-000450,"DUMMY FLANGES, MS, CLASS-150, IBR 40 MM (11/2"")",Nos,sheet has no unit,same name,
PF / 4085,"DUMMY FLANGES , MS, CLASS-150, IBR - 50 MM (2"")",0,,,,name,IM-000451,"DUMMY FLANGES, MS, CLASS-150, IBR 50 MM (2"")",Nos,sheet has no unit,same name,
PF / 4086,"DUMMY FLANGES , MS, CLASS-150, IBR - 65 MM (21/2"")",0,,,,name,IM-000452,"DUMMY FLANGES, MS, CLASS-150, IBR 65 MM (21/2"")",Nos,sheet has no unit,same name,
PF / 4087,"DUMMY FLANGES , MS, CLASS-150, IBR - 80 MM (3"")",0,,,,name,IM-000453,"DUMMY FLANGES, MS, CLASS-150, IBR 80 MM (3"")",Nos,sheet has no unit,same name,
PF / 4088,"DUMMY FLANGES , MS, CLASS-150, IBR - 100 MM (4"")",0,,,,name,IM-000454,"DUMMY FLANGES, MS, CLASS-150, IBR 100 MM (4"")",Nos,sheet has no unit,same name,
PF / 4089,"DUMMY FLANGES , MS, CLASS-150, IBR - 125 MM (5"")",0,,,,name,IM-000455,"DUMMY FLANGES, MS, CLASS-150, IBR 125 MM (5"")",Nos,sheet has no unit,same name,
PF / 4090,"DUMMY FLANGES , MS, CLASS-150, IBR - 150 MM (6"")",0,,,,name,IM-000456,"DUMMY FLANGES, MS, CLASS-150, IBR 150 MM (6"")",Nos,sheet has no unit,same name,
PF / 4091,"DUMMY FLANGES , MS, CLASS-150, IBR - 200 MM (8"")",0,,,,name,IM-000457,"DUMMY FLANGES, MS, CLASS-150, IBR 200 MM (8"")",Nos,sheet has no unit,same name,
PF / 4092,"DUMMY FLANGES , MS, CLASS-150, IBR - 250 MM (10"")",0,,,,name,IM-000458,"DUMMY FLANGES, MS, CLASS-150, IBR 250 MM (10"")",Nos,sheet has no unit,same name,
PF / 4093,"DUMMY FLANGES , MS, CLASS-150, IBR - 300 MM (12"")",0,,,,name,IM-000459,"DUMMY FLANGES, MS, CLASS-150, IBR 300 MM (12"")",Nos,sheet has no unit,same name,
PF / 4094,,0,,,,none,,,,sheet has no unit,,
PF / 4095,,0,,,,none,,,,sheet has no unit,,
PF / 4100,"DUMMY FLANGES , MS, CLASS-300, IBR - 15 MM (1/2"")",0,,,,name,IM-000462,"DUMMY FLANGES, MS, CLASS-300, IBR 15 MM (1/2"")",Nos,sheet has no unit,same name,
PF / 4101,"DUMMY FLANGES , MS, CLASS-300, IBR - 20 MM (3/4"")",0,,,,name,IM-000463,"DUMMY FLANGES, MS, CLASS-300, IBR 20 MM (3/4"")",Nos,sheet has no unit,same name,
PF / 4102,"DUMMY FLANGES , MS, CLASS-300, IBR - 25 MM (1"")",0,,,,name,IM-000464,"DUMMY FLANGES, MS, CLASS-300, IBR 25 MM (1"")",Nos,sheet has no unit,same name,
PF / 4103,"DUMMY FLANGES , MS, CLASS-300, IBR - 32 MM (11/4"")",0,,,,name,IM-000465,"DUMMY FLANGES, MS, CLASS-300, IBR 32 MM (11/4"")",Nos,sheet has no unit,same name,
PF / 4104,"DUMMYFLANGES , MS, CLASS-300, IBR - 40 MM (11/2"")",0,,,,name,IM-000466,"DUMMYFLANGES, MS, CLASS-300, IBR 40 MM (11/2"")",Nos,sheet has no unit,same name,
PF / 4105,"DUMMY FLANGES , MS, CLASS-300, IBR - 50 MM (2"")",0,,,,name,IM-000467,"DUMMY FLANGES, MS, CLASS-300, IBR 50 MM (2"")",Nos,sheet has no unit,same name,
PF / 4106,"DUMMY FLANGES , MS, CLASS-300, IBR - 65 MM (21/2"")",0,,,,name,IM-000468,"DUMMY FLANGES, MS, CLASS-300, IBR 65 MM (21/2"")",Nos,sheet has no unit,same name,
PF / 4107,"DUMMY FLANGES , MS, CLASS-300, IBR - 80 MM (3"")",0,,,,name,IM-000469,"DUMMY FLANGES, MS, CLASS-300, IBR 80 MM (3"")",Nos,sheet has no unit,same name,
PF / 4108,"DUMMY FLANGES , MS, CLASS-300, IBR - 100 MM (4"")",0,,,,name,IM-000470,"DUMMY FLANGES, MS, CLASS-300, IBR 100 MM (4"")",Nos,sheet has no unit,same name,
PF / 4109,"DUMMY FLANGES , MS, CLASS-300, IBR - 125 MM (5"")",0,,,,name,IM-000471,"DUMMY FLANGES, MS, CLASS-300, IBR 125 MM (5"")",Nos,sheet has no unit,same name,
PF / 4110,"DUMMY FLANGES , MS, CLASS-300, IBR - 150 MM (6"")",0,,,,name,IM-000472,"DUMMY FLANGES, MS, CLASS-300, IBR 150 MM (6"")",Nos,sheet has no unit,same name,
PF / 4111,"DUMMY FLANGES , MS, CLASS-300, IBR - 200 MM (8"")",0,,,,name,IM-000473,"DUMMY FLANGES, MS, CLASS-300, IBR 200 MM (8"")",Nos,sheet has no unit,same name,
PF / 4112,"DUMMY FLANGES , MS, CLASS-300, IBR - 250 MM (10"")",0,,,,name,IM-000474,"DUMMY FLANGES, MS, CLASS-300, IBR 250 MM (10"")",Nos,sheet has no unit,same name,
PF / 4113,,0,,,,none,,,,sheet has no unit,,
PF / 4114,,0,,,,none,,,,sheet has no unit,,
PF / 4119,"BENDS , MS BUTT WELD ( ELBOW) , IBR - SC/20 - 20""",0,,,,suggest,,,,sheet has no unit,Similar catalog names,"IM-000112 BENDS, SHORT (ELBOW), NON-IBR-SC/40-25 MM (1"") | IM-000115 BENDS, SHORT (ELBOW), NON-IBR-SC/40-50 MM (2"") | IM-000117 BENDS, SHORT (ELBOW), NON-IBR-SC/40-80 MM (3"") | IM-000108 BENDS, SHORT (ELBOW), NON-IBR-SC/40 6 MM (1/4"")"
PF / 4120,"BENDS , SEAMLESS , SHORT ( ELBOW) , IBR - SC/40 - 15 MM (1/2"")",0,,,,suggest,,,,sheet has no unit,Similar catalog names,"IM-000082 BENDS, SEAMLESS, SHORT, IBR-SC/80-25 MM (1"") | IM-000085 BENDS, SEAMLESS, SHORT, IBR-SC/80-50 MM (2"") | IM-000087 BENDS, SEAMLESS, SHORT, IBR-SC/80-80 MM (3"") | IM-000080 BENDS, SEAMLESS, SHORT, IBR-SC/80 15 MM (1/2"")"
PF / 4121,"BENDS , SEAMLESS , SHORT ( ELBOW) , IBR -SC/40- 20 MM (3/4"")",0,,,,suggest,,,,sheet has no unit,Similar catalog names,"IM-000082 BENDS, SEAMLESS, SHORT, IBR-SC/80-25 MM (1"") | IM-000085 BENDS, SEAMLESS, SHORT, IBR-SC/80-50 MM (2"") | IM-000087 BENDS, SEAMLESS, SHORT, IBR-SC/80-80 MM (3"") | IM-000080 BENDS, SEAMLESS, SHORT, IBR-SC/80 15 MM (1/2"")"
PF / 4122,"BENDS , SEAMLESS , SHORT ( ELBOW) , IBR -SC/40- 25 MM (1"")",0,,,,suggest,,,,sheet has no unit,Similar catalog names,"IM-000082 BENDS, SEAMLESS, SHORT, IBR-SC/80-25 MM (1"") | IM-000085 BENDS, SEAMLESS, SHORT, IBR-SC/80-50 MM (2"") | IM-000087 BENDS, SEAMLESS, SHORT, IBR-SC/80-80 MM (3"") | IM-000080 BENDS, SEAMLESS, SHORT, IBR-SC/80 15 MM (1/2"")"
PF / 4123,"BENDS , SEAMLESS , SHORT ( ELBOW) , IBR -SC/40- 32 MM (11/4"")",0,,,,suggest,,,,sheet has no unit,Similar catalog names,"IM-000082 BENDS, SEAMLESS, SHORT, IBR-SC/80-25 MM (1"") | IM-000085 BENDS, SEAMLESS, SHORT, IBR-SC/80-50 MM (2"") | IM-000087 BENDS, SEAMLESS, SHORT, IBR-SC/80-80 MM (3"") | IM-000080 BENDS, SEAMLESS, SHORT, IBR-SC/80 15 MM (1/2"")"
PF / 4124,"BENDS , SEAMLESS , SHORT ( ELBOW) , IBR -SC/40- 40 MM (11/2"")",0,,,,suggest,,,,sheet has no unit,Similar catalog names,"IM-000082 BENDS, SEAMLESS, SHORT, IBR-SC/80-25 MM (1"") | IM-000085 BENDS, SEAMLESS, SHORT, IBR-SC/80-50 MM (2"") | IM-000087 BENDS, SEAMLESS, SHORT, IBR-SC/80-80 MM (3"") | IM-000080 BENDS, SEAMLESS, SHORT, IBR-SC/80 15 MM (1/2"")"
PF / 4125,"BENDS , SEAMLESS , SHORT ( ELBOW) , IBR -SC/40- 50 MM (2"")",6,,,90,decided,IM-000043,"BENDS, SEAMLESS, SHORT(90)IBR-SC/40 50MM (2"")",Nos,sheet has no unit,checked by hand,
PF / 4126,"BENDS , SEAMLESS , SHORT ( ELBOW) , IBR -SC/40- 65 MM (21/2"")",0,,,,suggest,,,,sheet has no unit,Similar catalog names,"IM-000082 BENDS, SEAMLESS, SHORT, IBR-SC/80-25 MM (1"") | IM-000085 BENDS, SEAMLESS, SHORT, IBR-SC/80-50 MM (2"") | IM-000087 BENDS, SEAMLESS, SHORT, IBR-SC/80-80 MM (3"") | IM-000080 BENDS, SEAMLESS, SHORT, IBR-SC/80 15 MM (1/2"")"
PF / 4127,"BENDS , SEAMLESS , SHORT ( ELBOW) , IBR -SC/40- 80 MM (3"")",10,,,226.6,decided,IM-000045,"BENDS, SEAMLESS, SHORT(90)IBR-SC/40 80MM (3"")",Nos,sheet has no unit,checked by hand,
PF / 4128,"BENDS , SEAMLESS , SHORT ( ELBOW) , IBR -SC/40- 100 MM (4"")",14,,,636.43,decided,IM-000046,"BENDS, SEAMLESS, SHORT(90)IBR-SC/40 100MM (4"")",Nos,sheet has no unit,checked by hand,
PF / 4129,"BENDS , SEAMLESS , SHORT ( ELBOW) , IBR -SC/40- 125 MM (5"")",0,,,,suggest,,,,sheet has no unit,Similar catalog names,"IM-000089 BENDS, SEAMLESS, SHORT, IBR-SC/80-125 MM (5"") | IM-000119 BENDS, SHORT (ELBOW), NON-IBR-SC/40-125 MM (5"") | IM-000082 BENDS, SEAMLESS, SHORT, IBR-SC/80-25 MM (1"") | IM-000085 BENDS, SEAMLESS, SHORT, IBR-SC/80-50 MM (2"")"
PF / 4130,"BENDS , SEAMLESS , SHORT ( ELBOW) , IBR -SC/40- 150 MM (6"")",0,,,,suggest,,,,sheet has no unit,Similar catalog names,"IM-000090 BENDS, SEAMLESS, SHORT, IBR-SC/80-150 MM (6"") | IM-000120 BENDS, SHORT (ELBOW), NON-IBR-SC/40-150 MM (6"") | IM-000082 BENDS, SEAMLESS, SHORT, IBR-SC/80-25 MM (1"") | IM-000085 BENDS, SEAMLESS, SHORT, IBR-SC/80-50 MM (2"")"
PF / 4131,"BENDS , SEAMLESS , SHORT ( ELBOW) , IBR -SC/40- 200 MM (8"")",0,,,,suggest,,,,sheet has no unit,Similar catalog names,"IM-000091 BENDS, SEAMLESS, SHORT, IBR-SC/80-200 MM (8"") | IM-000121 BENDS, SHORT (ELBOW), NON-IBR-SC/40-200 MM (8"") | IM-000082 BENDS, SEAMLESS, SHORT, IBR-SC/80-25 MM (1"") | IM-000085 BENDS, SEAMLESS, SHORT, IBR-SC/80-50 MM (2"")"
PF / 4132,"BENDS , SEAMLESS , SHORT ( ELBOW) , IBR -SC/40- 500 MM",0,,,,suggest,,,,sheet has no unit,Similar catalog names,"IM-000082 BENDS, SEAMLESS, SHORT, IBR-SC/80-25 MM (1"") | IM-000085 BENDS, SEAMLESS, SHORT, IBR-SC/80-50 MM (2"") | IM-000087 BENDS, SEAMLESS, SHORT, IBR-SC/80-80 MM (3"") | IM-000080 BENDS, SEAMLESS, SHORT, IBR-SC/80 15 MM (1/2"")"
PF / 4140,"BENDS , SEAMLESS , LONG  , IBR - SC/40 - 15 MM (1/2"")",0,,,,name,IM-000066,"BENDS, SEAMLESS, LONG, IBR SC/40 15 MM (1/2"")",Nos,sheet has no unit,same name,
PF / 4141,"BENDS , SEAMLESS , LONG , IBR -SC/40- 20 MM (3/4"")",0,,,,name,IM-000067,"BENDS, SEAMLESS, LONG, IBR-SC/40-20 MM (3/4"")",Nos,sheet has no unit,same name,
PF / 4142,"BENDS , SEAMLESS , LONG , IBR -SC/40- 25 MM (1"")",39,,,,name,IM-000068,"BENDS, SEAMLESS, LONG, IBR-SC/40-25 MM (1"")",Nos,sheet has no unit,same name,
PF / 4143,"BENDS , SEAMLESS , LONG , IBR -SC/40- 32 MM (11/4"")",0,,,,name,IM-000069,"BENDS, SEAMLESS, LONG, IBR-SC/40-32 MM (11/4"")",Nos,sheet has no unit,same name,
PF / 4144,"BENDS , SEAMLESS , LONG , IBR -SC/40- 40 MM (11/2"")",4,,,120,name,IM-000070,"BENDS, SEAMLESS, LONG, IBR-SC/40-40 MM (11/2"")",Nos,sheet has no unit,same name,
PF / 4145,"BENDS , SEAMLESS , LONG , IBR -SC/40- 50 MM (2"")",0,,,,name,IM-000071,"BENDS, SEAMLESS, LONG, IBR-SC/40-50 MM (2"")",Nos,sheet has no unit,same name,
PF / 4146,"BENDS , SEAMLESS , LONG , IBR -SC/40- 65 MM (21/2"")",0,,,,name,IM-000072,"BENDS, SEAMLESS, LONG, IBR-SC/40-65 MM (21/2"")",Nos,sheet has no unit,same name,
PF / 4147,"BENDS , SEAMLESS , LONG , IBR -SC/40- 80 MM (3"")",0,,,,name,IM-000073,"BENDS, SEAMLESS, LONG, IBR-SC/40-80 MM (3"")",Nos,sheet has no unit,same name,
PF / 4128,"BENDS , SEAMLESS , SHORT ( ELBOW) , IBR -SC/40- 100 MM (4"")",14,,,636.43,decided,IM-000046,"BENDS, SEAMLESS, SHORT(90)IBR-SC/40 100MM (4"")",Nos,"duplicate sheet row, count once",checked by hand,
PF / 4149,"BENDS , SEAMLESS , LONG , IBR -SC/40- 125 MM (5"")",0,,,,name,IM-000075,"BENDS, SEAMLESS, LONG, IBR-SC/40-125 MM (5"")",Nos,sheet has no unit,same name,
PF / 4150,"BENDS , SEAMLESS , LONG , IBR -SC/40- 150 MM (6"")",0,,,,name,IM-000076,"BENDS, SEAMLESS, LONG, IBR-SC/40-150 MM (6"")",Nos,sheet has no unit,same name,
PF / 4151,"BENDS , SEAMLESS , LONG , IBR -SC/40- 200 MM (8"")",0,,,,name,IM-000077,"BENDS, SEAMLESS, LONG, IBR-SC/40-200 MM (8"")",Nos,sheet has no unit,same name,
PF / 4160,"BENDS , SEAMLESS , SHORT , IBR -SC/80 - 15 MM (1/2"")",0,,,,name,IM-000080,"BENDS, SEAMLESS, SHORT, IBR-SC/80 15 MM (1/2"")",Nos,sheet has no unit,same name,
PF / 4161,"BENDS , SEAMLESS , SHORT , IBR -SC/80- 20 MM (3/4"")",0,,,,name,IM-000081,"BENDS, SEAMLESS, SHORT, IBR-SC/80-20 MM (3/4"")",Nos,sheet has no unit,same name,
PF / 4162,"BENDS , SEAMLESS , SHORT , IBR -SC/80- 25 MM (1"")",0,,,,name,IM-000082,"BENDS, SEAMLESS, SHORT, IBR-SC/80-25 MM (1"")",Nos,sheet has no unit,same name,
PF / 4163,"BENDS , SEAMLESS , SHORT , IBR -SC/80- 32 MM (11/4"")",0,,,,name,IM-000083,"BENDS, SEAMLESS, SHORT, IBR-SC/80-32 MM (11/4"")",Nos,sheet has no unit,same name,
PF / 4164,"BENDS , SEAMLESS , SHORT , IBR -SC/80- 40 MM (11/2"")",0,,,,name,IM-000084,"BENDS, SEAMLESS, SHORT, IBR-SC/80-40 MM (11/2"")",Nos,sheet has no unit,same name,
PF / 4165,"BENDS , SEAMLESS , SHORT , IBR -SC/80- 50 MM (2"")",0,,,,name,IM-000085,"BENDS, SEAMLESS, SHORT, IBR-SC/80-50 MM (2"")",Nos,sheet has no unit,same name,
PF / 4166,"BENDS , SEAMLESS , SHORT , IBR -SC/80- 65 MM (21/2"")",0,,,,name,IM-000086,"BENDS, SEAMLESS, SHORT, IBR-SC/80-65 MM (21/2"")",Nos,sheet has no unit,same name,
PF / 4167,"BENDS , SEAMLESS , SHORT , IBR -SC/80- 80 MM (3"")",0,,,,name,IM-000087,"BENDS, SEAMLESS, SHORT, IBR-SC/80-80 MM (3"")",Nos,sheet has no unit,same name,
PF / 4168,"BENDS , SEAMLESS , SHORT , IBR -SC/80- 100 MM (4"")",0,,,,name,IM-000088,"BENDS, SEAMLESS, SHORT, IBR-SC/80-100 MM (4"")",Nos,sheet has no unit,same name,
PF / 4169,"BENDS , SEAMLESS , SHORT , IBR -SC/80- 125 MM (5"")",0,,,,name,IM-000089,"BENDS, SEAMLESS, SHORT, IBR-SC/80-125 MM (5"")",Nos,sheet has no unit,same name,
PF / 4170,"BENDS , SEAMLESS , SHORT , IBR -SC/80- 150 MM (6"")",0,,,,name,IM-000090,"BENDS, SEAMLESS, SHORT, IBR-SC/80-150 MM (6"")",Nos,sheet has no unit,same name,
PF / 4171,"BENDS , SEAMLESS , SHORT , IBR -SC/80- 200 MM (8"")",0,,,,name,IM-000091,"BENDS, SEAMLESS, SHORT, IBR-SC/80-200 MM (8"")",Nos,sheet has no unit,same name,
PF / 4180,"BENDS , SEAMLESS , LONG  , IBR - SC/80 - 15 MM (1/2"")",0,,,,name,IM-000094,"BENDS, SEAMLESS, LONG, IBR SC/80 15 MM (1/2"")",Nos,sheet has no unit,same name,
PF / 4181,"BENDS , SEAMLESS , LONG , IBR -SC/80- 20 MM (3/4"")",0,,,,name,IM-000095,"BENDS, SEAMLESS, LONG, IBR-SC/80-20 MM (3/4"")",Nos,sheet has no unit,same name,
PF / 4182,"BENDS , SEAMLESS , LONG , IBR -SC/80- 25 MM (1"")",0,,,,name,IM-000096,"BENDS, SEAMLESS, LONG, IBR-SC/80-25 MM (1"")",Nos,sheet has no unit,same name,
PF / 4183,"BENDS , SEAMLESS , LONG , IBR -SC/80- 32 MM (11/4"")",0,,,,name,IM-000097,"BENDS, SEAMLESS, LONG, IBR-SC/80-32 MM (11/4"")",Nos,sheet has no unit,same name,
PF / 4184,"BENDS , SEAMLESS , LONG , IBR -SC/80- 40 MM (11/2"")",0,,,,name,IM-000098,"BENDS, SEAMLESS, LONG, IBR-SC/80-40 MM (11/2"")",Nos,sheet has no unit,same name,
PF / 4185,"BENDS , SEAMLESS , LONG , IBR -SC/80- 50 MM (2"")",0,,,,name,IM-000099,"BENDS, SEAMLESS, LONG, IBR-SC/80-50 MM (2"")",Nos,sheet has no unit,same name,
PF / 4186,"BENDS , SEAMLESS , LONG , IBR -SC/80- 65 MM (21/2"")",0,,,,name,IM-000100,"BENDS, SEAMLESS, LONG, IBR-SC/80-65 MM (21/2"")",Nos,sheet has no unit,same name,
PF / 4187,"BENDS , SEAMLESS , LONG , IBR -SC/80- 80 MM (3"")",0,,,,name,IM-000101,"BENDS, SEAMLESS, LONG, IBR-SC/80-80 MM (3"")",Nos,sheet has no unit,same name,
PF / 4188,"BENDS , SEAMLESS , LONG , IBR -SC/80- 100 MM (4"")",0,,,,name,IM-000102,"BENDS, SEAMLESS, LONG, IBR-SC/80-100 MM (4"")",Nos,sheet has no unit,same name,
PF / 4189,"BENDS , SEAMLESS , LONG , IBR -SC/80- 125 MM (5"")",0,,,,name,IM-000103,"BENDS, SEAMLESS, LONG, IBR-SC/80-125 MM (5"")",Nos,sheet has no unit,same name,
PF / 4190,"BENDS , SEAMLESS , LONG , IBR -SC/80- 150 MM (6"")",0,,,,name,IM-000104,"BENDS, SEAMLESS, LONG, IBR-SC/80-150 MM (6"")",Nos,sheet has no unit,same name,
PF / 4191,"BENDS , SEAMLESS , LONG , IBR -SC/80- 200 MM (8"")",0,,,,name,IM-000105,"BENDS, SEAMLESS, LONG, IBR-SC/80-200 MM (8"")",Nos,sheet has no unit,same name,
PF / 4199,"COUPLING ,  IBR -SC-40 - 10 MM ( 3/8"")",-15,,,,suggest,,,,sheet has no unit,Similar catalog names,"IM-000308 COUPLING, NON-IBR-SC-40 10 MM | IM-000252 COUPLING, IBR-SC/40-25 MM (1"") | IM-000255 COUPLING, IBR-SC/40-50 MM (2"") | IM-000257 COUPLING, IBR-SC/40-80 MM (3"")"
PF / 4200,"COUPLING ,  IBR -SC-40 - 15 MM ( 1/2"")",-80,,,,name,IM-000250,"COUPLING, IBR-SC-40 15 MM (1/2"")",Nos,sheet has no unit,same name,
PF / 4201,"COUPLING  , IBR -SC/40- 20 MM (3/4"")",0,,,,name,IM-000251,"COUPLING, IBR-SC/40-20 MM (3/4"")",Nos,sheet has no unit,same name,
PF / 4202,"COUPLING ,  IBR -SC/40- 25 MM (1"")",-14,,,,name,IM-000252,"COUPLING, IBR-SC/40-25 MM (1"")",Nos,sheet has no unit,same name,
PF / 4203,"COUPLING ,   IBR -SC/40- 32 MM (11/4"")",0,,,,name,IM-000253,"COUPLING, IBR-SC/40-32 MM (11/4"")",Nos,sheet has no unit,same name,
PF / 4204,"COUPLING ,   IBR -SC/40- 40 MM (11/2"")",0,,,,name,IM-000254,"COUPLING, IBR-SC/40-40 MM (11/2"")",Nos,sheet has no unit,same name,
PF / 4205,"COUPLING ,   IBR -SC/40- 50 MM (2"")",0,,,,name,IM-000255,"COUPLING, IBR-SC/40-50 MM (2"")",Nos,sheet has no unit,same name,
PF / 4206,"COUPLING ,   IBR -SC/40- 65 MM (21/2"")",0,,,,name,IM-000256,"COUPLING, IBR-SC/40-65 MM (21/2"")",Nos,sheet has no unit,same name,
PF / 4207,"COUPLING ,   IBR -SC/40- 80 MM (3"")",0,,,,name,IM-000257,"COUPLING, IBR-SC/40-80 MM (3"")",Nos,sheet has no unit,same name,
PF / 4208,"COUPLING ,   IBR -SC/40- 100 MM (4"")",0,,,,name,IM-000258,"COUPLING, IBR-SC/40-100 MM (4"")",Nos,sheet has no unit,same name,
PF / 4209,"COUPLING ,   IBR -SC/40- 125 MM (5"")",0,,,,name,IM-000259,"COUPLING, IBR-SC/40-125 MM (5"")",Nos,sheet has no unit,same name,
PF / 4210,"COUPLING ,   IBR -SC/40- 150 MM (6"")",0,,,,name,IM-000260,"COUPLING, IBR-SC/40-150 MM (6"")",Nos,sheet has no unit,same name,
PF / 4211,"COUPLING ,   IBR -SC/40- 200 MM (8"")",0,,,,name,IM-000261,"COUPLING, IBR-SC/40-200 MM (8"")",Nos,sheet has no unit,same name,
PF / 4220,"COUPLING ,  IBR -SC/80 - 15 MM ( 1/2"")",0,,,,name,IM-000264,"COUPLING, IBR-SC/80 15 MM (1/2"")",Nos,sheet has no unit,same name,
PF / 4221,"COUPLING  , IBR -SC/80- 20 MM (3/4"")",0,,,,name,IM-000265,"COUPLING, IBR-SC/80-20 MM (3/4"")",Nos,sheet has no unit,same name,
PF / 4222,"COUPLING ,  IBR -SC/80- 25 MM (1"")",0,,,,name,IM-000266,"COUPLING, IBR-SC/80-25 MM (1"")",Nos,sheet has no unit,same name,
PF / 4223,"COUPLING ,   IBR -SC/80- 32 MM (11/4"")",0,,,,name,IM-000267,"COUPLING, IBR-SC/80-32 MM (11/4"")",Nos,sheet has no unit,same name,
PF / 4224,"COUPLING ,   IBR -SC/80- 40 MM (11/2"")",0,,,,name,IM-000268,"COUPLING, IBR-SC/80-40 MM (11/2"")",Nos,sheet has no unit,same name,
PF / 4225,"COUPLING ,   IBR -SC/80- 50 MM (2"")",0,,,,name,IM-000269,"COUPLING, IBR-SC/80-50 MM (2"")",Nos,sheet has no unit,same name,
PF / 4226,"COUPLING ,   IBR -SC/80- 65 MM (21/2"")",0,,,,name,IM-000270,"COUPLING, IBR-SC/80-65 MM (21/2"")",Nos,sheet has no unit,same name,
PF / 4227,"COUPLING ,   IBR -SC/80- 80 MM (3"")",0,,,,name,IM-000271,"COUPLING, IBR-SC/80-80 MM (3"")",Nos,sheet has no unit,same name,
PF / 4228,"COUPLING ,   IBR -SC/80- 100 MM (4"")",0,,,,name,IM-000272,"COUPLING, IBR-SC/80-100 MM (4"")",Nos,sheet has no unit,same name,
PF / 4229,"COUPLING ,   IBR -SC/80- 125 MM (5"")",0,,,,name,IM-000273,"COUPLING, IBR-SC/80-125 MM (5"")",Nos,sheet has no unit,same name,
PF / 4230,"COUPLING ,   IBR -SC/80- 150 MM (6"")",0,,,,name,IM-000274,"COUPLING, IBR-SC/80-150 MM (6"")",Nos,sheet has no unit,same name,
PF / 4231,"COUPLING ,   IBR -SC/80- 200 MM (8"")",0,,,,name,IM-000275,"COUPLING, IBR-SC/80-200 MM (8"")",Nos,sheet has no unit,same name,
PF / 4232,"COUPLING , IBR #300 -15 MM ( 1/2"")",0,,,,suggest,,,,sheet has no unit,Similar catalog names,"IM-000291 COUPLING (SOCKET WELD) IBR-CLASS#1500-300 MM (12"") | IM-000307 COUPLING (SOCKET WELD) IBR-CLASS#3000-300 MM (12"") | IM-000252 COUPLING, IBR-SC/40-25 MM (1"") | IM-000255 COUPLING, IBR-SC/40-50 MM (2"")"
PF / 4233,"COUPLING , IBR #300 -25 MM ( 1"")",0,,,,suggest,,,,sheet has no unit,Similar catalog names,"IM-000291 COUPLING (SOCKET WELD) IBR-CLASS#1500-300 MM (12"") | IM-000307 COUPLING (SOCKET WELD) IBR-CLASS#3000-300 MM (12"") | IM-000252 COUPLING, IBR-SC/40-25 MM (1"") | IM-000255 COUPLING, IBR-SC/40-50 MM (2"")"
PF / 4239,"NIPPLE ,  IBR -SC-40 - 10 MM ( 3/8"")",-4,,,,suggest,,,,sheet has no unit,Similar catalog names,"IM-001172 HEX NIPPLE MS NON-IBR-25 MM (1"") | IM-001175 HEX NIPPLE MS NON-IBR-50 MM (2"") | IM-001176 HEX NIPPLE MS NON-IBR-80 MM (2"") | IM-001168 HEX NIPPLE MS NON-IBR 6 MM (1/4"")"
PF / 4240,"NIPPLE ,  IBR -SC-40 - 15 MM ( 1/2"")",-8,,,,suggest,,,,sheet has no unit,Similar catalog names,"IM-001172 HEX NIPPLE MS NON-IBR-25 MM (1"") | IM-001175 HEX NIPPLE MS NON-IBR-50 MM (2"") | IM-001176 HEX NIPPLE MS NON-IBR-80 MM (2"") | IM-001168 HEX NIPPLE MS NON-IBR 6 MM (1/4"")"
PF / 4241,"NIPPLE , IBR -SC/40- 20 MM (3/4"")",0,,,,suggest,,,,sheet has no unit,Similar catalog names,"IM-001172 HEX NIPPLE MS NON-IBR-25 MM (1"") | IM-001175 HEX NIPPLE MS NON-IBR-50 MM (2"") | IM-001176 HEX NIPPLE MS NON-IBR-80 MM (2"") | IM-001168 HEX NIPPLE MS NON-IBR 6 MM (1/4"")"
PF / 4242,"NIPPLE,  IBR -SC/40- 25 MM (1"")",-8,,,,suggest,,,,sheet has no unit,Similar catalog names,"IM-001172 HEX NIPPLE MS NON-IBR-25 MM (1"") | IM-001175 HEX NIPPLE MS NON-IBR-50 MM (2"") | IM-001176 HEX NIPPLE MS NON-IBR-80 MM (2"") | IM-001168 HEX NIPPLE MS NON-IBR 6 MM (1/4"")"
PF / 4243,"NIPPLE,   IBR -SC/40- 32 MM (11/4"")",0,,,,suggest,,,,sheet has no unit,Similar catalog names,"IM-001172 HEX NIPPLE MS NON-IBR-25 MM (1"") | IM-001175 HEX NIPPLE MS NON-IBR-50 MM (2"") | IM-001176 HEX NIPPLE MS NON-IBR-80 MM (2"") | IM-001168 HEX NIPPLE MS NON-IBR 6 MM (1/4"")"
PF / 4244,"NIPPLE,   IBR -SC/40- 40 MM (11/2"")",0,,,,suggest,,,,sheet has no unit,Similar catalog names,"IM-001172 HEX NIPPLE MS NON-IBR-25 MM (1"") | IM-001175 HEX NIPPLE MS NON-IBR-50 MM (2"") | IM-001176 HEX NIPPLE MS NON-IBR-80 MM (2"") | IM-001168 HEX NIPPLE MS NON-IBR 6 MM (1/4"")"
PF / 4245,"NIPPLE,   IBR -SC/40- 50 MM (2"")",0,,,,suggest,,,,sheet has no unit,Similar catalog names,"IM-001172 HEX NIPPLE MS NON-IBR-25 MM (1"") | IM-001175 HEX NIPPLE MS NON-IBR-50 MM (2"") | IM-001176 HEX NIPPLE MS NON-IBR-80 MM (2"") | IM-001168 HEX NIPPLE MS NON-IBR 6 MM (1/4"")"
PF / 4246,"NIPPLE,   IBR -SC/40- 65 MM (21/2"")",0,,,,suggest,,,,sheet has no unit,Similar catalog names,"IM-001172 HEX NIPPLE MS NON-IBR-25 MM (1"") | IM-001175 HEX NIPPLE MS NON-IBR-50 MM (2"") | IM-001176 HEX NIPPLE MS NON-IBR-80 MM (2"") | IM-001168 HEX NIPPLE MS NON-IBR 6 MM (1/4"")"
PF / 4247,"NIPPLE,   IBR -SC/40- 80 MM (3"")",0,,,,suggest,,,,sheet has no unit,Similar catalog names,"IM-001172 HEX NIPPLE MS NON-IBR-25 MM (1"") | IM-001175 HEX NIPPLE MS NON-IBR-50 MM (2"") | IM-001176 HEX NIPPLE MS NON-IBR-80 MM (2"") | IM-001168 HEX NIPPLE MS NON-IBR 6 MM (1/4"")"
PF / 4248,"NIPPLE,   IBR -SC/40- 100 MM (4"")",0,,,,suggest,,,,sheet has no unit,Similar catalog names,"IM-001177 HEX NIPPLE MS NON-IBR-100 MM (2"") | IM-002192 PIPE NIPPLE, NON-IBR-SC/40-100 MM (4"") | IM-002204 PIPE NIPPLE, NON-IBR-SC/80-100 MM (4"") | IM-002166 PIPE NIPPLE, IBR-SC/40-100 MM X 150 MM (4"")"
PF / 4249,"NIPPLE,   IBR -SC/40- 125 MM (5"")",0,,,,suggest,,,,sheet has no unit,Similar catalog names,"IM-002193 PIPE NIPPLE, NON-IBR-SC/40-125 MM (5"") | IM-002205 PIPE NIPPLE, NON-IBR-SC/80-125 MM (5"") | IM-002167 PIPE NIPPLE, IBR-SC/40-125 MM X 150 MM (5"") | IM-002181 PIPE NIPPLE, IBR-SC/80-125 MM X 150 MM (5"")"
PF / 4250,"NIPPLE,   IBR -SC/40- 150 MM (6"")",0,,,,suggest,,,,sheet has no unit,Similar catalog names,"IM-002194 PIPE NIPPLE, NON-IBR-SC/40-150 MM (6"") | IM-002206 PIPE NIPPLE, NON-IBR-SC/80-150 MM (6"") | IM-002156 PIPE NIPPLE, IBR-SC-40 6 MM X 150 MM(1/4"") | IM-002160 PIPE NIPPLE, IBR-SC/40-25 MM X 150 MM (1"")"
PF / 4251,"NIPPLE,   IBR -SC/40- 200 MM (8"")",0,,,,suggest,,,,sheet has no unit,Similar catalog names,"IM-002195 PIPE NIPPLE, NON-IBR-SC/40-200 MM (8"") | IM-002207 PIPE NIPPLE, NON-IBR-SC/80-200 MM (8"") | IM-002169 PIPE NIPPLE, IBR-SC/40-200 MM X 150 MM (8"") | IM-002183 PIPE NIPPLE, IBR-SC/80-200 MM X 150 MM (8"")"
PF / 4252,"NIPPLE,   MS - SC-40- 15 ""X 150 MM",0,,,,suggest,,,,sheet has no unit,Similar catalog names,"IM-002194 PIPE NIPPLE, NON-IBR-SC/40-150 MM (6"") | IM-002206 PIPE NIPPLE, NON-IBR-SC/80-150 MM (6"") | IM-002156 PIPE NIPPLE, IBR-SC-40 6 MM X 150 MM(1/4"") | IM-002160 PIPE NIPPLE, IBR-SC/40-25 MM X 150 MM (1"")"
PF / 4253,"NIPPLE,   MS -SC-40 -40 ""X 150 MM",0,,,,suggest,,,,sheet has no unit,Similar catalog names,"IM-002194 PIPE NIPPLE, NON-IBR-SC/40-150 MM (6"") | IM-002206 PIPE NIPPLE, NON-IBR-SC/80-150 MM (6"") | IM-002156 PIPE NIPPLE, IBR-SC-40 6 MM X 150 MM(1/4"") | IM-002160 PIPE NIPPLE, IBR-SC/40-25 MM X 150 MM (1"")"
PF / 4260,"NIPPLE,  IBR -SC/80 - 15 MM ( 1/2"")",0,,,,suggest,,,,sheet has no unit,Similar catalog names,"IM-001172 HEX NIPPLE MS NON-IBR-25 MM (1"") | IM-001175 HEX NIPPLE MS NON-IBR-50 MM (2"") | IM-001176 HEX NIPPLE MS NON-IBR-80 MM (2"") | IM-001168 HEX NIPPLE MS NON-IBR 6 MM (1/4"")"
PF / 4261,"NIPPLE , IBR -SC/80- 20 MM (3/4"")",0,,,,suggest,,,,sheet has no unit,Similar catalog names,"IM-001172 HEX NIPPLE MS NON-IBR-25 MM (1"") | IM-001175 HEX NIPPLE MS NON-IBR-50 MM (2"") | IM-001176 HEX NIPPLE MS NON-IBR-80 MM (2"") | IM-001168 HEX NIPPLE MS NON-IBR 6 MM (1/4"")"
PF / 4262,"NIPPLE,  IBR -SC/80- 25 MM (1"")",0,,,,suggest,,,,sheet has no unit,Similar catalog names,"IM-001172 HEX NIPPLE MS NON-IBR-25 MM (1"") | IM-001175 HEX NIPPLE MS NON-IBR-50 MM (2"") | IM-001176 HEX NIPPLE MS NON-IBR-80 MM (2"") | IM-001168 HEX NIPPLE MS NON-IBR 6 MM (1/4"")"
PF / 4263,"NIPPLE,   IBR -SC/80- 32 MM (11/4"")",0,,,,suggest,,,,sheet has no unit,Similar catalog names,"IM-001172 HEX NIPPLE MS NON-IBR-25 MM (1"") | IM-001175 HEX NIPPLE MS NON-IBR-50 MM (2"") | IM-001176 HEX NIPPLE MS NON-IBR-80 MM (2"") | IM-001168 HEX NIPPLE MS NON-IBR 6 MM (1/4"")"
PF / 4264,"NIPPLE,   IBR -SC/80- 40 MM (11/2"")",0,,,,suggest,,,,sheet has no unit,Similar catalog names,"IM-001172 HEX NIPPLE MS NON-IBR-25 MM (1"") | IM-001175 HEX NIPPLE MS NON-IBR-50 MM (2"") | IM-001176 HEX NIPPLE MS NON-IBR-80 MM (2"") | IM-001168 HEX NIPPLE MS NON-IBR 6 MM (1/4"")"
PF / 4265,"NIPPLE,   IBR -SC/80- 50 MM (2"")",0,,,,suggest,,,,sheet has no unit,Similar catalog names,"IM-001172 HEX NIPPLE MS NON-IBR-25 MM (1"") | IM-001175 HEX NIPPLE MS NON-IBR-50 MM (2"") | IM-001176 HEX NIPPLE MS NON-IBR-80 MM (2"") | IM-001168 HEX NIPPLE MS NON-IBR 6 MM (1/4"")"
PF / 4266,"NIPPLE,   IBR -SC/80- 65 MM (21/2"")",0,,,,suggest,,,,sheet has no unit,Similar catalog names,"IM-001172 HEX NIPPLE MS NON-IBR-25 MM (1"") | IM-001175 HEX NIPPLE MS NON-IBR-50 MM (2"") | IM-001176 HEX NIPPLE MS NON-IBR-80 MM (2"") | IM-001168 HEX NIPPLE MS NON-IBR 6 MM (1/4"")"
PF / 4267,"NIPPLE,   IBR -SC/80- 80 MM (3"")",0,,,,suggest,,,,sheet has no unit,Similar catalog names,"IM-001172 HEX NIPPLE MS NON-IBR-25 MM (1"") | IM-001175 HEX NIPPLE MS NON-IBR-50 MM (2"") | IM-001176 HEX NIPPLE MS NON-IBR-80 MM (2"") | IM-001168 HEX NIPPLE MS NON-IBR 6 MM (1/4"")"
PF / 4268,"NIPPLE,   IBR -SC/80- 100 MM (4"")",0,,,,suggest,,,,sheet has no unit,Similar catalog names,"IM-001177 HEX NIPPLE MS NON-IBR-100 MM (2"") | IM-002192 PIPE NIPPLE, NON-IBR-SC/40-100 MM (4"") | IM-002204 PIPE NIPPLE, NON-IBR-SC/80-100 MM (4"") | IM-002166 PIPE NIPPLE, IBR-SC/40-100 MM X 150 MM (4"")"
PF / 4269,"NIPPLE,   IBR -SC/80- 125 MM (5"")",0,,,,suggest,,,,sheet has no unit,Similar catalog names,"IM-002193 PIPE NIPPLE, NON-IBR-SC/40-125 MM (5"") | IM-002205 PIPE NIPPLE, NON-IBR-SC/80-125 MM (5"") | IM-002167 PIPE NIPPLE, IBR-SC/40-125 MM X 150 MM (5"") | IM-002181 PIPE NIPPLE, IBR-SC/80-125 MM X 150 MM (5"")"
PF / 4270,"NIPPLE,   IBR -SC/80- 150 MM (6"")",0,,,,suggest,,,,sheet has no unit,Similar catalog names,"IM-002194 PIPE NIPPLE, NON-IBR-SC/40-150 MM (6"") | IM-002206 PIPE NIPPLE, NON-IBR-SC/80-150 MM (6"") | IM-002156 PIPE NIPPLE, IBR-SC-40 6 MM X 150 MM(1/4"") | IM-002160 PIPE NIPPLE, IBR-SC/40-25 MM X 150 MM (1"")"
PF / 4271,"NIPPLE,   IBR -SC/80- 200 MM (8"")",0,,,,suggest,,,,sheet has no unit,Similar catalog names,"IM-002195 PIPE NIPPLE, NON-IBR-SC/40-200 MM (8"") | IM-002207 PIPE NIPPLE, NON-IBR-SC/80-200 MM (8"") | IM-002169 PIPE NIPPLE, IBR-SC/40-200 MM X 150 MM (8"") | IM-002183 PIPE NIPPLE, IBR-SC/80-200 MM X 150 MM (8"")"
PF / 4280,"REDUCER , IBR -SC-40 - 15 MM ( 1/2"")",0,,,,suggest,,,,sheet has no unit,Similar catalog names,"IM-003076 REDUCER, IBR-SC/40-50 MM (2"") | IM-003078 REDUCER, IBR-SC/40-100 MM (4"") | IM-003075 REDUCER, IBR-SC/40-40 MM (11/2"") | IM-003077 REDUCER, IBR-SC/40-65 MM (21/2"")"
PF / 4281,"REDUCER, IBR -SC/40- 20 MM (3/4"")",0,,,,suggest,,,,sheet has no unit,Similar catalog names,"IM-003076 REDUCER, IBR-SC/40-50 MM (2"") | IM-003078 REDUCER, IBR-SC/40-100 MM (4"") | IM-003075 REDUCER, IBR-SC/40-40 MM (11/2"") | IM-003077 REDUCER, IBR-SC/40-65 MM (21/2"")"
PF / 4282,"REDUCER, IBR -SC/40- 25 MM (1"")",0,,,,suggest,,,,sheet has no unit,Similar catalog names,"IM-003076 REDUCER, IBR-SC/40-50 MM (2"") | IM-003078 REDUCER, IBR-SC/40-100 MM (4"") | IM-003075 REDUCER, IBR-SC/40-40 MM (11/2"") | IM-003077 REDUCER, IBR-SC/40-65 MM (21/2"")"
PF / 4283,"REDUCER,  IBR -SC/40- 32 MM (11/4"")",0,,,,suggest,,,,sheet has no unit,Similar catalog names,"IM-003076 REDUCER, IBR-SC/40-50 MM (2"") | IM-003078 REDUCER, IBR-SC/40-100 MM (4"") | IM-003075 REDUCER, IBR-SC/40-40 MM (11/2"") | IM-003077 REDUCER, IBR-SC/40-65 MM (21/2"")"
PF / 4284,"REDUCER,  IBR -SC/40- 40 MM (11/2"")",2,,,52,decided,IM-003075,"REDUCER, IBR-SC/40-40 MM (11/2"")",Nos,sheet has no unit,checked by hand,
PF / 4285,"REDUCER,  IBR -SC/40- 50 MM (2"")",1,,,79,decided,IM-003076,"REDUCER, IBR-SC/40-50 MM (2"")",Nos,sheet has no unit,checked by hand,
PF / 4286,"REDUCER,  IBR -SC/40- 65 MM (21/2"")",2,,,165,decided,IM-003077,"REDUCER, IBR-SC/40-65 MM (21/2"")",Nos,sheet has no unit,checked by hand,
PF / 4287,"REDUCER,  IBR -SC/40- 80 MM (3"")",0,,,,suggest,,,,sheet has no unit,Similar catalog names,"IM-003076 REDUCER, IBR-SC/40-50 MM (2"") | IM-003078 REDUCER, IBR-SC/40-100 MM (4"") | IM-003075 REDUCER, IBR-SC/40-40 MM (11/2"") | IM-003077 REDUCER, IBR-SC/40-65 MM (21/2"")"
PF / 4288,"REDUCER,  IBR -SC/40- 100 MM (4"")",1,,,262.5,decided,IM-003078,"REDUCER, IBR-SC/40-100 MM (4"")",Nos,sheet has no unit,checked by hand,
PF / 4289,"REDUCER,  IBR -SC/40- 125 MM (5"")",0,,,,suggest,,,,sheet has no unit,Similar catalog names,"IM-002318 REDUCER, NON-IBR-SC/40-125 MM (5"") | IM-002330 REDUCER, NON-IBR-SC/80-125 MM (5"") | IM-000545 ECCENTRIC REDUCER, IBR-SC/40-50 MM X 125 MM(2"") | IM-000588 ECCENTRIC REDUCER, IBR-SC/80-50 MM X 125 MM(2"")"
PF / 4290,"REDUCER,  IBR -SC/40- 150 MM (6"")",0,,,,suggest,,,,sheet has no unit,Similar catalog names,"IM-002319 REDUCER, NON-IBR-SC/40-150 MM (6"") | IM-002331 REDUCER, NON-IBR-SC/80-150 MM (6"") | IM-000552 ECCENTRIC REDUCER, IBR-SC/40-80 MM X 150 MM (3"") | IM-000595 ECCENTRIC REDUCER, IBR-SC/80-80 MM X 150 MM (3"")"
PF / 4291,"REDUCER,  IBR -SC/40- 200 MM (8"")",0,,,,suggest,,,,sheet has no unit,Similar catalog names,"IM-002320 REDUCER, NON-IBR-SC/40-200 MM (8"") | IM-002332 REDUCER, NON-IBR-SC/80-200 MM (8"") | IM-000553 ECCENTRIC REDUCER, IBR-SC/40-80 MM X 200 MM (3"") | IM-000596 ECCENTRIC REDUCER, IBR-SC/80-80 MM X 200 MM (3"")"
PF / 4295,"REDUCER,  IBR -SC/40- 3"" X 1"" (IBR)",0,,,,suggest,,,,sheet has no unit,Similar catalog names,"IM-003076 REDUCER, IBR-SC/40-50 MM (2"") | IM-003078 REDUCER, IBR-SC/40-100 MM (4"") | IM-003075 REDUCER, IBR-SC/40-40 MM (11/2"") | IM-003077 REDUCER, IBR-SC/40-65 MM (21/2"")"
PF / 4296,"REDUCER,  IBR -SC/40- 1"" X 2"" (IBR)",0,,,,suggest,,,,sheet has no unit,Similar catalog names,"IM-003076 REDUCER, IBR-SC/40-50 MM (2"") | IM-003078 REDUCER, IBR-SC/40-100 MM (4"") | IM-003075 REDUCER, IBR-SC/40-40 MM (11/2"") | IM-003077 REDUCER, IBR-SC/40-65 MM (21/2"")"
PF / 4297,"REDUCER,  IBR -SC/40- 2"" X 2 1/2"" (IBR)",0,,,,suggest,,,,sheet has no unit,Similar catalog names,"IM-003076 REDUCER, IBR-SC/40-50 MM (2"") | IM-003078 REDUCER, IBR-SC/40-100 MM (4"") | IM-003075 REDUCER, IBR-SC/40-40 MM (11/2"") | IM-003077 REDUCER, IBR-SC/40-65 MM (21/2"")"
PF / 4298,"REDUCER,  IBR -SC/40- 6"" X 3"" (IBR)",0,,,,suggest,,,,sheet has no unit,Similar catalog names,"IM-003076 REDUCER, IBR-SC/40-50 MM (2"") | IM-003078 REDUCER, IBR-SC/40-100 MM (4"") | IM-003075 REDUCER, IBR-SC/40-40 MM (11/2"") | IM-003077 REDUCER, IBR-SC/40-65 MM (21/2"")"
PF / 4299,"REDUCER,  IBR -SC/40- 20"" X 16"" (IBR)",0,,,,suggest,,,,sheet has no unit,Similar catalog names,"IM-003076 REDUCER, IBR-SC/40-50 MM (2"") | IM-003078 REDUCER, IBR-SC/40-100 MM (4"") | IM-003075 REDUCER, IBR-SC/40-40 MM (11/2"") | IM-003077 REDUCER, IBR-SC/40-65 MM (21/2"")"
PF / 4300-A,"REDUCING TEE,  IBR -SC/40- 28"" X 28"" X 20"" (IBR)",0,,,,suggest,,,,sheet has no unit,Similar catalog names,"IM-003014 TEE (SOCKET WELD) IBR-CLASS#3000 25 MM (1"")"
PF / 4301-A,"REDUCER, IBR-SC/40- 3"" X 2""",0,,,,suggest,,,,sheet has no unit,Similar catalog names,"IM-003076 REDUCER, IBR-SC/40-50 MM (2"") | IM-003078 REDUCER, IBR-SC/40-100 MM (4"") | IM-003075 REDUCER, IBR-SC/40-40 MM (11/2"") | IM-003077 REDUCER, IBR-SC/40-65 MM (21/2"")"
PF / 4302-A,"REDUCER, IBR-SC/40- 1"" X 1/2""",0,,,,suggest,,,,sheet has no unit,Similar catalog names,"IM-003076 REDUCER, IBR-SC/40-50 MM (2"") | IM-003078 REDUCER, IBR-SC/40-100 MM (4"") | IM-003075 REDUCER, IBR-SC/40-40 MM (11/2"") | IM-003077 REDUCER, IBR-SC/40-65 MM (21/2"")"
PF / 4303-A,"REDUCER, IBR-SC/80- 1"" X 1/2""",0,,,,suggest,,,,sheet has no unit,Similar catalog names,"IM-003076 REDUCER, IBR-SC/40-50 MM (2"") | IM-003078 REDUCER, IBR-SC/40-100 MM (4"") | IM-003075 REDUCER, IBR-SC/40-40 MM (11/2"") | IM-003077 REDUCER, IBR-SC/40-65 MM (21/2"")"
PF / 4312,"REDUCER, IBR-SC/40- 6"" X 4""",0,,,,suggest,,,,sheet has no unit,Similar catalog names,"IM-003076 REDUCER, IBR-SC/40-50 MM (2"") | IM-003078 REDUCER, IBR-SC/40-100 MM (4"") | IM-003075 REDUCER, IBR-SC/40-40 MM (11/2"") | IM-003077 REDUCER, IBR-SC/40-65 MM (21/2"")"
PF / 4300,"REDUCER, IBR -SC/80 - 15 MM ( 1/2"")",0,,,,suggest,,,,sheet has no unit,Similar catalog names,"IM-003076 REDUCER, IBR-SC/40-50 MM (2"") | IM-003078 REDUCER, IBR-SC/40-100 MM (4"") | IM-003075 REDUCER, IBR-SC/40-40 MM (11/2"") | IM-003077 REDUCER, IBR-SC/40-65 MM (21/2"")"
PF / 4301,"REDUCER, IBR -SC/80- 20 MM (3/4"")",0,,,,suggest,,,,sheet has no unit,Similar catalog names,"IM-003076 REDUCER, IBR-SC/40-50 MM (2"") | IM-003078 REDUCER, IBR-SC/40-100 MM (4"") | IM-003075 REDUCER, IBR-SC/40-40 MM (11/2"") | IM-003077 REDUCER, IBR-SC/40-65 MM (21/2"")"
PF / 4302,"REDUCER, IBR -SC/80- 25 MM (1"")",0,,,,suggest,,,,sheet has no unit,Similar catalog names,"IM-003076 REDUCER, IBR-SC/40-50 MM (2"") | IM-003078 REDUCER, IBR-SC/40-100 MM (4"") | IM-003075 REDUCER, IBR-SC/40-40 MM (11/2"") | IM-003077 REDUCER, IBR-SC/40-65 MM (21/2"")"
PF / 4303,"REDUCER,  IBR -SC/80- 32 MM (11/4"")",0,,,,suggest,,,,sheet has no unit,Similar catalog names,"IM-003076 REDUCER, IBR-SC/40-50 MM (2"") | IM-003078 REDUCER, IBR-SC/40-100 MM (4"") | IM-003075 REDUCER, IBR-SC/40-40 MM (11/2"") | IM-003077 REDUCER, IBR-SC/40-65 MM (21/2"")"
PF / 4304,"REDUCER,  IBR -SC/80- 40 MM (11/2"")",0,,,,suggest,,,,sheet has no unit,Similar catalog names,"IM-003076 REDUCER, IBR-SC/40-50 MM (2"") | IM-003078 REDUCER, IBR-SC/40-100 MM (4"") | IM-003075 REDUCER, IBR-SC/40-40 MM (11/2"") | IM-003077 REDUCER, IBR-SC/40-65 MM (21/2"")"
PF / 4305,"REDUCER,  IBR -SC/80- 50 MM (2"")",0,,,,suggest,,,,sheet has no unit,Similar catalog names,"IM-003076 REDUCER, IBR-SC/40-50 MM (2"") | IM-003078 REDUCER, IBR-SC/40-100 MM (4"") | IM-003075 REDUCER, IBR-SC/40-40 MM (11/2"") | IM-003077 REDUCER, IBR-SC/40-65 MM (21/2"")"
PF / 4306,"REDUCER,  IBR -SC/80- 65 MM (21/2"")",0,,,,suggest,,,,sheet has no unit,Similar catalog names,"IM-003076 REDUCER, IBR-SC/40-50 MM (2"") | IM-003078 REDUCER, IBR-SC/40-100 MM (4"") | IM-003075 REDUCER, IBR-SC/40-40 MM (11/2"") | IM-003077 REDUCER, IBR-SC/40-65 MM (21/2"")"
PF / 4307,"REDUCER,  IBR -SC/80- 80 MM (3"")",0,,,,suggest,,,,sheet has no unit,Similar catalog names,"IM-003076 REDUCER, IBR-SC/40-50 MM (2"") | IM-003078 REDUCER, IBR-SC/40-100 MM (4"") | IM-003075 REDUCER, IBR-SC/40-40 MM (11/2"") | IM-003077 REDUCER, IBR-SC/40-65 MM (21/2"")"
PF / 4308,"REDUCER,  IBR -SC/80- 100 MM (4"")",0,,,,suggest,,,,sheet has no unit,Similar catalog names,"IM-003078 REDUCER, IBR-SC/40-100 MM (4"") | IM-002317 REDUCER, NON-IBR-SC/40-100 MM (4"") | IM-002329 REDUCER, NON-IBR-SC/80-100 MM (4"") | IM-000544 ECCENTRIC REDUCER, IBR-SC/40-50 MM X 100 MM(2"")"
PF / 4309,"REDUCER,  IBR -SC/80- 125 MM (5"")",0,,,,suggest,,,,sheet has no unit,Similar catalog names,"IM-002318 REDUCER, NON-IBR-SC/40-125 MM (5"") | IM-002330 REDUCER, NON-IBR-SC/80-125 MM (5"") | IM-000545 ECCENTRIC REDUCER, IBR-SC/40-50 MM X 125 MM(2"") | IM-000588 ECCENTRIC REDUCER, IBR-SC/80-50 MM X 125 MM(2"")"
PF / 4310,"REDUCER,  IBR -SC/80- 150 MM (6"")",0,,,,suggest,,,,sheet has no unit,Similar catalog names,"IM-002319 REDUCER, NON-IBR-SC/40-150 MM (6"") | IM-002331 REDUCER, NON-IBR-SC/80-150 MM (6"") | IM-000552 ECCENTRIC REDUCER, IBR-SC/40-80 MM X 150 MM (3"") | IM-000595 ECCENTRIC REDUCER, IBR-SC/80-80 MM X 150 MM (3"")"
PF / 4311,"REDUCER,  IBR -SC/80- 200 MM (8"")",0,,,,suggest,,,,sheet has no unit,Similar catalog names,"IM-002320 REDUCER, NON-IBR-SC/40-200 MM (8"") | IM-002332 REDUCER, NON-IBR-SC/80-200 MM (8"") | IM-000553 ECCENTRIC REDUCER, IBR-SC/40-80 MM X 200 MM (3"") | IM-000596 ECCENTRIC REDUCER, IBR-SC/80-80 MM X 200 MM (3"")"
PF / 5001,"EQUAL TEE, IBR -SC/80- 25MM (1"")",0,,,,none,,,,sheet has no unit,,
PF / 5002,"ERW CLASS - C 45 DEG SHORT BEND SC/40- 200MM (8"")",0,,,,suggest,,,,sheet has no unit,Similar catalog names,"IM-002914 BENDS, MS B CLASS, 90 DEG, 50 MM (2"") | IM-002981 BENDS, MS B CLASS, 90 DEG, 15 MM (1/2"")"
PF / 4350,,0,,,,none,,,,sheet has no unit,,
PF /4351,"EXPANSION BEND, IBR -SC/40- 20 MM (3/4"")",0,,,,name,IM-000795,"EXPANSION BEND, IBR-SC/40-20 MM (3/4"")",Mtr,sheet has no unit,same name,
PF / 4352,"EXPANSION BEND, IBR -SC/40- 25 MM (1"")",0,,,,name,IM-000796,"EXPANSION BEND, IBR-SC/40-25 MM (1"")",Nos,sheet has no unit,same name,
PF / 4353,"EXPANSION BEND,  IBR -SC/40- 32 MM (11/4"")",0,,,,name,IM-000797,"EXPANSION BEND, IBR-SC/40-32 MM (11/4"")",Nos,sheet has no unit,same name,
PF / 4354,"EXPANSION BEND,  IBR -SC/40- 40 MM (11/2"")",0,,,,name,IM-000798,"EXPANSION BEND, IBR-SC/40-40 MM (11/2"")",Nos,sheet has no unit,same name,
PF / 4355,"EXPANSION BEND,  IBR -SC/40- 50 MM (2"")",0,,,,name,IM-000799,"EXPANSION BEND, IBR-SC/40-50 MM (2"")",Nos,sheet has no unit,same name,
PF / 4356,"EXPANSION BEND,  IBR -SC/40- 65 MM (21/2"")",0,,,,name,IM-000800,"EXPANSION BEND, IBR-SC/40-65 MM (21/2"")",Nos,sheet has no unit,same name,
PF / 4357,"EXPANSION BEND,  IBR -SC/40- 80 MM (3"")",0,,,,name,IM-000801,"EXPANSION BEND, IBR-SC/40-80 MM (3"")",Nos,sheet has no unit,same name,
PF / 4358,"EXPANSION BEND,  IBR -SC/40- 100 MM (4"")",0,,,,name,IM-000802,"EXPANSION BEND, IBR-SC/40-100 MM (4"")",Nos,sheet has no unit,same name,
PF / 4359,"EXPANSION BEND,  IBR -SC/40- 125 MM (5"")",0,,,,name,IM-000803,"EXPANSION BEND, IBR-SC/40-125 MM (5"")",Nos,sheet has no unit,same name,
PF / 4360,"EXPANSION BEND,  IBR -SC/40- 150 MM (6"")",0,,,,name,IM-000804,"EXPANSION BEND, IBR-SC/40-150 MM (6"")",Nos,sheet has no unit,same name,
PF / 4361,"EXPANSION BEND,  IBR -SC/40- 200 MM (8"")",0,,,,name,IM-000805,"EXPANSION BEND, IBR-SC/40-200 MM (8"")",Nos,sheet has no unit,same name,
PF / 4362,,0,,,,none,,,,sheet has no unit,,
PF / 4363,"EXPANSION BEND, IBR -SC/80 - 15 MM ( 1/2"")",0,,,,name,IM-000806,"EXPANSION BEND, IBR-SC/80 15 MM (1/2"")",Nos,sheet has no unit,same name,
PF / 4364,"EXPANSION BEND, IBR -SC/80- 20 MM (3/4"")",0,,,,name,IM-000807,"EXPANSION BEND, IBR-SC/80-20 MM (3/4"")",Nos,sheet has no unit,same name,
PF / 4365,"EXPANSION BEND, IBR -SC/80- 25 MM (1"")",0,,,,name,IM-000808,"EXPANSION BEND, IBR-SC/80-25 MM (1"")",Nos,sheet has no unit,same name,
PF / 4366,"EXPANSION BEND,  IBR -SC/80- 32 MM (11/4"")",0,,,,name,IM-000809,"EXPANSION BEND, IBR-SC/80-32 MM (11/4"")",Nos,sheet has no unit,same name,
PF / 4367,"EXPANSION BEND,  IBR -SC/80- 40 MM (11/2"")",0,,,,name,IM-000810,"EXPANSION BEND, IBR-SC/80-40 MM (11/2"")",Nos,sheet has no unit,same name,
PF / 4368,"EXPANSION BEND,  IBR -SC/80- 50 MM (2"")",0,,,,name,IM-000811,"EXPANSION BEND, IBR-SC/80-50 MM (2"")",Nos,sheet has no unit,same name,
PF / 4369,"EXPANSION BEND,  IBR -SC/80- 65 MM (21/2"")",0,,,,name,IM-000812,"EXPANSION BEND, IBR-SC/80-65 MM (21/2"")",Nos,sheet has no unit,same name,
PF / 4370,"EXPANSION BEND,  IBR -SC/80- 80 MM (3"")",0,,,,name,IM-000813,"EXPANSION BEND, IBR-SC/80-80 MM (3"")",Nos,sheet has no unit,same name,
PF / 4371,"EXPANSION BEND,  IBR -SC/80- 100 MM (4"")",0,,,,name,IM-000814,"EXPANSION BEND, IBR-SC/80-100 MM (4"")",Nos,sheet has no unit,same name,
PF / 4372,"EXPANSION BEND,  IBR -SC/80- 125 MM (5"")",0,,,,name,IM-000815,"EXPANSION BEND, IBR-SC/80-125 MM (5"")",Nos,sheet has no unit,same name,
PF / 4373,"EXPANSION BEND,  IBR -SC/80- 150 MM (6"")",0,,,,name,IM-000816,"EXPANSION BEND, IBR-SC/80-150 MM (6"")",Nos,sheet has no unit,same name,
PF / 4374,"EXPANSION BEND,  IBR -SC/80- 200 MM (8"")",0,,,,name,IM-000817,"EXPANSION BEND, IBR-SC/80-200 MM (8"")",Nos,sheet has no unit,same name,
PF-NON-IBR / 4400,"FLANGES , MS, T/H, NON-IBR - 15 MM (1/2"")",0,,,,name,IM-000990,"FLANGES, MS, T/H, NON-IBR 15 MM (1/2"")",Nos,sheet has no unit,same name,
PF-NON-IBR / 4401,"FLANGES , MS, T/H, NON-IBR- 20 MM (3/4"")",0,,,,name,IM-000991,"FLANGES, MS, T/H, NON-IBR-20 MM (3/4"")",Nos,sheet has no unit,same name,
PF-NON-IBR / 4402,"FLANGES , MS, T/H, NON-IBR- 25 MM (1"")",0,,,,name,IM-000992,"FLANGES, MS, T/H, NON-IBR-25 MM (1"")",Nos,sheet has no unit,same name,
PF-NON-IBR / 4403,"FLANGES , MS, T/H, NON-IBR- 32 MM (11/4"")",0,,,,name,IM-000993,"FLANGES, MS, T/H, NON-IBR-32 MM (11/4"")",Nos,sheet has no unit,same name,
PF-NON-IBR / 4404,"FLANGES , MS, T/H, NON-IBR- 40 MM (11/2"")",0,,,,name,IM-000994,"FLANGES, MS, T/H, NON-IBR-40 MM (11/2"")",Nos,sheet has no unit,same name,
PF-NON-IBR / 4405,"FLANGES , MS, T/H, NON-IBR- 50 MM (2"")",0,,,,name,IM-000995,"FLANGES, MS, T/H, NON-IBR-50 MM (2"")",Nos,sheet has no unit,same name,
PF-NON-IBR / 4406,"FLANGES , MS, T/H, NON-IBR- 80 MM (3"")",0,,,,name,IM-000996,"FLANGES, MS, T/H, NON-IBR-80 MM (3"")",Nos,sheet has no unit,same name,
PF-NON-IBR / 4407,"FLANGES , MS, T/H, NON-IBR- 100 MM (4"")",0,,,,name,IM-000997,"FLANGES, MS, T/H, NON-IBR-100 MM (4"")",Nos,sheet has no unit,same name,
PF-NON-IBR / 4408,"FLANGES , MS, T/H, NON-IBR- 125 MM (5"")",0,,,,name,IM-000998,"FLANGES, MS, T/H, NON-IBR-125 MM (5"")",Nos,sheet has no unit,same name,
PF-NON-IBR / 4409,"FLANGES , MS, T/H, NON-IBR- 150 MM (6"")",0,,,,name,IM-000999,"FLANGES, MS, T/H, NON-IBR-150 MM (6"")",Nos,sheet has no unit,same name,
PF-NON-IBR / 4410,"FLANGES , MS, T/H, NON-IBR- 200 MM (8"")",0,,,,name,IM-001000,"FLANGES, MS, T/H, NON-IBR-200 MM (8"")",Nos,sheet has no unit,same name,
PF-NON-IBR / 4411,"FLANGES , MS, T/H, NON-IBR- 250 MM (10"")",0,,,,name,IM-001001,"FLANGES, MS, T/H, NON-IBR-250 MM (10"")",Nos,sheet has no unit,same name,
PF-NON-IBR / 4412,"FLANGES , MS, CLASS-150, NON-IBR- 15 MM (1/2"")",0,,,,name,IM-001005,"FLANGES, MS, CLASS-150, NON-IBR-15 MM (1/2"")",Nos,sheet has no unit,same name,
PF-NON-IBR / 4413,"FLANGES , MS, CLASS-150, NON-IBR- 20 MM (3/4"")",0,,,,name,IM-001006,"FLANGES, MS, CLASS-150, NON-IBR-20 MM (3/4"")",Nos,sheet has no unit,same name,
PF-NON-IBR / 4414,"FLANGES , MS, CLASS-150, NON-IBR- 25 MM (1"")",0,,,,name,IM-001007,"FLANGES, MS, CLASS-150, NON-IBR-25 MM (1"")",Nos,sheet has no unit,same name,
PF-NON-IBR / 4415,"FLANGES , MS, CLASS-150, NON-IBR- 32 MM (11/4"")",0,,,,name,IM-001008,"FLANGES, MS, CLASS-150, NON-IBR-32 MM (11/4"")",Nos,sheet has no unit,same name,
PF-NON-IBR / 4416,"FLANGES , MS, CLASS-150, NON-IBR- 40 MM (11/2"")",0,,,,name,IM-001009,"FLANGES, MS, CLASS-150, NON-IBR-40 MM (11/2"")",Nos,sheet has no unit,same name,
PF-NON-IBR / 4417,"FLANGES , MS, CLASS-150, NON-IBR- 50 MM (2"")",0,,,,name,IM-001010,"FLANGES, MS, CLASS-150, NON-IBR-50 MM (2"")",Nos,sheet has no unit,same name,
PF-NON-IBR / 4418,"FLANGES , MS, CLASS-150, NON-IBR- 80 MM (3"")",0,,,,name,IM-001011,"FLANGES, MS, CLASS-150, NON-IBR-80 MM (3"")",Nos,sheet has no unit,same name,
PF-NON-IBR / 4419,"FLANGES , MS, CLASS-150, NON-IBR- 100 MM (4"")",0,,,,name,IM-001012,"FLANGES, MS, CLASS-150, NON-IBR-100 MM (4"")",Nos,sheet has no unit,same name,
PF-NON-IBR / 4420,"FLANGES , MS, CLASS-150, NON-IBR- 125 MM (5"")",0,,,,name,IM-001013,"FLANGES, MS, CLASS-150, NON-IBR-125 MM (5"")",Nos,sheet has no unit,same name,
PF-NON-IBR / 4421,"FLANGES , MS, CLASS-150, NON-IBR- 150 MM (6"")",0,,,,name,IM-001014,"FLANGES, MS, CLASS-150, NON-IBR-150 MM (6"")",Nos,sheet has no unit,same name,
PF-NON-IBR / 4422,"FLANGES , MS, CLASS-150, NON-IBR- 200 MM (8"")",0,,,,name,IM-001015,"FLANGES, MS, CLASS-150, NON-IBR-200 MM (8"")",Nos,sheet has no unit,same name,
PF-NON-IBR / 4423,"FLANGES , MS, CLASS-150, NON-IBR- 250 MM (10"")",0,,,,name,IM-001016,"FLANGES, MS, CLASS-150, NON-IBR-250 MM (10"")",Nos,sheet has no unit,same name,
PF-NON-IBR / 4424,"FLANGES , MS, CLASS-300, NON-IBR- 15 MM (1/2"")",0,,,,name,IM-001020,"FLANGES, MS, CLASS-300, NON-IBR-15 MM (1/2"")",Nos,sheet has no unit,same name,
PF-NON-IBR / 4425,"FLANGES , MS, CLASS-300, NON-IBR- 20 MM (3/4"")",0,,,,name,IM-001021,"FLANGES, MS, CLASS-300, NON-IBR-20 MM (3/4"")",Nos,sheet has no unit,same name,
PF-NON-IBR / 4426,"FLANGES , MS, CLASS-300, NON-IBR- 25 MM (1"")",0,,,,name,IM-001022,"FLANGES, MS, CLASS-300, NON-IBR-25 MM (1"")",Nos,sheet has no unit,same name,
PF-NON-IBR / 4427,"FLANGES , MS, CLASS-300, NON-IBR- 32 MM (11/4"")",0,,,,name,IM-001023,"FLANGES, MS, CLASS-300, NON-IBR-32 MM (11/4"")",Nos,sheet has no unit,same name,
PF-NON-IBR / 4428,"FLANGES , MS, CLASS-300, NON-IBR- 40 MM (11/2"")",0,,,,name,IM-001024,"FLANGES, MS, CLASS-300, NON-IBR-40 MM (11/2"")",Nos,sheet has no unit,same name,
PF-NON-IBR / 4429,"FLANGES , MS, CLASS-300, NON-IBR- 50 MM (2"")",0,,,,name,IM-001025,"FLANGES, MS, CLASS-300, NON-IBR-50 MM (2"")",Nos,sheet has no unit,same name,
PF-NON-IBR / 4430,"FLANGES , MS, CLASS-300, NON-IBR- 80 MM (3"")",0,,,,name,IM-001026,"FLANGES, MS, CLASS-300, NON-IBR-80 MM (3"")",Nos,sheet has no unit,same name,
PF-NON-IBR / 4431,"FLANGES , MS, CLASS-300, NON-IBR- 100 MM (4"")",0,,,,name,IM-001027,"FLANGES, MS, CLASS-300, NON-IBR-100 MM (4"")",Nos,sheet has no unit,same name,
PF-NON-IBR / 4432,"FLANGES , MS, CLASS-300, NON-IBR- 125 MM (5"")",0,,,,name,IM-001028,"FLANGES, MS, CLASS-300, NON-IBR-125 MM (5"")",Nos,sheet has no unit,same name,
PF-NON-IBR / 4433,"FLANGES , MS, CLASS-300, NON-IBR- 150 MM (6"")",0,,,,name,IM-001029,"FLANGES, MS, CLASS-300, NON-IBR-150 MM (6"")",Nos,sheet has no unit,same name,
PF-NON-IBR / 4434,"FLANGES , MS, CLASS-300, NON-IBR- 200 MM (8"")",0,,,,name,IM-001030,"FLANGES, MS, CLASS-300, NON-IBR-200 MM (8"")",Nos,sheet has no unit,same name,
PF-NON-IBR / 4435,"FLANGES , MS, CLASS-300, NON-IBR- 250 MM (10"")",0,,,,name,IM-001031,"FLANGES, MS, CLASS-300, NON-IBR-250 MM (10"")",Nos,sheet has no unit,same name,
PF-NON-IBR / 4436,"DUMMY FLANGES , MS, T/H, NON-IBR- 15 MM (1/2"")",0,,,,name,IM-000478,"DUMMY FLANGES, MS, T/H, NON-IBR-15 MM (1/2"")",Nos,sheet has no unit,same name,
PF-NON-IBR / 4437,"DUMMY FLANGES , MS, T/H, NON-IBR- 20 MM (3/4"")",0,,,,name,IM-000479,"DUMMY FLANGES, MS, T/H, NON-IBR-20 MM (3/4"")",Nos,sheet has no unit,same name,
PF-NON-IBR / 4438,"DUMMY FLANGES , MS, T/H, NON-IBR- 25 MM (1"")",0,,,,name,IM-000480,"DUMMY FLANGES, MS, T/H, NON-IBR-25 MM (1"")",Nos,sheet has no unit,same name,
PF-NON-IBR / 4439,"DUMMY FLANGES , MS, T/H, NON-IBR- 32 MM (11/4"")",0,,,,name,IM-000481,"DUMMY FLANGES, MS, T/H, NON-IBR-32 MM (11/4"")",Nos,sheet has no unit,same name,
PF-NON-IBR / 4440,"DUMMY FLANGES , MS, T/H, NON-IBR- 40 MM (11/2"")",0,,,,name,IM-000482,"DUMMY FLANGES, MS, T/H, NON-IBR-40 MM (11/2"")",Nos,sheet has no unit,same name,
PF-NON-IBR / 4441,"DUMMY FLANGES , MS, T/H, NON-IBR- 50 MM (2"")",0,,,,name,IM-000483,"DUMMY FLANGES, MS, T/H, NON-IBR-50 MM (2"")",Nos,sheet has no unit,same name,
PF-NON-IBR / 4442,"DUMMY FLANGES , MS, T/H, NON-IBR- 65 MM (21/2"")",0,,,,name,IM-000484,"DUMMY FLANGES, MS, T/H, NON-IBR-65 MM (21/2"")",Nos,sheet has no unit,same name,
PF-NON-IBR / 4443,"DUMMY FLANGES , MS, T/H, NON-IBR- 80 MM (3"")",0,,,,name,IM-000485,"DUMMY FLANGES, MS, T/H, NON-IBR-80 MM (3"")",Nos,sheet has no unit,same name,
PF-NON-IBR / 4444,"DUMMY FLANGES , MS, T/H, NON-IBR",0,,,,suggest,,,,sheet has no unit,Similar catalog names,"IM-000480 DUMMY FLANGES, MS, T/H, NON-IBR-25 MM (1"") | IM-000483 DUMMY FLANGES, MS, T/H, NON-IBR-50 MM (2"") | IM-000485 DUMMY FLANGES, MS, T/H, NON-IBR-80 MM (3"") | IM-000486 DUMMY FLANGES, MS, T/H, NON-IBR-100 MM(4"")"
PF-NON-IBR / 4445,"DUMMY FLANGES , MS, T/H, NON-IBR- 125 MM (5"")",0,,,,name,IM-000487,"DUMMY FLANGES, MS, T/H, NON-IBR-125 MM (5"")",Nos,sheet has no unit,same name,
PF-NON-IBR / 4446,"DUMMY FLANGES , MS, T/H, NON-IBR- 150 MM (6"")",0,,,,name,IM-000488,"DUMMY FLANGES, MS, T/H, NON-IBR-150 MM (6"")",Nos,sheet has no unit,same name,
PF-NON-IBR / 4447,"DUMMY FLANGES , MS, T/H, NON-IBR- 200 MM (8"")",0,,,,name,IM-000489,"DUMMY FLANGES, MS, T/H, NON-IBR-200 MM (8"")",Nos,sheet has no unit,same name,
PF-NON-IBR / 4448,"DUMMYFLANGES , MS, T/H, NON-IBR- 250 MM (10"")",0,,,,loose,IM-000490,"DUMMY FLANGES, MS, T/H, NON-IBR-250 MM (10"")",Nos,sheet has no unit,same name (unit spelling differs),
PF-NON-IBR / 4449,"DUMMY FLANGES , MS, CLASS-150, NON-IBR- 15 MM (1/2"")",0,,,,name,IM-000494,"DUMMY FLANGES, MS, CLASS-150, NON-IBR-15 MM (1/2"")",Nos,sheet has no unit,same name,
PF-NON-IBR / 4450,"DUMMY FLANGES , MS, CLASS-150, NON-IBR- 20 MM (3/4"")",0,,,,name,IM-000495,"DUMMY FLANGES, MS, CLASS-150, NON-IBR-20 MM (3/4"")",Nos,sheet has no unit,same name,
PF-NON-IBR / 4451,"DUMMY FLANGES , MS, CLASS-150, NON-IBR- 25 MM (1"")",0,,,,name,IM-000496,"DUMMY FLANGES, MS, CLASS-150, NON-IBR-25 MM (1"")",Nos,sheet has no unit,same name,
PF-NON-IBR / 4452,"DUMMY FLANGES , MS, CLASS-150, NON-IBR- 32 MM (11/4"")",0,,,,name,IM-000497,"DUMMY FLANGES, MS, CLASS-150, NON-IBR-32 MM (11/4"")",Nos,sheet has no unit,same name,
PF-NON-IBR / 4453,"DUMMY FLANGES , MS, CLASS-150, NON-IBR- 40 MM (11/2"")",0,,,,name,IM-000498,"DUMMY FLANGES, MS, CLASS-150, NON-IBR-40 MM (11/2"")",Nos,sheet has no unit,same name,
PF-NON-IBR / 4454,"DUMMY FLANGES , MS, CLASS-150, NON-IBR- 50 MM (2"")",0,,,,name,IM-000499,"DUMMY FLANGES, MS, CLASS-150, NON-IBR-50 MM (2"")",Nos,sheet has no unit,same name,
PF-NON-IBR / 4455,"DUMMY FLANGES , MS, CLASS-150, NON-IBR- 65 MM (21/2"")",0,,,,name,IM-000500,"DUMMY FLANGES, MS, CLASS-150, NON-IBR-65 MM (21/2"")",Nos,sheet has no unit,same name,
PF-NON-IBR / 4456,"DUMMY FLANGES , MS, CLASS-150, NON-IBR- 80 MM (3"")",0,,,,name,IM-000501,"DUMMY FLANGES, MS, CLASS-150, NON-IBR-80 MM (3"")",Nos,sheet has no unit,same name,
PF-NON-IBR / 4457,"DUMMY FLANGES , MS, CLASS-150, NON-IBR- 100 MM (4"")",0,,,,name,IM-000502,"DUMMY FLANGES, MS, CLASS-150, NON-IBR-100 MM (4"")",Nos,sheet has no unit,same name,
PF-NON-IBR / 4458,"DUMMY FLANGES , MS, CLASS-150, NON-IBR- 125 MM (5"")",0,,,,name,IM-000503,"DUMMY FLANGES, MS, CLASS-150, NON-IBR-125 MM (5"")",Nos,sheet has no unit,same name,
PF-NON-IBR / 4459,"DUMMY FLANGES , MS, CLASS-150, NON-IBR- 150 MM (6"")",0,,,,name,IM-000504,"DUMMY FLANGES, MS, CLASS-150, NON-IBR-150 MM (6"")",Nos,sheet has no unit,same name,
PF-NON-IBR / 4460,"DUMMY FLANGES , MS, CLASS-150, NON-IBR- 200 MM (8"")",1,,,18090,name,IM-000505,"DUMMY FLANGES, MS, CLASS-150, NON-IBR-200 MM (8"")",Nos,sheet has no unit,same name,
PF-NON-IBR / 4461,"DUMMY FLANGES , MS, CLASS-150, NON-IBR- 250 MM (10"")",0,,,,name,IM-000506,"DUMMY FLANGES, MS, CLASS-150, NON-IBR-250 MM (10"")",Nos,sheet has no unit,same name,
PF-NON-IBR / 4462,"DUMMY FLANGES , MS, CLASS-300, NON-IBR- 15 MM (1/2"")",0,,,,name,IM-000510,"DUMMY FLANGES, MS, CLASS-300, NON-IBR-15 MM (1/2"")",Nos,sheet has no unit,same name,
PF-NON-IBR / 4463,"DUMMY FLANGES , MS, CLASS-300, NON-IBR- 20 MM (3/4"")",0,,,,name,IM-000511,"DUMMY FLANGES, MS, CLASS-300, NON-IBR-20 MM (3/4"")",Nos,sheet has no unit,same name,
PF-NON-IBR / 4464,"DUMMY FLANGES , MS, CLASS-300, NON-IBR- 25 MM (1"")",0,,,,name,IM-000512,"DUMMY FLANGES, MS, CLASS-300, NON-IBR-25 MM (1"")",Nos,sheet has no unit,same name,
PF-NON-IBR / 4465,"DUMMY FLANGES , MS, CLASS-300, NON-IBR- 32 MM (11/4"")",0,,,,name,IM-000513,"DUMMY FLANGES, MS, CLASS-300, NON-IBR-32 MM (11/4"")",Nos,sheet has no unit,same name,
PF-NON-IBR / 4466,"DUMMYFLANGES , MS, CLASS-300, NON-IBR- 40 MM (11/2"")",0,,,,loose,IM-000514,"DUMMY FLANGES, MS, CLASS-300, NON-IBR-40 MM (11/2"")",Nos,sheet has no unit,same name (unit spelling differs),
PF-NON-IBR / 4467,"DUMMY FLANGES , MS, CLASS-300, NON-IBR- 50 MM (2"")",0,,,,name,IM-000515,"DUMMY FLANGES, MS, CLASS-300, NON-IBR-50 MM (2"")",Nos,sheet has no unit,same name,
PF-NON-IBR / 4468,"DUMMY FLANGES , MS, CLASS-300, NON-IBR- 65 MM (21/2"")",0,,,,name,IM-000516,"DUMMY FLANGES, MS, CLASS-300, NON-IBR-65 MM (21/2"")",Nos,sheet has no unit,same name,
PF-NON-IBR / 4469,"DUMMY FLANGES , MS, CLASS-300, NON-IBR- 80 MM (3"")",0,,,,name,IM-000517,"DUMMY FLANGES, MS, CLASS-300, NON-IBR-80 MM (3"")",Nos,sheet has no unit,same name,
PF-NON-IBR / 4470,"DUMMY FLANGES , MS, CLASS-300, NON-IBR- 100 MM (4"")",0,,,,name,IM-000518,"DUMMY FLANGES, MS, CLASS-300, NON-IBR-100 MM (4"")",Nos,sheet has no unit,same name,
PF-NON-IBR / 4471,"DUMMY FLANGES , MS, CLASS-300, NON-IBR- 125 MM (5"")",0,,,,name,IM-000519,"DUMMY FLANGES, MS, CLASS-300, NON-IBR-125 MM (5"")",Nos,sheet has no unit,same name,
PF-NON-IBR / 4472,"DUMMY FLANGES , MS, CLASS-300, NON-IBR- 150 MM (6"")",0,,,,name,IM-000520,"DUMMY FLANGES, MS, CLASS-300, NON-IBR-150 MM (6"")",Nos,sheet has no unit,same name,
PF-NON-IBR / 4473,"DUMMY FLANGES , MS, CLASS-300, NON-IBR- 200 MM (8"")",0,,,,name,IM-000521,"DUMMY FLANGES, MS, CLASS-300, NON-IBR-200 MM (8"")",Nos,sheet has no unit,same name,
PF-NON-IBR / 4474,"DUMMY FLANGES , MS, CLASS-300, NON-IBR- 250 MM (10"")",0,,,,name,IM-000522,"DUMMY FLANGES, MS, CLASS-300, NON-IBR-250 MM (10"")",Nos,sheet has no unit,same name,
PF-NON-IBR / 4475,"BENDS  , SHORT ( ELBOW) , NON-IBR- SC/40 - 15 MM (1/2"")",0,,,,name,IM-000110,"BENDS, SHORT (ELBOW), NON-IBR-SC/40 15 MM (1/2"")",Nos,sheet has no unit,same name,
PF-NON-IBR / 4476,"BENDS , SHORT ( ELBOW) , NON-IBR-SC/40- 20 MM (3/4"")",0,,,,name,IM-000111,"BENDS, SHORT (ELBOW), NON-IBR-SC/40-20 MM (3/4"")",Nos,sheet has no unit,same name,
PF-NON-IBR / 4477,"BENDS , SHORT ( ELBOW) , NON-IBR-SC/40- 25 MM (1"")",0,,,,name,IM-000112,"BENDS, SHORT (ELBOW), NON-IBR-SC/40-25 MM (1"")",Nos,sheet has no unit,same name,
PF-NON-IBR / 4478,"BENDS ,  SHORT ( ELBOW) , NON-IBR-SC/40- 32 MM (11/4"")",0,,,,name,IM-000113,"BENDS, SHORT (ELBOW), NON-IBR-SC/40-32 MM (11/4"")",Nos,sheet has no unit,same name,
PF-NON-IBR / 4479,"BENDS , SHORT ( ELBOW) , NON-IBR-SC/40- 40 MM (11/2"")",0,,,,name,IM-000114,"BENDS, SHORT (ELBOW), NON-IBR-SC/40-40 MM (11/2"")",Nos,sheet has no unit,same name,
PF-NON-IBR / 4480,"BENDS ,  SHORT ( ELBOW) , NON-IBR-SC/40- 50 MM (2"")",0,,,,name,IM-000115,"BENDS, SHORT (ELBOW), NON-IBR-SC/40-50 MM (2"")",Nos,sheet has no unit,same name,
PF-NON-IBR / 4481,"BENDS , SHORT ( ELBOW) , NON-IBR-SC/40- 65 MM (21/2"")",0,,,,name,IM-000116,"BENDS, SHORT (ELBOW), NON-IBR-SC/40-65 MM (21/2"")",Nos,sheet has no unit,same name,
PF-NON-IBR / 4482,"BENDS ,  SHORT ( ELBOW) , NON-IBR-SC/40- 80 MM (3"")",0,,,,name,IM-000117,"BENDS, SHORT (ELBOW), NON-IBR-SC/40-80 MM (3"")",Nos,sheet has no unit,same name,
PF-NON-IBR / 4483,"BENDS ,  SHORT ( ELBOW) , NON-IBR-SC/40- 100 MM (4"")",0,,,,name,IM-000118,"BENDS, SHORT (ELBOW), NON-IBR-SC/40-100 MM (4"")",Nos,sheet has no unit,same name,
PF-NON-IBR / 4484,"BENDS ,  SHORT ( ELBOW) , NON-IBR-SC/40- 125 MM (5"")",0,,,,name,IM-000119,"BENDS, SHORT (ELBOW), NON-IBR-SC/40-125 MM (5"")",Nos,sheet has no unit,same name,
PF-NON-IBR / 4485,"BENDS ,  SHORT ( ELBOW) , NON-IBR-SC/40- 150 MM (6"")",0,,,,name,IM-000120,"BENDS, SHORT (ELBOW), NON-IBR-SC/40-150 MM (6"")",Nos,sheet has no unit,same name,
PF-NON-IBR / 4486,"BENDS , SHORT ( ELBOW) , NON-IBR-SC/40- 200 MM (8"")",0,,,,name,IM-000121,"BENDS, SHORT (ELBOW), NON-IBR-SC/40-200 MM (8"")",Nos,sheet has no unit,same name,
PF-NON-IBR / 4487,"BENDS ,  LONG (ELBOW) ,  NON-IBR- SC/40 - 15 MM (1/2"")",0,,,,suggest,,,,sheet has no unit,Similar catalog names,"IM-000130 BENDS, LONG, NON-IBR-SC/40-25 MM (1"") | IM-000133 BENDS ,LONG, NON-IBR-SC/40-50 MM (2"") | IM-000135 BENDS, LONG, NON-IBR-SC/40-80 MM (3"") | IM-000126 BENDS, LONG, NON-IBR-SC/40 6 MM (1/4"")"
PF-NON-IBR / 4488,"BENDS ,  LONG , NON-IBR-SC/40- 20 MM (3/4"")",0,,,,name,IM-000129,"BENDS, LONG, NON-IBR-SC/40-20 MM (3/4"")",Nos,sheet has no unit,same name,
PF-NON-IBR / 4489,"BENDS , LONG , NON-IBR-SC/40- 25 MM (1"")",0,,,,name,IM-000130,"BENDS, LONG, NON-IBR-SC/40-25 MM (1"")",Nos,sheet has no unit,same name,
PF-NON-IBR / 4490,"BENDS , LONG , NON-IBR-SC/40- 32 MM (11/4"")",0,,,,name,IM-000131,"BENDS, LONG, NON-IBR-SC/40-32 MM (11/4"")",Nos,sheet has no unit,same name,
PF-NON-IBR / 4491,"BENDS , LONG , NON-IBR-SC/40- 40 MM (11/2"")",0,,,,name,IM-000132,"BENDS, LONG, NON-IBR-SC/40-40 MM (11/2"")",Nos,sheet has no unit,same name,
PF-NON-IBR / 4492,"BENDS ,LONG (ELBOW) , NON-IBR-SC/40- 50 MM (2"")",0,,,,suggest,,,,sheet has no unit,Similar catalog names,"IM-000130 BENDS, LONG, NON-IBR-SC/40-25 MM (1"") | IM-000133 BENDS ,LONG, NON-IBR-SC/40-50 MM (2"") | IM-000135 BENDS, LONG, NON-IBR-SC/40-80 MM (3"") | IM-000126 BENDS, LONG, NON-IBR-SC/40 6 MM (1/4"")"
PF-NON-IBR / 4493,"BENDS , LONG , NON-IBR-SC/40- 65 MM (21/2"")",0,,,,name,IM-000134,"BENDS, LONG, NON-IBR-SC/40-65 MM (21/2"")",Nos,sheet has no unit,same name,
PF-NON-IBR / 4494,"BENDS , LONG , NON-IBR-SC/40- 80 MM (3"")",0,,,,name,IM-000135,"BENDS, LONG, NON-IBR-SC/40-80 MM (3"")",Nos,sheet has no unit,same name,
PF-NON-IBR / 4495,"BENDS , LONG , NON-IBR-SC/40- 100 MM (4"")",0,,,,name,IM-000136,"BENDS, LONG, NON-IBR-SC/40-100 MM (4"")",Nos,sheet has no unit,same name,
PF-NON-IBR / 4496,"BENDS ,  LONG , NON-IBR-SC/40- 125 MM (5"")",0,,,,name,IM-000137,"BENDS, LONG, NON-IBR-SC/40-125 MM (5"")",Nos,sheet has no unit,same name,
PF-NON-IBR / 4497,"BENDS , LONG , NON-IBR-SC/40- 150 MM (6"")",0,,,,name,IM-000138,"BENDS, LONG, NON-IBR-SC/40-150 MM (6"")",Nos,sheet has no unit,same name,
PF-NON-IBR / 4498,"BENDS ,  LONG , NON-IBR-SC/40- 200 MM (8"")",0,,,,name,IM-000139,"BENDS, LONG, NON-IBR-SC/40-200 MM (8"")",Nos,sheet has no unit,same name,
PF-NON-IBR / 4499,"BENDS , SHORT , NON-IBR-SC/80 - 15 MM (1/2"")",0,,,,name,IM-000146,"BENDS, SHORT, NON-IBR-SC/80 15 MM (1/2"")",Nos,sheet has no unit,same name,
PF-NON-IBR / 4500,"BENDS , SHORT , NON-IBR-SC/80- 20 MM (3/4"")",0,,,,name,IM-000147,"BENDS, SHORT, NON-IBR-SC/80-20 MM (3/4"")",Nos,sheet has no unit,same name,
PF-NON-IBR / 4501,"BENDS , SHORT , NON-IBR-SC/80- 25 MM (1"")",0,,,,name,IM-000148,"BENDS, SHORT, NON-IBR-SC/80-25 MM (1"")",Nos,sheet has no unit,same name,
PF-NON-IBR / 4502,"BENDS ,  SHORT , NON-IBR-SC/80- 32 MM (11/4"")",0,,,,name,IM-000149,"BENDS, SHORT, NON-IBR-SC/80-32 MM (11/4"")",Nos,sheet has no unit,same name,
PF-NON-IBR / 4503,"BENDS , SHORT , NON-IBR-SC/80- 40 MM (11/2"")",0,,,,name,IM-000150,"BENDS, SHORT, NON-IBR-SC/80-40 MM (11/2"")",Nos,sheet has no unit,same name,
PF-NON-IBR / 4504,"BENDS , SHORT , NON-IBR-SC/80- 50 MM (2"")",0,,,,name,IM-000151,"BENDS, SHORT, NON-IBR-SC/80-50 MM (2"")",Nos,sheet has no unit,same name,
PF-NON-IBR / 4505,"BENDS , SHORT , NON-IBR-SC/80- 65 MM (21/2"")",0,,,,name,IM-000152,"BENDS, SHORT, NON-IBR-SC/80-65 MM (21/2"")",Nos,sheet has no unit,same name,
PF-NON-IBR / 4506,"BENDS , SEAMLESS , SHORT , NON-IBR-SC/80- 80 MM (3"")",0,,,,suggest,,,,sheet has no unit,Similar catalog names,"IM-000148 BENDS, SHORT, NON-IBR-SC/80-25 MM (1"") | IM-000151 BENDS, SHORT, NON-IBR-SC/80-50 MM (2"") | IM-000153 BENDS, SHORT, NON-IBR-SC/80-80 MM (3"") | IM-000144 BENDS ,SHORT, NON-IBR-SC/80 6 MM (1/4"")"
PF-NON-IBR / 4507,"BENDS , SEAMLESS , SHORT , NON-IBR-SC/80- 100 MM (4"")",0,,,,suggest,,,,sheet has no unit,Similar catalog names,"IM-000154 BENDS, SHORT, NON-IBR-SC/80-100 MM (4"") | IM-000088 BENDS, SEAMLESS, SHORT, IBR-SC/80-100 MM (4"") | IM-000118 BENDS, SHORT (ELBOW), NON-IBR-SC/40-100 MM (4"") | IM-000170 BENDS, SEAMLESS, LONG, NON-IBR-SC/80-100 MM (4"")"
PF-NON-IBR / 4508,"BENDS , SEAMLESS , SHORT , NON-IBR-SC/80- 125 MM (5"")",0,,,,suggest,,,,sheet has no unit,Similar catalog names,"IM-000155 BENDS, SHORT, NON-IBR-SC/80-125 MM (5"") | IM-000089 BENDS, SEAMLESS, SHORT, IBR-SC/80-125 MM (5"") | IM-000119 BENDS, SHORT (ELBOW), NON-IBR-SC/40-125 MM (5"") | IM-000171 BENDS, SEAMLESS, LONG, NON-IBR-SC/80-125 MM (5"")"
PF-NON-IBR / 4509,"BENDS , SEAMLESS , SHORT , NON-IBR-SC/80- 150 MM (6"")",0,,,,suggest,,,,sheet has no unit,Similar catalog names,"IM-000156 BENDS, SHORT, NON-IBR-SC/80-150 MM (6"") | IM-000090 BENDS, SEAMLESS, SHORT, IBR-SC/80-150 MM (6"") | IM-000120 BENDS, SHORT (ELBOW), NON-IBR-SC/40-150 MM (6"") | IM-000172 BENDS, SEAMLESS, LONG, NON-IBR-SC/80-150 MM (6"")"
PF-NON-IBR / 4510,"BENDS , SEAMLESS , SHORT , NON-IBR-SC/80- 200 MM (8"")",0,,,,suggest,,,,sheet has no unit,Similar catalog names,"IM-000157 BENDS, SHORT, NON-IBR-SC/80-200 MM (8"") | IM-000091 BENDS, SEAMLESS, SHORT, IBR-SC/80-200 MM (8"") | IM-000121 BENDS, SHORT (ELBOW), NON-IBR-SC/40-200 MM (8"") | IM-000173 BENDS, SEAMLESS, LONG, NON-IBR-SC/80-200 MM (8"")"
PF-NON-IBR / 4511,"BENDS , SEAMLESS , LONG  , NON-IBR- SC/80 - 15 MM (1/2"")",0,,,,name,IM-000162,"BENDS, SEAMLESS, LONG ,NON-IBR-SC/80 15 MM (1/2"")",Nos,sheet has no unit,same name,
PF-NON-IBR / 4512,"BENDS , SEAMLESS , LONG , NON-IBR-SC/80- 20 MM (3/4"")",0,,,,name,IM-000163,"BENDS, SEAMLESS, LONG, NON-IBR-SC/80-20 MM (3/4"")",Nos,sheet has no unit,same name,
PF-NON-IBR / 4513,"BENDS , SEAMLESS , LONG , NON-IBR-SC/80- 25 MM (1"")",0,,,,name,IM-000164,"BENDS, SEAMLESS, LONG, NON-IBR-SC/80-25 MM (1"")",Nos,sheet has no unit,same name,
PF-NON-IBR / 4514,"BENDS , SEAMLESS , LONG , NON-IBR-SC/80- 32 MM (11/4"")",0,,,,name,IM-000165,"BENDS, SEAMLESS, LONG, NON-IBR-SC/80-32 MM (11/4"")",Nos,sheet has no unit,same name,
PF-NON-IBR / 4515,"BENDS , SEAMLESS , LONG , NON-IBR-SC/80- 40 MM (11/2"")",0,,,,name,IM-000166,"BENDS, SEAMLESS, LONG, NON-IBR-SC/80-40 MM (11/2"")",Nos,sheet has no unit,same name,
PF-NON-IBR / 4516,"BENDS , SEAMLESS , LONG , NON-IBR-SC/80- 50 MM (2"")",0,,,,name,IM-000167,"BENDS, SEAMLESS, LONG, NON-IBR-SC/80-50 MM (2"")",Nos,sheet has no unit,same name,
PF-NON-IBR / 4517,"BENDS , SEAMLESS , LONG , NON-IBR-SC/80- 65 MM (21/2"")",0,,,,name,IM-000168,"BENDS, SEAMLESS, LONG, NON-IBR-SC/80-65 MM (21/2"")",Nos,sheet has no unit,same name,
PF-NON-IBR / 4518,"BENDS , SEAMLESS , LONG , NON-IBR-SC/80- 80 MM (3"")",0,,,,name,IM-000169,"BENDS, SEAMLESS, LONG, NON-IBR-SC/80-80 MM (3"")",Nos,sheet has no unit,same name,
PF-NON-IBR / 4519,"BENDS , SEAMLESS , LONG , NON-IBR-SC/80- 100 MM (4"")",0,,,,name,IM-000170,"BENDS, SEAMLESS, LONG, NON-IBR-SC/80-100 MM (4"")",Nos,sheet has no unit,same name,
PF-NON-IBR / 4520,"BENDS , SEAMLESS , LONG , NON-IBR-SC/80- 125 MM (5"")",0,,,,name,IM-000171,"BENDS, SEAMLESS, LONG, NON-IBR-SC/80-125 MM (5"")",Nos,sheet has no unit,same name,
PF-NON-IBR / 4521,"BENDS , SEAMLESS , LONG , NON-IBR-SC/80- 150 MM (6"")",0,,,,name,IM-000172,"BENDS, SEAMLESS, LONG, NON-IBR-SC/80-150 MM (6"")",Nos,sheet has no unit,same name,
PF-NON-IBR / 4522,"BENDS , SEAMLESS , LONG , NON-IBR-SC/80- 200 MM (8"")",0,,,,name,IM-000173,"BENDS, SEAMLESS, LONG, NON-IBR-SC/80-200 MM (8"")",Nos,sheet has no unit,same name,
PF-NON-IBR / 4523-B,"COUPLING , NON-IBR-SC-40 - 10 MM (3/8"")",50,,,13,decided,IM-000308,"COUPLING, NON-IBR-SC-40 10 MM",Nos,sheet has no unit,checked by hand,
PF-NON-IBR / 4523,"COUPLING ,  NON-IBR-SC-40 - 15 MM ( 1/2"")",0,,,,name,IM-000309,"COUPLING, NON-IBR-SC-40 15 MM (1/2"")",Nos,sheet has no unit,same name,
PF-NON-IBR / 4524,"COUPLING  , NON-IBR-SC/40- 20 MM (3/4"")",0,,,,name,IM-000310,"COUPLING, NON-IBR-SC/40-20 MM (3/4"")",Nos,sheet has no unit,same name,
PF-NON-IBR / 4525,"COUPLING ,  NON-IBR-SC/40- 25 MM (1"")",0,,,,name,IM-000311,"COUPLING, NON-IBR-SC/40-25 MM (1"")",Nos,sheet has no unit,same name,
PF-NON-IBR / 4526,"COUPLING ,   NON-IBR-SC/40- 32 MM (11/4"")",0,,,,name,IM-000312,"COUPLING, NON-IBR-SC/40-32 MM (11/4"")",Nos,sheet has no unit,same name,
PF-NON-IBR / 4527,"COUPLING ,   NON-IBR-SC/40- 40 MM (11/2"")",0,,,,name,IM-000313,"COUPLING, NON-IBR-SC/40-40 MM (11/2"")",Nos,sheet has no unit,same name,
PF-NON-IBR / 4528,"COUPLING ,   NON-IBR-SC/40- 50 MM (2"")",0,,,,name,IM-000314,"COUPLING, NON-IBR-SC/40-50 MM (2"")",Nos,sheet has no unit,same name,
PF-NON-IBR / 4529,"COUPLING ,   NON-IBR-SC/40- 65 MM (21/2"")",0,,,,name,IM-000315,"COUPLING, NON-IBR-SC/40-65 MM (21/2"")",Nos,sheet has no unit,same name,
PF-NON-IBR / 4530,"COUPLING ,   NON-IBR-SC/40- 80 MM (3"")",0,,,,name,IM-000316,"COUPLING, NON-IBR-SC/40-80 MM (3"")",Nos,sheet has no unit,same name,
PF-NON-IBR / 4531,"COUPLING ,   NON-IBR-SC/40- 100 MM (4"")",0,,,,name,IM-000317,"COUPLING, NON-IBR-SC/40-100 MM (4"")",Nos,sheet has no unit,same name,
PF-NON-IBR / 4532,"COUPLING ,   NON-IBR-SC/40- 125 MM (5"")",0,,,,name,IM-000318,"COUPLING, NON-IBR-SC/40-125 MM (5"")",Nos,sheet has no unit,same name,
PF-NON-IBR / 4533,"COUPLING ,   NON-IBR-SC/40- 150 MM (6"")",0,,,,name,IM-000319,"COUPLING, NON-IBR-SC/40-150 MM (6"")",Nos,sheet has no unit,same name,
PF-NON-IBR / 4534,"COUPLING ,   NON-IBR-SC/40- 200 MM (8"")",0,,,,name,IM-000320,"COUPLING, NON-IBR-SC/40-200 MM (8"")",Nos,sheet has no unit,same name,
PF-NON-IBR / 4535,"COUPLING ,  NON-IBR-SC/80 - 15 MM ( 1/2"")",0,,,,name,IM-000321,"COUPLING, NON-IBR-SC/80 15 MM (1/2"")",Nos,sheet has no unit,same name,
PF-NON-IBR / 4536,"COUPLING  , NON-IBR-SC/80- 20 MM (3/4"")",0,,,,name,IM-000322,"COUPLING, NON-IBR-SC/80-20 MM (3/4"")",Nos,sheet has no unit,same name,
PF-NON-IBR / 4537,"COUPLING ,  NON-IBR-SC/80- 25 MM (1"")",0,,,,name,IM-000323,"COUPLING, NON-IBR-SC/80-25 MM (1"")",Nos,sheet has no unit,same name,
PF-NON-IBR / 4538,"COUPLING ,   NON-IBR-SC/80- 32 MM (11/4"")",0,,,,name,IM-000324,"COUPLING, NON-IBR-SC/80-32 MM (11/4"")",Nos,sheet has no unit,same name,
PF-NON-IBR / 4539,"COUPLING ,   NON-IBR-SC/80- 40 MM (11/2"")",0,,,,name,IM-000325,"COUPLING, NON-IBR-SC/80-40 MM (11/2"")",Nos,sheet has no unit,same name,
PF-NON-IBR / 4540,"COUPLING ,   NON-IBR-SC/80- 50 MM (2"")",0,,,,name,IM-000326,"COUPLING, NON-IBR-SC/80-50 MM (2"")",Nos,sheet has no unit,same name,
PF-NON-IBR / 4541,"COUPLING ,   NON-IBR-SC/80- 65 MM (21/2"")",0,,,,name,IM-000327,"COUPLING, NON-IBR-SC/80-65 MM (21/2"")",Nos,sheet has no unit,same name,
PF-NON-IBR / 4542,"COUPLING ,   NON-IBR-SC/80- 80 MM (3"")",0,,,,name,IM-000328,"COUPLING, NON-IBR-SC/80-80 MM (3"")",Nos,sheet has no unit,same name,
PF-NON-IBR / 4543,"COUPLING ,   NON-IBR-SC/80- 100 MM (4"")",0,,,,name,IM-000329,"COUPLING, NON-IBR-SC/80-100 MM (4"")",Nos,sheet has no unit,same name,
PF-NON-IBR / 4544,"COUPLING ,   NON-IBR-SC/80- 125 MM (5"")",0,,,,name,IM-000330,"COUPLING, NON-IBR-SC/80-125 MM (5"")",Nos,sheet has no unit,same name,
PF-NON-IBR / 4545,"COUPLING ,   NON-IBR-SC/80- 150 MM (6"")",0,,,,name,IM-000331,"COUPLING, NON-IBR-SC/80-150 MM (6"")",Nos,sheet has no unit,same name,
PF-NON-IBR / 4546,"COUPLING ,   NON-IBR-SC/80- 200 MM (8"")",0,,,,name,IM-000332,"COUPLING, NON-IBR-SC/80-200 MM (8"")",Nos,sheet has no unit,same name,
PF-NON-IBR / 4547,"NIPPLE ,  NON-IBR-SC-40 - 15 MM ( 1/2"")",0,,,,suggest,,,,sheet has no unit,Similar catalog names,"IM-001172 HEX NIPPLE MS NON-IBR-25 MM (1"") | IM-001175 HEX NIPPLE MS NON-IBR-50 MM (2"") | IM-001176 HEX NIPPLE MS NON-IBR-80 MM (2"") | IM-001168 HEX NIPPLE MS NON-IBR 6 MM (1/4"")"
PF-NON-IBR / 4548,"NIPPLE , NON-IBR-SC/40- 20 MM (3/4"")",0,,,,suggest,,,,sheet has no unit,Similar catalog names,"IM-001172 HEX NIPPLE MS NON-IBR-25 MM (1"") | IM-001175 HEX NIPPLE MS NON-IBR-50 MM (2"") | IM-001176 HEX NIPPLE MS NON-IBR-80 MM (2"") | IM-001168 HEX NIPPLE MS NON-IBR 6 MM (1/4"")"
PF-NON-IBR / 4549,"NIPPLE,  NON-IBR-SC/40- 25 MM (1"")",0,,,,suggest,,,,sheet has no unit,Similar catalog names,"IM-001172 HEX NIPPLE MS NON-IBR-25 MM (1"") | IM-001175 HEX NIPPLE MS NON-IBR-50 MM (2"") | IM-001176 HEX NIPPLE MS NON-IBR-80 MM (2"") | IM-001168 HEX NIPPLE MS NON-IBR 6 MM (1/4"")"
PF-NON-IBR / 4550,"NIPPLE,   NON-IBR-SC/40- 32 MM (11/4"")",0,,,,suggest,,,,sheet has no unit,Similar catalog names,"IM-001172 HEX NIPPLE MS NON-IBR-25 MM (1"") | IM-001175 HEX NIPPLE MS NON-IBR-50 MM (2"") | IM-001176 HEX NIPPLE MS NON-IBR-80 MM (2"") | IM-001168 HEX NIPPLE MS NON-IBR 6 MM (1/4"")"
PF-NON-IBR / 4551,"NIPPLE,   NON-IBR-SC/40- 40 MM (11/2"")",0,,,,suggest,,,,sheet has no unit,Similar catalog names,"IM-001172 HEX NIPPLE MS NON-IBR-25 MM (1"") | IM-001175 HEX NIPPLE MS NON-IBR-50 MM (2"") | IM-001176 HEX NIPPLE MS NON-IBR-80 MM (2"") | IM-001168 HEX NIPPLE MS NON-IBR 6 MM (1/4"")"
PF-NON-IBR / 4552,"NIPPLE,   NON-IBR-SC/40- 50 MM (2"")",0,,,,suggest,,,,sheet has no unit,Similar catalog names,"IM-001172 HEX NIPPLE MS NON-IBR-25 MM (1"") | IM-001175 HEX NIPPLE MS NON-IBR-50 MM (2"") | IM-001176 HEX NIPPLE MS NON-IBR-80 MM (2"") | IM-001168 HEX NIPPLE MS NON-IBR 6 MM (1/4"")"
PF-NON-IBR / 4553,"NIPPLE,   NON-IBR-SC/40- 65 MM (21/2"")",0,,,,suggest,,,,sheet has no unit,Similar catalog names,"IM-001172 HEX NIPPLE MS NON-IBR-25 MM (1"") | IM-001175 HEX NIPPLE MS NON-IBR-50 MM (2"") | IM-001176 HEX NIPPLE MS NON-IBR-80 MM (2"") | IM-001168 HEX NIPPLE MS NON-IBR 6 MM (1/4"")"
PF-NON-IBR / 4554,"NIPPLE,   NON-IBR-SC/40- 80 MM (3"")",0,,,,suggest,,,,sheet has no unit,Similar catalog names,"IM-001172 HEX NIPPLE MS NON-IBR-25 MM (1"") | IM-001175 HEX NIPPLE MS NON-IBR-50 MM (2"") | IM-001176 HEX NIPPLE MS NON-IBR-80 MM (2"") | IM-001168 HEX NIPPLE MS NON-IBR 6 MM (1/4"")"
PF-NON-IBR / 4555,"NIPPLE,   NON-IBR-SC/40- 100 MM (4"")",0,,,,suggest,,,,sheet has no unit,Similar catalog names,"IM-001177 HEX NIPPLE MS NON-IBR-100 MM (2"") | IM-002192 PIPE NIPPLE, NON-IBR-SC/40-100 MM (4"") | IM-002204 PIPE NIPPLE, NON-IBR-SC/80-100 MM (4"") | IM-001172 HEX NIPPLE MS NON-IBR-25 MM (1"")"
PF-NON-IBR / 4556,"NIPPLE,   NON-IBR-SC/40- 125 MM (5"")",0,,,,suggest,,,,sheet has no unit,Similar catalog names,"IM-002193 PIPE NIPPLE, NON-IBR-SC/40-125 MM (5"") | IM-002205 PIPE NIPPLE, NON-IBR-SC/80-125 MM (5"") | IM-001172 HEX NIPPLE MS NON-IBR-25 MM (1"") | IM-001175 HEX NIPPLE MS NON-IBR-50 MM (2"")"
PF-NON-IBR / 4557,"NIPPLE,   NON-IBR-SC/40- 150 MM (6"")",0,,,,suggest,,,,sheet has no unit,Similar catalog names,"IM-002194 PIPE NIPPLE, NON-IBR-SC/40-150 MM (6"") | IM-002206 PIPE NIPPLE, NON-IBR-SC/80-150 MM (6"") | IM-001172 HEX NIPPLE MS NON-IBR-25 MM (1"") | IM-001175 HEX NIPPLE MS NON-IBR-50 MM (2"")"
PF-NON-IBR / 4558,"NIPPLE,   NON-IBR-SC/40- 200 MM (8"")",0,,,,suggest,,,,sheet has no unit,Similar catalog names,"IM-002195 PIPE NIPPLE, NON-IBR-SC/40-200 MM (8"") | IM-002207 PIPE NIPPLE, NON-IBR-SC/80-200 MM (8"") | IM-001172 HEX NIPPLE MS NON-IBR-25 MM (1"") | IM-001175 HEX NIPPLE MS NON-IBR-50 MM (2"")"
PF-NON-IBR / 4559,"NIPPLE,  NON-IBR-SC/80 - 15 MM ( 1/2"")",0,,,,suggest,,,,sheet has no unit,Similar catalog names,"IM-001172 HEX NIPPLE MS NON-IBR-25 MM (1"") | IM-001175 HEX NIPPLE MS NON-IBR-50 MM (2"") | IM-001176 HEX NIPPLE MS NON-IBR-80 MM (2"") | IM-001168 HEX NIPPLE MS NON-IBR 6 MM (1/4"")"
PF-NON-IBR / 4560,"NIPPLE , NON-IBR-SC/80- 20 MM (3/4"")",0,,,,suggest,,,,sheet has no unit,Similar catalog names,"IM-001172 HEX NIPPLE MS NON-IBR-25 MM (1"") | IM-001175 HEX NIPPLE MS NON-IBR-50 MM (2"") | IM-001176 HEX NIPPLE MS NON-IBR-80 MM (2"") | IM-001168 HEX NIPPLE MS NON-IBR 6 MM (1/4"")"
PF-NON-IBR / 4561,"NIPPLE,  NON-IBR-SC/80- 25 MM (1"")",0,,,,suggest,,,,sheet has no unit,Similar catalog names,"IM-001172 HEX NIPPLE MS NON-IBR-25 MM (1"") | IM-001175 HEX NIPPLE MS NON-IBR-50 MM (2"") | IM-001176 HEX NIPPLE MS NON-IBR-80 MM (2"") | IM-001168 HEX NIPPLE MS NON-IBR 6 MM (1/4"")"
PF-NON-IBR / 4562,"NIPPLE,   NON-IBR-SC/80- 32 MM (11/4"")",0,,,,suggest,,,,sheet has no unit,Similar catalog names,"IM-001172 HEX NIPPLE MS NON-IBR-25 MM (1"") | IM-001175 HEX NIPPLE MS NON-IBR-50 MM (2"") | IM-001176 HEX NIPPLE MS NON-IBR-80 MM (2"") | IM-001168 HEX NIPPLE MS NON-IBR 6 MM (1/4"")"
PF-NON-IBR / 4563,"NIPPLE,   NON-IBR-SC/80- 40 MM (11/2"")",0,,,,suggest,,,,sheet has no unit,Similar catalog names,"IM-001172 HEX NIPPLE MS NON-IBR-25 MM (1"") | IM-001175 HEX NIPPLE MS NON-IBR-50 MM (2"") | IM-001176 HEX NIPPLE MS NON-IBR-80 MM (2"") | IM-001168 HEX NIPPLE MS NON-IBR 6 MM (1/4"")"
PF-NON-IBR / 4564,"NIPPLE,   NON-IBR-SC/80- 50 MM (2"")",0,,,,suggest,,,,sheet has no unit,Similar catalog names,"IM-001172 HEX NIPPLE MS NON-IBR-25 MM (1"") | IM-001175 HEX NIPPLE MS NON-IBR-50 MM (2"") | IM-001176 HEX NIPPLE MS NON-IBR-80 MM (2"") | IM-001168 HEX NIPPLE MS NON-IBR 6 MM (1/4"")"
PF-NON-IBR / 4565,"NIPPLE,   NON-IBR-SC/80- 65 MM (21/2"")",0,,,,suggest,,,,sheet has no unit,Similar catalog names,"IM-001172 HEX NIPPLE MS NON-IBR-25 MM (1"") | IM-001175 HEX NIPPLE MS NON-IBR-50 MM (2"") | IM-001176 HEX NIPPLE MS NON-IBR-80 MM (2"") | IM-001168 HEX NIPPLE MS NON-IBR 6 MM (1/4"")"
PF-NON-IBR / 4566,"NIPPLE,   NON-IBR-SC/80- 80 MM (3"")",0,,,,suggest,,,,sheet has no unit,Similar catalog names,"IM-001172 HEX NIPPLE MS NON-IBR-25 MM (1"") | IM-001175 HEX NIPPLE MS NON-IBR-50 MM (2"") | IM-001176 HEX NIPPLE MS NON-IBR-80 MM (2"") | IM-001168 HEX NIPPLE MS NON-IBR 6 MM (1/4"")"
PF-NON-IBR / 4567,"NIPPLE,   NON-IBR-SC/80- 100 MM (4"")",0,,,,suggest,,,,sheet has no unit,Similar catalog names,"IM-001177 HEX NIPPLE MS NON-IBR-100 MM (2"") | IM-002192 PIPE NIPPLE, NON-IBR-SC/40-100 MM (4"") | IM-002204 PIPE NIPPLE, NON-IBR-SC/80-100 MM (4"") | IM-001172 HEX NIPPLE MS NON-IBR-25 MM (1"")"
PF-NON-IBR / 4568,"NIPPLE,   NON-IBR-SC/80- 125 MM (5"")",0,,,,suggest,,,,sheet has no unit,Similar catalog names,"IM-002193 PIPE NIPPLE, NON-IBR-SC/40-125 MM (5"") | IM-002205 PIPE NIPPLE, NON-IBR-SC/80-125 MM (5"") | IM-001172 HEX NIPPLE MS NON-IBR-25 MM (1"") | IM-001175 HEX NIPPLE MS NON-IBR-50 MM (2"")"
PF-NON-IBR / 4569,"NIPPLE,   NON-IBR-SC/80- 150 MM (6"")",0,,,,suggest,,,,sheet has no unit,Similar catalog names,"IM-002194 PIPE NIPPLE, NON-IBR-SC/40-150 MM (6"") | IM-002206 PIPE NIPPLE, NON-IBR-SC/80-150 MM (6"") | IM-001172 HEX NIPPLE MS NON-IBR-25 MM (1"") | IM-001175 HEX NIPPLE MS NON-IBR-50 MM (2"")"
PF-NON-IBR / 4570,"NIPPLE,   NON-IBR-SC/80- 200 MM (8"")",0,,,,suggest,,,,sheet has no unit,Similar catalog names,"IM-002195 PIPE NIPPLE, NON-IBR-SC/40-200 MM (8"") | IM-002207 PIPE NIPPLE, NON-IBR-SC/80-200 MM (8"") | IM-001172 HEX NIPPLE MS NON-IBR-25 MM (1"") | IM-001175 HEX NIPPLE MS NON-IBR-50 MM (2"")"
PF-NON-IBR / 4571,"REDUCER ,  NON-IBR-SC-40 - 15 MM ( 1/2"")",0,,,,name,IM-002309,"REDUCER, NON-IBR-SC-40 15 MM (1/2"")",Nos,sheet has no unit,same name,
PF-NON-IBR / 4572,"REDUCER, NON-IBR-SC/40- 20 MM (3/4"")",0,,,,name,IM-002310,"REDUCER, NON-IBR-SC/40-20 MM (3/4"")",Nos,sheet has no unit,same name,
PF-NON-IBR / 4573,"REDUCER, NON-IBR-SC/40- 25 MM (1"")",0,,,,name,IM-002311,"REDUCER, NON-IBR-SC/40-25 MM (1"")",Nos,sheet has no unit,same name,
PF-NON-IBR / 4574,"REDUCER,  NON-IBR-SC/40- 32 MM (11/4"")",0,,,,name,IM-002312,"REDUCER, NON-IBR-SC/40-32 MM (11/4"")",Nos,sheet has no unit,same name,
PF-NON-IBR / 4575,"REDUCER,  NON-IBR-SC/40- 40 MM (11/2"")",0,,,,name,IM-002313,"REDUCER, NON-IBR-SC/40-40 MM (11/2"")",Nos,sheet has no unit,same name,
PF-NON-IBR / 4576,"REDUCER,  NON-IBR-SC/40- 50 MM (2"")",0,,,,name,IM-002314,"REDUCER, NON-IBR-SC/40-50 MM (2"")",Nos,sheet has no unit,same name,
PF-NON-IBR / 4577,"REDUCER,  NON-IBR-SC/40- 65 MM (21/2"")",0,,,,name,IM-002315,"REDUCER, NON-IBR-SC/40-65 MM (21/2"")",Nos,sheet has no unit,same name,
PF-NON-IBR / 4578,"REDUCER,  NON-IBR-SC/40- 80 MM (3"")",0,,,,name,IM-002316,"REDUCER, NON-IBR-SC/40-80 MM (3"")",Nos,sheet has no unit,same name,
PF-NON-IBR / 4579,"REDUCER,  NON-IBR-SC/40- 100 MM (4"")",0,,,,name,IM-002317,"REDUCER, NON-IBR-SC/40-100 MM (4"")",Nos,sheet has no unit,same name,
PF-NON-IBR / 4580,"REDUCER,  NON-IBR-SC/40- 125 MM (5"")",0,,,,name,IM-002318,"REDUCER, NON-IBR-SC/40-125 MM (5"")",Nos,sheet has no unit,same name,
PF-NON-IBR / 4581,"REDUCER,  NON-IBR-SC/40- 150 MM (6"")",0,,,,name,IM-002319,"REDUCER, NON-IBR-SC/40-150 MM (6"")",Nos,sheet has no unit,same name,
PF-NON-IBR / 4582,"REDUCER,  NON-IBR-SC/40- 200 MM (8"")",0,,,,name,IM-002320,"REDUCER, NON-IBR-SC/40-200 MM (8"")",Nos,sheet has no unit,same name,
PF-NON-IBR / 4583,"REDUCER, NON-IBR-SC/80 - 15 MM ( 1/2"")",0,,,,name,IM-002321,"REDUCER, NON-IBR-SC/80 15 MM (1/2"")",Nos,sheet has no unit,same name,
PF-NON-IBR / 4584,"REDUCER, NON-IBR-SC/80- 20 MM (3/4"")",0,,,,name,IM-002322,"REDUCER, NON-IBR-SC/80-20 MM (3/4"")",Nos,sheet has no unit,same name,
PF-NON-IBR / 4585,"REDUCER, NON-IBR-SC/80- 25 MM (1"")",0,,,,name,IM-002323,"REDUCER, NON-IBR-SC/80-25 MM (1"")",Nos,sheet has no unit,same name,
PF-NON-IBR / 4586,"REDUCER,  NON-IBR-SC/80- 32 MM (11/4"")",0,,,,name,IM-002324,"REDUCER, NON-IBR-SC/80-32 MM (11/4"")",Nos,sheet has no unit,same name,
PF-NON-IBR / 4587,"REDUCER,  NON-IBR-SC/80- 40 MM (11/2"")",0,,,,name,IM-002325,"REDUCER, NON-IBR-SC/80-40 MM (11/2"")",Nos,sheet has no unit,same name,
PF-NON-IBR / 4588,"REDUCER,  NON-IBR-SC/80- 50 MM (2"")",0,,,,name,IM-002326,"REDUCER, NON-IBR-SC/80-50 MM (2"")",Nos,sheet has no unit,same name,
PF-NON-IBR / 4589,"REDUCER,  NON-IBR-SC/80- 65 MM (21/2"")",0,,,,name,IM-002327,"REDUCER, NON-IBR-SC/80-65 MM (21/2"")",Nos,sheet has no unit,same name,
PF-NON-IBR / 4590,"REDUCER,  NON-IBR-SC/80- 80 MM (3"")",0,,,,name,IM-002328,"REDUCER, NON-IBR-SC/80-80 MM (3"")",Nos,sheet has no unit,same name,
PF-NON-IBR / 4591,"REDUCER,  NON-IBR-SC/80- 100 MM (4"")",0,,,,name,IM-002329,"REDUCER, NON-IBR-SC/80-100 MM (4"")",Nos,sheet has no unit,same name,
PF-NON-IBR / 4592,"REDUCER,  NON-IBR-SC/80- 125 MM (5"")",0,,,,name,IM-002330,"REDUCER, NON-IBR-SC/80-125 MM (5"")",Nos,sheet has no unit,same name,
PF-NON-IBR / 4593,"REDUCER,  NON-IBR-SC/80- 150 MM (6"")",0,,,,name,IM-002331,"REDUCER, NON-IBR-SC/80-150 MM (6"")",Nos,sheet has no unit,same name,
PF-NON-IBR / 4594,"REDUCER,  NON-IBR-SC/80- 200 MM (8"")",0,,,,name,IM-002332,"REDUCER, NON-IBR-SC/80-200 MM (8"")",Nos,sheet has no unit,same name,
PF-SS /4700,CS/MS SEAMLESS TEE S-40 15NB,0,,,,none,,,,sheet has no unit,,
PF-SS /4701,MS/CS SEAMLESS TEE S-40 25NB,0,,,,none,,,,sheet has no unit,,
PF-SS /4702,CS/MS SEAMLESS TEE S-40 40NB,0,,,,none,,,,sheet has no unit,,
PF-SS /4703,UNION THREADED VS 15 NB  CLASS-300,0,,,,none,,,,sheet has no unit,,
PF-SS /4704,"ELBOW , SS/MS , 150 MM ( 6"")",0,,,,suggest,,,,sheet has no unit,Similar catalog names,"IM-000120 BENDS, SHORT (ELBOW), NON-IBR-SC/40-150 MM (6"")"
PF-SS /4705,"ELBOW , MS/SS , 25 MM ( 1"")",0,,,,none,,,,sheet has no unit,,
PF-SS /4706,"BW  UN-EQUAL TEE 1"" X 1/2"" SC-80",0,,,,none,,,,sheet has no unit,,
PF-NON-IBR 4749,"HEX NIPPLE MS  NON-IBR- 10MM (3/8"")",48,,,16,decided,IM-001169,"HEX NIPPLE MS NON-IBR 8 MM (3/8"")",Nos,sheet has no unit,checked by hand,
PF-NON-IBR 4750,"HEX NIPPLE MS  NON-IBR- 15 MM (1/2"")",48,,,18,name,IM-001170,"HEX NIPPLE MS NON-IBR 15 MM (1/2"")",Nos,sheet has no unit,same name,
PF-NON-IBR 4751,"HEX NIPPLE MS  NON-IBR- 20 MM (3/4"")",0,,,,name,IM-001171,"HEX NIPPLE MS NON-IBR-20 MM (3/4"")",Nos,sheet has no unit,same name,
PF-NON-IBR 4752,"HEX NIPPLE MS  NON-IBR- 25 MM (1"")",0,,,,name,IM-001172,"HEX NIPPLE MS NON-IBR-25 MM (1"")",Nos,sheet has no unit,same name,
PF-NON-IBR 4753,"HEX NIPPLE MS  NON-IBR- 32 MM (11/4"")",0,,,,name,IM-001173,"HEX NIPPLE MS NON-IBR-32 MM (11/4"")",Nos,sheet has no unit,same name,
PF-NON-IBR 4754,"HEX NIPPLE MS  NON-IBR- 40 MM (11/2"")",0,,,,name,IM-001174,"HEX NIPPLE MS NON-IBR-40 MM (11/2"")",Nos,sheet has no unit,same name,
PF-NON-IBR 4755,"HEX NIPPLE MS  NON-IBR- 50 MM (2"")",0,,,,name,IM-001175,"HEX NIPPLE MS NON-IBR-50 MM (2"")",Nos,sheet has no unit,same name,
PF-NON-IBR 4756,"HEX NIPPLE MS  NON-IBR- 65 MM (2 1/2"")",0,,,,suggest,,,,sheet has no unit,Similar catalog names,"IM-001172 HEX NIPPLE MS NON-IBR-25 MM (1"") | IM-001175 HEX NIPPLE MS NON-IBR-50 MM (2"") | IM-001176 HEX NIPPLE MS NON-IBR-80 MM (2"") | IM-001168 HEX NIPPLE MS NON-IBR 6 MM (1/4"")"
PF-NON-IBR 4774,"REDUCER HEX NIPPLE   MS  NON-IBR - 1"" X 1/2""",0,,,,suggest,,,,sheet has no unit,Similar catalog names,"IM-001172 HEX NIPPLE MS NON-IBR-25 MM (1"") | IM-001175 HEX NIPPLE MS NON-IBR-50 MM (2"") | IM-001176 HEX NIPPLE MS NON-IBR-80 MM (2"")"
PF-NON-IBR 4775,"REDUCER HEX NIPPLE   MS  NON-IBR - 3/8"" X 1/2""",0,,,,suggest,,,,sheet has no unit,Similar catalog names,"IM-001172 HEX NIPPLE MS NON-IBR-25 MM (1"") | IM-001175 HEX NIPPLE MS NON-IBR-50 MM (2"") | IM-001176 HEX NIPPLE MS NON-IBR-80 MM (2"")"
PF-NON-IBR 4776,"REDUCER HEX NIPPLE   MS  NON-IBR - 1/2"" X 1/4""",0,,,,suggest,,,,sheet has no unit,Similar catalog names,"IM-001172 HEX NIPPLE MS NON-IBR-25 MM (1"") | IM-001175 HEX NIPPLE MS NON-IBR-50 MM (2"") | IM-001176 HEX NIPPLE MS NON-IBR-80 MM (2"")"
PF-NON-IBR 4777,REDUCER HEX NIPPLE   CS   NON-IBR - 15 X 10,0,,,,suggest,,,,sheet has no unit,Similar catalog names,IM-003056 REDUCER HEX NIPPLE CS NON-IBR 15 X 6 MM
PF-NON-IBR 4778,REDUCER HEX NIPPLE   CS   NON-IBR - 15 X 6,50,,,18,decided,IM-003056,REDUCER HEX NIPPLE CS NON-IBR 15 X 6 MM,Nos,sheet has no unit,checked by hand,
PF-NON-IBR 4801,"SYHON PIPE - Q TYPE - 3/8""",0,,,,suggest,,,,sheet has no unit,Similar catalog names,"IM-002604 SYHON PIPE-SCH-80 Q TYPE 3/8"" | IM-002605 SYHON PIPE SCH-80-Q TYPE 1/2"" | IM-002606 SYHON PIPE SCH-80-U TYPE 3/8"" | IM-002607 SYHON PIPE SCH-80-U TYPE 1/2"""
PF-NON-IBR 4802,"SYHON PIPE - Q TYPE - 1/2""",0,,,,suggest,,,,sheet has no unit,Similar catalog names,"IM-002604 SYHON PIPE-SCH-80 Q TYPE 3/8"" | IM-002605 SYHON PIPE SCH-80-Q TYPE 1/2"" | IM-002606 SYHON PIPE SCH-80-U TYPE 3/8"" | IM-002607 SYHON PIPE SCH-80-U TYPE 1/2"""
PF-NON-IBR 4803,"SYHON PIPE - U TYPE - 3/8""",0,,,,suggest,,,,sheet has no unit,Similar catalog names,"IM-002604 SYHON PIPE-SCH-80 Q TYPE 3/8"" | IM-002605 SYHON PIPE SCH-80-Q TYPE 1/2"" | IM-002606 SYHON PIPE SCH-80-U TYPE 3/8"" | IM-002607 SYHON PIPE SCH-80-U TYPE 1/2"""
PF-NON-IBR 4804,"SYHON PIPE - U TYPE - 1/2""",0,,,,suggest,,,,sheet has no unit,Similar catalog names,"IM-002604 SYHON PIPE-SCH-80 Q TYPE 3/8"" | IM-002605 SYHON PIPE SCH-80-Q TYPE 1/2"" | IM-002606 SYHON PIPE SCH-80-U TYPE 3/8"" | IM-002607 SYHON PIPE SCH-80-U TYPE 1/2"""
PF-NONIBR 4820,"PRESSURE GAUGE - DIAL :2""/21/2"" ; 0 T0 40 Kgs ; 1/4""",0,,,,name,IM-002213,"PRESSURE GAUGE DIAL:2""/21/2"" ; 0 T0 40 Kgs ; 1/4""",Nos,sheet has no unit,"same name; Item Master has 2 rows with this name (IM-002213, IM-002258)",
PF-NONIBR 4821,"PRESSURE GAUGE - DIAL  : 4"" ; UPTO Kgs ; 1/4"" BSP",0,,,,suggest,,,,sheet has no unit,Similar catalog names,"IM-002209 PRESSURE GAUGE DIAL:4"" ; 0 TO 42 Kgs ; 1/4"" BSP | IM-002210 PRESSURE GAUGE DIAL:6"" ; 0 TO 42 Kgs ; 3/8"" BSP | IM-002211 PRESSURE GAUGE DIAL:8"" ; 0 T0 42 Kgs ; 1/2"" BSP | IM-002214 PRESSURE GAUGE DIAL:4"" ; 0 TO 40 Kgs ; 1/4"" BSP"
PF-NONIBR 4822,"PRESSURE GAUGE - DIAL :  6"" ; UPT0 21 Kgs ; 1/2"" BSP",52,,,896.15,decided,IM-003079,"PRESSURE GAUGE DIAL:6"" ; 0 TO 21 Kgs ; 1/2"" BSP",Nos,sheet has no unit,checked by hand,
PF-NONIBR 4823,"PRESSURE GAUGE - DIAL :  8"" ; UPT0 21 Kgs ; 1/2"" BSP",0,,,,suggest,,,,sheet has no unit,Similar catalog names,"IM-002209 PRESSURE GAUGE DIAL:4"" ; 0 TO 42 Kgs ; 1/4"" BSP | IM-002210 PRESSURE GAUGE DIAL:6"" ; 0 TO 42 Kgs ; 3/8"" BSP | IM-002211 PRESSURE GAUGE DIAL:8"" ; 0 T0 42 Kgs ; 1/2"" BSP | IM-002214 PRESSURE GAUGE DIAL:4"" ; 0 TO 40 Kgs ; 1/4"" BSP"
PF-NONIBR 4824,"PRESSURE GAUGE - DIAL : 10"" ; 0 T0 21 Kgs ; 1/2"" BSP",5,,,3580,name,IM-002227,"PRESSURE GAUGE DIAL:10"" ; 0 T0 21 Kgs ; 1/2"" BSP",Nos,sheet has no unit,same name,
PF-NONIBR 4826,"PRESSURE GAUGE - DIAL : 4"" ; 0 T0 21 Kgs ; 1/4"" Back Connection",3,,,1150,decided,IM-002224,"PRESSURE GAUGE DIAL:4"" ; 0 TO 21 Kgs ; 1/4"" BSP",Nos,sheet has no unit,checked by hand,
PF-NONIBR 4827,"Thermometer - Dial : 4"" x 6"" Steam - 0-300 Deg C ; Bottom / Back Connection",2,,,700,decided,IM-002621,"Thermometer Dial:4"" X 6"" Steam 0-300 Deg C",Nos,sheet has no unit,checked by hand,
PF-NONIBR 4825,"PRESSURE GAUGE - DIAL :2""/21/2"" ; 0 T0 40 Kgs ; 1/4"" ; Back Connection",0,,,,suggest,,,,sheet has no unit,Similar catalog names,"IM-002259 PRESSURE GAUGE DIAL:4"" 0 T0 40 Kgs 1/4"" | IM-002258 PRESSURE GAUGE DIAL:2""/21/2"" 0 T0 40 Kgs 1/4"" | IM-002233 PRESSURE GAUGE-SS-DIAL:2""/21/2"" 0 T0 42 Kgs 1/4"" | IM-002238 PRESSURE GAUGE-SS-DIAL:2""/21/2"" 0 T0 40 Kgs 1/4"""
PF-NONIBR 4828,"Thermometer - Dial : 6"" x 12"" Steam - 0-300 Deg C ; Bottom / Back Connection",0,,,,suggest,,,,sheet has no unit,Similar catalog names,"IM-002621 Thermometer Dial:4"" X 6"" Steam 0-300 Deg C | IM-002622 Thermometer Dial:6"" X 12"" Steam 0-300 Deg C | IM-002623 Thermometer-Dial:10""x18"" Steam 0-300 Deg C | IM-002624 Thermometer Dial:4"" X 6"" Steam 0-150 Deg C"
PF-NONIBR 4829,"Thermometer with Capillaery - Dial : 4"" x 6"" Steam - 0-300 Deg C",0,,,,suggest,,,,sheet has no unit,Similar catalog names,"IM-002621 Thermometer Dial:4"" X 6"" Steam 0-300 Deg C | IM-002622 Thermometer Dial:6"" X 12"" Steam 0-300 Deg C | IM-002623 Thermometer-Dial:10""x18"" Steam 0-300 Deg C | IM-002624 Thermometer Dial:4"" X 6"" Steam 0-150 Deg C"
PF-NONIBR 4835,"PRESSURE GAUGE - SS - DIAL :  8"" ; UPT0 40 Kgs ; 1/2"" BSP",0,,,,suggest,,,,sheet has no unit,Similar catalog names,"IM-002209 PRESSURE GAUGE DIAL:4"" ; 0 TO 42 Kgs ; 1/4"" BSP | IM-002210 PRESSURE GAUGE DIAL:6"" ; 0 TO 42 Kgs ; 3/8"" BSP | IM-002211 PRESSURE GAUGE DIAL:8"" ; 0 T0 42 Kgs ; 1/2"" BSP | IM-002214 PRESSURE GAUGE DIAL:4"" ; 0 TO 40 Kgs ; 1/4"" BSP"
PF-NONIBR 4836,"PRESSURE GAUGE - SS - DIAL : 10"" ; 0 T0 40 Kgs ; 1/2"" BSP",0,,,,name,IM-002242,"PRESSURE GAUGE-SS-DIAL:10"" ; 0 T0 40 Kgs ; 1/2"" BSP",Nos,sheet has no unit,same name,
PF-NONIBR 4837,"PRESSURE GAUGE - SS - DIAL : 6"" ; 0 T0 40 Kgs ; 1/2"" BSP",0,,,,suggest,,,,sheet has no unit,Similar catalog names,"IM-002209 PRESSURE GAUGE DIAL:4"" ; 0 TO 42 Kgs ; 1/4"" BSP | IM-002210 PRESSURE GAUGE DIAL:6"" ; 0 TO 42 Kgs ; 3/8"" BSP | IM-002211 PRESSURE GAUGE DIAL:8"" ; 0 T0 42 Kgs ; 1/2"" BSP | IM-002214 PRESSURE GAUGE DIAL:4"" ; 0 TO 40 Kgs ; 1/4"" BSP"
PF-NONIBR 4838,"PRESSURE GAUGE - SS - DIAL : 4"" ; 0 T0 40 Kgs ; 3/8"" BSP",0,,,,suggest,,,,sheet has no unit,Similar catalog names,"IM-002209 PRESSURE GAUGE DIAL:4"" ; 0 TO 42 Kgs ; 1/4"" BSP | IM-002210 PRESSURE GAUGE DIAL:6"" ; 0 TO 42 Kgs ; 3/8"" BSP | IM-002211 PRESSURE GAUGE DIAL:8"" ; 0 T0 42 Kgs ; 1/2"" BSP | IM-002214 PRESSURE GAUGE DIAL:4"" ; 0 TO 40 Kgs ; 1/4"" BSP"
TOOLS / 5000,DRILL BIT 2 MM,0,,,,name,IM-000372,DRILL BIT 2 MM,Nos,sheet has no unit,same name,
TOOLS / 5001,DRILL BIT 3 MM,0,NOS,,,name,IM-000375,DRILL BIT 3 MM,Nos,same,same name,
TOOLS / 5002,DRILL BIT 2 MM,0,,,,name,IM-000372,DRILL BIT 2 MM,Nos,sheet has no unit,same name,
TOOLS / 5003,DRILL BIT 3 MM,0,,,,name,IM-000375,DRILL BIT 3 MM,Nos,sheet has no unit,same name,
TOOLS / 5004,DRILL BIT 4 MM,0,,,,name,IM-000378,DRILL BIT 4 MM,Nos,sheet has no unit,same name,
TOOLS / 5005,DRILL BIT 5 MM,2,NOS,,115,name,IM-000380,DRILL BIT 5 MM,Nos,same,same name,
TOOLS / 5006,DRILL BIT 6 MM,2,,,121.63,name,IM-000382,DRILL BIT 6 MM,Nos,sheet has no unit,same name,
TOOLS / 5007,DRILL BIT 7 MM,0,NOS,,,name,IM-000384,DRILL BIT 7 MM,Nos,same,same name,
TOOLS / 5008,DRILL BIT 8.5MM,2,NOS,,231.92,loose,IM-000387,DRILL BIT 8.5 MM,Nos,same,same name (unit spelling differs),
TOOLS / 5009,DRILL BIT 9 MM,0,,,,name,IM-000388,DRILL BIT 9 MM,Nos,sheet has no unit,same name,
TOOLS / 5010,DRILL BIT 10 MM/10.5MM,2,.NOS,,391.66,decided,IM-003080,DRILL BIT 10/10.5 MM,Nos,same,checked by hand,
TOOLS / 5011,DRILL BIT 12 MM,0,,,,name,IM-000392,DRILL BIT 12 MM,Nos,sheet has no unit,same name,
TOOLS / 5012,DRILL BIT 14 MM,2,,,1046,name,IM-000396,DRILL BIT 14 MM,Nos,sheet has no unit,same name,
TOOLS / 5013,DRILL BIT 15 MM,0,,,,name,IM-000398,DRILL BIT 15 MM,Nos,sheet has no unit,same name,
TOOLS / 5014,DRILL BIT 16 MM,0,,,,name,IM-000400,DRILL BIT 16 MM,Nos,sheet has no unit,same name,
TOOLS / 5015,DRILL BIT 17 MM,0,,,,name,IM-000402,DRILL BIT 17 MM,Nos,sheet has no unit,same name,
TOOLS / 5016,DRILL BIT 10.5MM,0,NOS,,,loose,IM-000391,DRILL BIT 10.5 MM,Nos,same,same name (unit spelling differs),
TOOLS / 5017,DRILL BIT 17.5MM,0,NOS,,,loose,IM-000403,DRILL BIT 17.5 MM,Nos,same,same name (unit spelling differs),
TOOLS / 5018,DRILL BIT 19 MM,0,,,,name,IM-000406,DRILL BIT 19 MM,Nos,sheet has no unit,same name,
TOOLS / 5019,DRILL BIT 20 MM,0,,,,name,IM-000408,DRILL BIT 20 MM,Nos,sheet has no unit,same name,
TOOLS / 5020,DRILL BIT 21 MM,0,,,,name,IM-000410,DRILL BIT 21 MM,Nos,sheet has no unit,same name,
TOOLS / 5021,DRILL BIT 22 MM,0,,,,name,IM-000412,DRILL BIT 22 MM,Nos,sheet has no unit,same name,
TOOLS / 5022,DRILL BIT 24 MM,0,NOS,,,name,IM-000414,DRILL BIT 24 MM,Nos,same,same name,
TOOLS / 5023,DRILL BIT 25 MM,0,,,,name,IM-000416,DRILL BIT 25 MM,Nos,sheet has no unit,same name,
TOOLS / 5024,DRILL BIT 27 MM,0,,,,name,IM-000418,DRILL BIT 27 MM,Nos,sheet has no unit,same name,
TOOLS / 5025,DRILL BIT 30 MM,0,,,,name,IM-000419,DRILL BIT 30 MM,Nos,sheet has no unit,same name,
TOOLS / 5026,DRILL BIT 35 MM,0,,,,name,IM-000420,DRILL BIT 35 MM,Nos,sheet has no unit,same name,
TOOLS / 5027,DRILL BIT 40 MM,0,,,,name,IM-000421,DRILL BIT 40 MM,Nos,sheet has no unit,same name,
TOOLS / 5028,DRILL BIT 50 MM,0,,,,name,IM-000422,DRILL BIT 50 MM,Nos,sheet has no unit,same name,
TOOLS / 5029,DRILL BIT 55 MM,0,,,,name,IM-000423,DRILL BIT 55 MM,Nos,sheet has no unit,same name,
TOOLS / 5030,DRILL BIT 56 MM,0,,,,name,IM-000424,DRILL BIT 56 MM,Nos,sheet has no unit,same name,
TOOLS / 5031,DRILL BIT 60 MM,0,,,,name,IM-000425,DRILL BIT 60 MM,Nos,sheet has no unit,same name,
TOOLS / 5032,DILL BIT 63.5 MM,0,,,,name,IM-000426,DILL BIT 63.5 MM,Nos,sheet has no unit,same name,
TOOLS / 5033,DRILL BIT 80 MM,0,,,,name,IM-000427,DRILL BIT 80 MM,Nos,sheet has no unit,same name,
TOOLS / 5034,DRILL BIT 100 MM,0,,,,name,IM-000428,DRILL BIT 100 MM,Nos,sheet has no unit,same name,
TOOLS / 5035,DRILL BIT 125 MM,0,,,,name,IM-000429,DRILL BIT 125 MM,Nos,sheet has no unit,same name,
TOOLS / 5036,REEMER 40 MM,0,,,,name,IM-002333,REEMER 40 MM,Nos,sheet has no unit,same name,
TOOLS / 5037,REEMER 50 MM,0,,,,name,IM-002334,REEMER 50 MM,Nos,sheet has no unit,same name,
TOOLS / 5038,REEMER 55 MM,0,,,,name,IM-002335,REEMER 55 MM,Nos,sheet has no unit,same name,
TOOLS / 5039,REEMER 56 MM,0,,,,name,IM-002336,REEMER 56 MM,Nos,sheet has no unit,same name,
TOOLS / 5040,REEMER 60 MM,0,,,,name,IM-002337,REEMER 60 MM,Nos,sheet has no unit,same name,
TOOLS / 5041,DILL BIT 63.5 MM,0,,,,name,IM-000426,DILL BIT 63.5 MM,Nos,sheet has no unit,same name,
TOOLS / 5042,REEMER 80 MM,0,,,,name,IM-002338,REEMER 80 MM,Nos,sheet has no unit,same name,
TOOLS / 5043,REEMER 100 MM,0,,,,name,IM-002339,REEMER 100 MM,Nos,sheet has no unit,same name,
TOOLS / 5043-1,ARBOUR 19.5 MM FOR BROACH CUTTER,2,,,,decided,IM-003057,ARBOUR 19.5 MM FOR BROACH CUTTER,Nos,sheet has no unit,checked by hand,
TOOLS / 5044,BROCH CUTTER 45MM,0,,,,suggest,,,,sheet has no unit,Similar catalog names,IM-000200 BROCH CUTTER 33 X 50 MM | IM-000201 BROCH CUTTER 40 X 50 MM | IM-000202 BROCH CUTTER 46 X 50 MM | IM-000203 BROCH CUTTER 51 X 50 MM
TOOLS / 5044-1,BROCH CUTTER 44MM,2,,,,decided,IM-003081,BROCH CUTTER 44 X 50 MM,Nos,sheet has no unit,checked by hand,
TOOLS / 5045,BROCH CUTTER 52MM,1,,,2790,decided,IM-003082,BROCH CUTTER 52 X 50 MM,Nos,sheet has no unit,checked by hand,
TOOLS / 5046,BROCH CUTTER CENTER PUNCH,0,NOS,,,suggest,,,,,Similar catalog names,IM-000200 BROCH CUTTER 33 X 50 MM | IM-000201 BROCH CUTTER 40 X 50 MM | IM-000202 BROCH CUTTER 46 X 50 MM | IM-000203 BROCH CUTTER 51 X 50 MM
TOOLS / 5047,BROCH CUTTER 61MM,0,NOS,,,suggest,,,,,Similar catalog names,IM-000200 BROCH CUTTER 33 X 50 MM | IM-000201 BROCH CUTTER 40 X 50 MM | IM-000202 BROCH CUTTER 46 X 50 MM | IM-000203 BROCH CUTTER 51 X 50 MM
TOOLS / 5048,BROCH CUTTER 65 X 50 MM,1,NOS,,3320,name,IM-000206,BROCH CUTTER 65 X 50 MM,Nos,same,same name,
TOOLS / 5049,DRILL BITS 3.8 MM DIA,0,,,,suggest,,,,sheet has no unit,Similar catalog names,IM-000374 DRILL BITS 2.8 MM | IM-000377 DRILL BITS 3.8 MM
TOOLS / 5050,DRILL BITS 2.8 MM DIA,0,,,,suggest,,,,sheet has no unit,Similar catalog names,IM-000374 DRILL BITS 2.8 MM | IM-000377 DRILL BITS 3.8 MM
TOOLS / 5060,ARMACHER  AG-4,0,,,,none,,,,sheet has no unit,,
TOOLS / 5061,ARMACHER AG-7,0,,,,none,,,,sheet has no unit,,
TOOLS / 5062,"ARMACHER AG-14"" CUTTING",0,,,,none,,,,sheet has no unit,,
TOOLS / 5063,ARMACHER HAND DRILING,0,,,,suggest,,,,sheet has no unit,Similar catalog names,IM-002635 ARMATURE HAND DRILING
TOOLS / 5064,ARMACHER MAGNETIC DRILING,0,,,,suggest,,,,sheet has no unit,Similar catalog names,IM-002636 ARMATURE MAGNETIC DRILING
TOOLS / 5065,ARMACHER BROACH CUTTER MACH.,0,,,,suggest,,,,sheet has no unit,Similar catalog names,IM-002637 ARMATURE BROACH CUTTER MACH.75 | IM-002638 ARMATURE BROACH CUTTER MACH.100
TOOLS / 5066,,0,,,,none,,,,sheet has no unit,,
TOOLS / 5080,FIELD COIL BOSCH 1604220380,0,,,,name,IM-002639,FIELD COIL BOSCH 1604220380,Nos,sheet has no unit,same name,
TOOLS / 5081,"NUMBER PUNCH 3/8""",0,,,,name,IM-002640,"NUMBER PUNCH 3/8""",Nos,sheet has no unit,same name,
TOOLS / 5082,"LETTER PUNCH 3/8""",0,,,,name,IM-002641,"LETTER PUNCH 3/8""",Nos,sheet has no unit,same name,
TOOLS / 5083,MEASURIG TAPE 15 MTRS,0,NOS,,,name,IM-002643,MEASURIG TAPE 15 MTRS,Nos,same,same name,
TOOLS / 5084,MEASURIG TAPE 10 MTRS,0,,,,name,IM-002644,MEASURIG TAPE 10 MTRS,Nos,sheet has no unit,same name,
TOOLS / 5085,MEASURIG TAPE 5 MTRS,8,NOS,,80,name,IM-002645,MEASURIG TAPE 5 MTRS,Nos,same,same name,
TOOLS / 5086,TESTOR,0,NOS,,,name,IM-002647,TESTOR,Nos,same,same name,
TOOLS / 5087,DRILL SLEEVE,0,,,,name,IM-002648,DRILL SLEEVE,Nos,sheet has no unit,same name,
TOOLS / 5088,BELT PUNCH,0,,,,name,IM-002649,BELT PUNCH,Nos,sheet has no unit,same name,
TOOLS / 5089,WIRE CUTTER,0,,,,name,IM-002650,WIRE CUTTER,Nos,sheet has no unit,same name,
TOOLS / 5090,MEASURING TAPE - 3 MTRS,0,,,,suggest,,,,sheet has no unit,Similar catalog names,IM-002645 MEASURIG TAPE 5 MTRS | IM-002646 MEASURIG TAPE 3 MTRS | IM-002642 MEASURIG TAPE 30 MTRS | IM-002643 MEASURIG TAPE 15 MTRS
TOOLS / 5091,BUSH FOR AG-7 GRINDING WHEEL,0,,,,suggest,,,,sheet has no unit,Similar catalog names,"IM-001154 GRINDING WHEEL-4"""
TOOLS / 5092,"LATHE CHUCK 16""",0,,,,name,IM-002651,"LATHE CHUCK 16""",Nos,sheet has no unit,same name,
TOOLS / 5093,BEARING PULLER,0,,,,name,IM-002652,BEARING PULLER,Nos,sheet has no unit,same name,
TOOLS / 5094,TROLLY  FOR DOUBLE GAS CYLINDERS,0,,,,name,IM-002653,TROLLY FOR DOUBLE GAS CYLINDERS,Nos,sheet has no unit,same name,
TOOLS / 5095,OVEN ELECTRODE - SMALL,0,,,,name,IM-002654,OVEN ELECTRODE SMALL,Nos,sheet has no unit,same name,
TOOLS / 5096,NUMBER PUNCH 8MM,0,,,,name,IM-002655,NUMBER PUNCH 8MM,Nos,sheet has no unit,same name,
TOOLS / 5097,LETTER PUNCH 8MM,0,,,,name,IM-002656,LETTER PUNCH 8MM,Nos,sheet has no unit,same name,
TOOLS / 5098,BANDSAW BLADE,0,,,,name,IM-002657,BANDSAW BLADE,Nos,sheet has no unit,same name,
TOOLS / 5099,"JANATICS CYLINDER 1/2""",0,,,,none,,,,sheet has no unit,,
TOOLS / 5100,"AG-4 GRINDING M/C 10-4 , 100MM",0,NOS,,,none,,,,,,
TOOLS / 5101,7/16 X 9/16 SPANNER,0,NOS,,,none,,,,,,
TOOLS / 5102,7/16 X 9/16  RING SPANNER,0,NOS,,,none,,,,,,
TOOLS / 5103,"24"" PIPE WRENCH",0,NOS,,,none,,,,,,
TOOLS / 5104,"12"" RIGHT ANGLE",0,,,,none,,,,sheet has no unit,,
TOOLS / 5105,"12"" DIVIDER CALLIPER",0,,,,none,,,,sheet has no unit,,
TOOLS / 5106,"12""SPRITI LEVEL",0,NOS,,,none,,,,,,
TOOLS / 5107,1MTRS SCALES,0,NOS,,,none,,,,,,
TOOLS / 5108,1984 CENTER BUNCH,0,,,,none,,,,sheet has no unit,,
TOOLS / 5109,32 X 36 DE SPANNER,0,,,,none,,,,sheet has no unit,,
TOOLS / 5110,ALLENKEY MM,0,NOS,,,none,,,,,,
TOOLS / 5111,903I SCREW DRIVER,0,NOS,,,none,,,,,,
TOOLS / 5112,"8"" NOSE PLIER",0,NOS,,,none,,,,,,
TOOLS / 5113,12 X 13 SPANNER,0,NOS,,,none,,,,,,
TOOLS / 5114,20 X 22 SPANNER,0,NOS,,,none,,,,,,
TOOLS / 5115,16 X 17SPANNER,0,NOS,,,none,,,,,,
TOOLS / 5116,14X 15 SPANNER,0,NOS,,,none,,,,,,
TOOLS / 5117,20 X 22 RING SPANNER,0,NOS,,,none,,,,,,
TOOLS / 5118,25 X 28 FLAT SPANNER,0,NOS,,,none,,,,,,
TOOLS / 5119,24 X 26 FLAT SPANNER,0,NOS,,,none,,,,,,
TOOLS / 5120,30 X 32 RING SPANNER,0,NOS,,,none,,,,,,
TOOLS / 5121,CENTER PUNCH,0,,,,none,,,,sheet has no unit,,
TOOLS / 5122,CYLINDER KEY,0,NOS,,,none,,,,,,
TOOLS / 5123,"SCREW SPANNER 12""",0,NOS,,,none,,,,,,
CI /7000,"CI  WHEELS -  3""",0,,,,name,IM-000226,"CI WHEELS 3""",Nos,sheet has no unit,same name,
CI /7001,"CI  WHEELS -  4""",0,,,,name,IM-000227,"CI WHEELS 4""",Nos,sheet has no unit,same name,
CI /7002,"CI  WHEELS -  5""",0,,,,name,IM-000228,"CI WHEELS 5""",Nos,sheet has no unit,same name,
CI /7003,"CI  WHEELS -  6""",0,,,,name,IM-000229,"CI WHEELS 6""",Nos,sheet has no unit,same name,
CI /7004,"CI  WHEELS -  8""",0,,,,name,IM-000230,"CI WHEELS 8""",Nos,sheet has no unit,same name,
CI /7005,"CI  WHEELS -  10""",0,,,,name,IM-000231,"CI WHEELS 10""",Nos,sheet has no unit,same name,
CI /7010,"GRATE BARS, CI , SIMPLEX - 530 MM - G1",0,,,,name,IM-001132,"GRATE BARS, CI, SIMPLEX 530 MM G1",Nos,sheet has no unit,same name,
CI /7011,"GRATE BARS, CI , SIMPLEX - 890 MM - G2",0,,,,name,IM-001133,"GRATE BARS, CI, SIMPLEX 890 MM G2",Nos,sheet has no unit,same name,
CI /7012,"GRATE BARS, CI , SIMPLEX - 822 MM - G3",0,,,,name,IM-001134,"GRATE BARS, CI, SIMPLEX-822 MM G3",Nos,sheet has no unit,same name,
CI /7013,"GRATE BARS, CI , SIMPLEX - 730 MM - G4",0,,,,name,IM-001135,"GRATE BARS, CI, SIMPLEX 730 MM G4",Nos,sheet has no unit,same name,
CI /7014,"GRATE BARS, CI , SIMPLEX - 620 MM - G5",0,,,,suggest,,,,sheet has no unit,Similar catalog names,"IM-001132 GRATE BARS, CI, SIMPLEX 530 MM G1 | IM-001133 GRATE BARS, CI, SIMPLEX 890 MM G2 | IM-001134 GRATE BARS, CI, SIMPLEX-822 MM G3 | IM-001135 GRATE BARS, CI, SIMPLEX 730 MM G4"
CI /7015,"GRATE BARS, CI , SIMPLEX - 540 MM - G6",0,,,,name,IM-001137,"GRATE BARS, CI, SIMPLEX 540 MM G6",Nos,sheet has no unit,same name,
CI /7016,"GRATE BARS, CI , SIMPLEX - 615 MM - G7",0,,,,name,IM-001138,"GRATE BARS, CI, SIMPLEX 615 MM G7",Nos,sheet has no unit,same name,
CI /7017,"GRATE BARS, CI , SIMPLEX - 690 MM - G8",0,,,,name,IM-001139,"GRATE BARS, CI, SIMPLEX 690 MM G8",Nos,sheet has no unit,same name,
CI /7018,"GRATE BARS, CI , SIMPLEX - 1000 MM - G9",13,,,1593.75,name,IM-001140,"GRATE BARS, CI, SIMPLEX 1000 MM G9",Nos,sheet has no unit,same name,
CI /7019,"GRATE BARS, CI , SIMPLEX - 400 MM - G10",0,,,,name,IM-001141,"GRATE BARS, CI, SIMPLEX 400 MM G10",Nos,sheet has no unit,same name,
CI /7020,"GRATE BARS, CI , SIMPLEX - 580 MM - G11",0,,,,suggest,,,,sheet has no unit,Similar catalog names,"IM-001142 GRATE BARS, CI, SIMPLEX 530 MM G11 | IM-001132 GRATE BARS, CI, SIMPLEX 530 MM G1 | IM-001133 GRATE BARS, CI, SIMPLEX 890 MM G2 | IM-001134 GRATE BARS, CI, SIMPLEX-822 MM G3"
CI /7021,"GRATE BARS, CI , SIMPLEX - 630 MM - G12",0,,,,name,IM-001143,"GRATE BARS, CI, SIMPLEX 630 MM G12",Nos,sheet has no unit,same name,
CI /7022,"GRATE BARS, CI , SIMPLEX - 560 MM - G13",0,,,,name,IM-001144,"GRATE BARS, CI, SIMPLEX 560 MM G13",Nos,sheet has no unit,same name,
CI /7023,"GRATE BARS, CI , SIMPLEX - 650 MM - G14",0,,,,name,IM-001145,"GRATE BARS, CI, SIMPLEX 650 MM G14",Nos,sheet has no unit,same name,
CI /7024,"GRATE BARS, CI , SIMPLEX - 700 MM - G15",0,,,,name,IM-001146,"GRATE BARS, CI, SIMPLEX 700 MM G15",Nos,sheet has no unit,same name,
CI /7030,"GRATE BARS, CI , TRIPLEX - 730 MM - T1",0,,,,suggest,,,,sheet has no unit,Similar catalog names,"IM-001147 GRATE BARS, CI, TRIPLEX 730/735 MM T1 | IM-001135 GRATE BARS, CI, SIMPLEX 730 MM G4 | IM-001148 GRATE BARS, CI, TRIPLEX 530 MM T2 | IM-001149 GRATE BARS, CI, TRIPLEX 630 MM T3"
CI /7031,"GRATE BARS, CI , TRIPLEX - 530 MM - T2",69,,,1865.54,name,IM-001148,"GRATE BARS, CI, TRIPLEX 530 MM T2",Nos,sheet has no unit,same name,
CI /7032,"GRATE BARS, CI , TRIPLEX - 630 MM - T3",261,,,1761.95,name,IM-001149,"GRATE BARS, CI, TRIPLEX 630 MM T3",Nos,sheet has no unit,same name,
CI /7033,"GRATE BARS, CI , TRIPLEX - 690 MM - T4",0,,,,name,IM-001150,"GRATE BARS, CI, TRIPLEX 690 MM T4",Nos,sheet has no unit,same name,
CI /7034,"GRATE BARS, CI , TRIPLEX -540 MM - T5",0,,,,name,IM-001151,"GRATE BARS, CI, TRIPLEX-540 MM T5",Nos,sheet has no unit,same name,
CI /7035,"GRATE BARS, CI , TRIPLEX -615 MM - T6",0,,,,name,IM-001152,"GRATE BARS, CI, TRIPLEX-615 MM T6",Nos,sheet has no unit,same name,
CI /7036,"GRATE BARS, CI , TRIPLEX -660 MM - T7",0,,,,name,IM-001153,"GRATE BARS, CI, TRIPLEX-660 MM T7",Nos,sheet has no unit,same name,
CI /7040,"FIRE BARS , CI , HUSK Z TYPE - 400 MM",0,,,,name,IM-000970,"FIRE BARS, CI, HUSK Z TYPE 400 MM",Nos,sheet has no unit,same name,
CI /7041,"FIRE BARS , CI , HUSK Z TYPE - 500 MM",0,,,,name,IM-000971,"FIRE BARS, CI, HUSK Z TYPE 500 MM",Nos,sheet has no unit,same name,
CI /7042,"FIRE BARS , CI , HUSK Z TYPE - 600 MM",0,,,,name,IM-000972,"FIRE BARS, CI, HUSK Z TYPE 600 MM",Nos,sheet has no unit,same name,
CI /7043,,0,,,,none,,,,sheet has no unit,,
CI /7050,SUPPORT BAR   - 740 MM - S1,0,NOS,,,name,IM-002579,SUPPORT BAR 740 MM S1,Nos,same,same name,
CI /7051,SUPPORT BAR   - 1050 MM - S2,0,NOS,,,suggest,,,,,Similar catalog names,"IM-002592 SUPPORT BAR ""H"" TYPE S-14 1050 MM | IM-002579 SUPPORT BAR 740 MM S1 | IM-002586 SUPPORT BAR 800 MM S8 | IM-003083 SUPPORT BAR 660 MM S8"
CI /7052,SUPPORT BAR   - 770 MM - S3,0,NOS,,,suggest,,,,,Similar catalog names,IM-002579 SUPPORT BAR 740 MM S1 | IM-002586 SUPPORT BAR 800 MM S8 | IM-003083 SUPPORT BAR 660 MM S8 | IM-002580 SUPPORT BAR 1066 MM S2
CI /7053,SUPPORT BAR   - 1132 MM - S4,6,NOS,,1898,decided,IM-002582,SUPPORT BAR 1100//1132 MM S4,Nos,same,checked by hand,
CI /7054,SUPPORT BAR   - 960 MM - S5,0,NOS,,,suggest,,,,,Similar catalog names,IM-002579 SUPPORT BAR 740 MM S1 | IM-002586 SUPPORT BAR 800 MM S8 | IM-003083 SUPPORT BAR 660 MM S8 | IM-002580 SUPPORT BAR 1066 MM S2
CI /7055,SUPPORT BAR   - 1250 // 1280 MM - S6,0,NOS,,,name,IM-002584,SUPPORT BAR 1250 // 1280 MM S6,Nos,same,same name,
CI /7056,SUPPORT BAR   - 1120 MM - S7,0,NOS,,,name,IM-002585,SUPPORT BAR 1120 MM S7,Nos,same,same name,
CI /7057,SUPPORT BAR   - 660 MM - S8,37,NOS,,1471.81,decided,IM-003083,SUPPORT BAR 660 MM S8,Nos,same,checked by hand,
CI /7058,SUPPORT BAR   - 1170MM - S9,0,NOS,,,suggest,,,,,Similar catalog names,IM-002579 SUPPORT BAR 740 MM S1 | IM-002586 SUPPORT BAR 800 MM S8 | IM-003083 SUPPORT BAR 660 MM S8 | IM-002580 SUPPORT BAR 1066 MM S2
CI /7059,SUPPORT BAR   - 1260 MM - S10,0,NOS,,,suggest,,,,,Similar catalog names,IM-002588 SUPPORT BAR 1150 MM X 150 MM S10 | IM-002579 SUPPORT BAR 740 MM S1 | IM-002586 SUPPORT BAR 800 MM S8 | IM-003083 SUPPORT BAR 660 MM S8
CI /7060,"SUPPORT BAR -"" H "" TYPE S-11 1160MM",0,NOS,,,suggest,,,,,Similar catalog names,"IM-002589 SUPPORT BAR T TYPE S11 | IM-002590 SUPPORT BAR ""H"" TYPE S-12 820 MM | IM-003084 SUPPORT BAR ""H"" TYPE S-14 630 MM | IM-002591 SUPPORT BAR ""H"" TYPE S-13 1110 MM"
CI /7061,"SUPPORT BAR - ""H"" TYPE S-12 - 820 MM",0,NOS,,,name,IM-002590,"SUPPORT BAR ""H"" TYPE S-12 820 MM",Nos,same,same name,
CI /7062,"SUPPORT BAR - ""H"" TYPE S-13 690 MM",0,NOS,,,suggest,,,,,Similar catalog names,"IM-002589 SUPPORT BAR T TYPE S11 | IM-002590 SUPPORT BAR ""H"" TYPE S-12 820 MM | IM-003084 SUPPORT BAR ""H"" TYPE S-14 630 MM | IM-002591 SUPPORT BAR ""H"" TYPE S-13 1110 MM"
CI /7063,"SUPPORT BAR - ""H"" TYPE S-14 - 630 MM",12,NOS,,1527,decided,IM-003084,"SUPPORT BAR ""H"" TYPE S-14 630 MM",Nos,same,checked by hand,
CI /7064,SUPPORT BAR   - 1100 MM - S15,0,NOS,,,name,IM-002593,SUPPORT BAR 1100 MM S15,Nos,same,same name,
CI /7065,SUPPORT BAR   - 1080 MM - S16,0,NOS,,,name,IM-002594,SUPPORT BAR 1080 MM S16,Nos,same,same name,
CI /7066,SUPPORT BAR   - 1160 MM - S17,6,NOS,,1527,decided,IM-003085,SUPPORT BAR 1160 MM S17,Nos,same,checked by hand,
CI /7067,SUPPORT BAR   - 955 MM - S18,33,NOS,,1238,decided,IM-003086,SUPPORT BAR 955 MM S18,Nos,same,checked by hand,
CI /7068,SUPPORT BAR   - 1230 MM - S19,0,NOS,,,suggest,,,,,Similar catalog names,IM-002579 SUPPORT BAR 740 MM S1 | IM-002586 SUPPORT BAR 800 MM S8 | IM-003083 SUPPORT BAR 660 MM S8 | IM-002580 SUPPORT BAR 1066 MM S2
CI /7069,SUPPORT BAR   - 1100 MM - S20,0,NOS,,,suggest,,,,,Similar catalog names,"IM-002593 SUPPORT BAR 1100 MM S15 | IM-002582 SUPPORT BAR 1100//1132 MM S4 | IM-002892 H BAR, CI, 40 HT X 60 W X 1100 LG | IM-002579 SUPPORT BAR 740 MM S1"
CI /7070-1,SUPPORT BAR   - 1515 MM - S21,0,NOS,,,suggest,,,,,Similar catalog names,IM-002579 SUPPORT BAR 740 MM S1 | IM-002586 SUPPORT BAR 800 MM S8 | IM-003083 SUPPORT BAR 660 MM S8 | IM-002580 SUPPORT BAR 1066 MM S2
CI /7070,"AIR NOZZLE ,CI , TF SERIES - 32 MM TOP",107,NOS,,185,decided,IM-003087,"AIR NOZZLE CI, TF SERIES 32 MM TOP",Nos,same,checked by hand,
CI /7071,"AIR NOZZLE ,CI , FBC SERIES - 50 MM TOP",226,NOS,,318.67,name,IM-000004,"AIR NOZZLE CI, FBC SERIES 50 MM TOP",Nos,same,same name,
CI /7072,"SS AIR NOZZLE , TF SERIES - 25 MM",0,NOS,,,suggest,,,,,Similar catalog names,"IM-000005 AIR NOZZLE SS, TF SERIES 25 MM"
CI /7073,"AIR NOZZLE ,SS , 410 TIP SERIES - 140 MM LONGTOP",0,NOS,,,name,IM-000006,"AIR NOZZLE SS, 410 TIP SERIES 140 MM LONGTOP",Nos,same,same name,
CI /7074,"AIR NOZZLE ,SS , TIP SERIES - 127 MM LONGTOP",0,NOS,,,suggest,,,,,Similar catalog names,"IM-000006 AIR NOZZLE SS, 410 TIP SERIES 140 MM LONGTOP | IM-000005 AIR NOZZLE SS, TF SERIES 25 MM"
CI /7075,"AIR NOZZLE ,SS , 5"" MIXING NOZZLE",0,NOS,,,suggest,,,,,Similar catalog names,"IM-000005 AIR NOZZLE SS, TF SERIES 25 MM"
CI /7076,"AIR NOZZLE ,SS , 5"" CROSS",0,NOS,,,suggest,,,,,Similar catalog names,"IM-000005 AIR NOZZLE SS, TF SERIES 25 MM"
CI /7080,"CROSS HEAD , CI - 3""",0,NOS,,,name,IM-000333,"CROSS HEAD, CI 3""",Nos,same,same name,
CI /7081,"CROSS HEAD , CI - 4""",0,NOS,,,name,IM-000334,"CROSS HEAD, CI 4""",Nos,same,same name,
CI /7082,"CROSS HEAD , CI - 5""",0,NOS,,,name,IM-000335,"CROSS HEAD, CI 5""",Nos,same,same name,
CI /7083,"CROSS HEAD , CI - 6""",0,NOS,,,name,IM-000336,"CROSS HEAD, CI 6""",Nos,same,same name,
CI /7090,"VENTURI , CI - 3""",0,NOS,,,name,IM-002718,"VENTURI, CI 3""",Nos,same,same name,
CI /7091,"VENTURI , CI - 4""",0,NOS,,,name,IM-002719,"VENTURI, CI 4""",Nos,same,same name,
CI /7092,"VENTURI , CI - 5""",0,NOS,,,name,IM-002720,"VENTURI, CI 5""",Nos,same,same name,
CI /7093,"VENTURI , CI - 6""",0,NOS,,,name,IM-002721,"VENTURI, CI 6""",Nos,same,same name,
CI /7095,CI HUSK FEEDING TURBULATOR,0,NOS,,,name,IM-000223,CI HUSK FEEDING TURBULATOR,Nos,same,same name,
CI /7100,"FIRE DOOR - D1 , FRAME SIZE:",0,,,,name,IM-000360,"FIRE DOOR D1, FRAME SIZE:",Nos,sheet has no unit,same name,
CI /7101,"FIRE DOOR - D2 , FRAME SIZE:",0,,,,name,IM-000361,"FIRE DOOR D2, FRAME SIZE:",Nos,sheet has no unit,same name,
CI /7102,"ASH DOOR - D3 , FRAME ID SIZE : H - 550 X W-410",0,,,,name,IM-000362,"ASH DOOR D3, FRAME ID SIZE:H 550 X W-410",Nos,sheet has no unit,same name,
CI /7103,"FIRE DOOR - D4 , FRAME SIZE:",0,,,,name,IM-000363,"FIRE DOOR D4, FRAME SIZE:",Nos,sheet has no unit,same name,
CI /7104,"FIRE DOOR - D5 CI , FRAME SIZE:550 X 550",3,,,12363.33,decided,IM-000364,"FIRE DOOR D5, FRAME SIZE:",Nos,sheet has no unit,checked by hand,
CI /7105,"ASH DOOR - D6 , FRAME SIZE:",0,,,,name,IM-000365,"ASH DOOR D6, FRAME SIZE:",Nos,sheet has no unit,same name,
CI /7106,"ASH DOOR - D7 , ( D1 WITH PEEP HOLE ) :",0,,,,name,IM-000366,"ASH DOOR D7, (D1 WITH PEEP HOLE):",Nos,sheet has no unit,same name,
CI /7107,"ASH DOOR - D8 , ( D2 WITH PEEP HOLE )",0,,,,name,IM-000367,"ASH DOOR D8, (D2 WITH PEEP HOLE)",Nos,sheet has no unit,same name,
CI / 7108,"FIRE DOOR - D9 , FRAME : 540 X 440 X 70",0,,,,name,IM-000368,"FIRE DOOR D9, FRAME:540 X 440 X 70",Nos,sheet has no unit,same name,
CI / 7109,"FIRE DOOR - D10 , FRAME : 600 X 540 X 110",0,,,,name,IM-000369,"FIRE DOOR D10, FRAME:600 X 540 X 110",Nos,sheet has no unit,same name,
CI / 7120,"RAV - 100 MM ( 4"") - WITHOUT GEARED MOTOR",0,,,,name,IM-002302,"RAV 100 MM (4"") WITHOUT GEARED MOTOR",Nos,sheet has no unit,same name,
CI / 7121,"RAV - 125 MM ( 5"") - WITHOUT GEARED MOTOR",0,,,,name,IM-002303,"RAV 125 MM (5"") WITHOUT GEARED MOTOR",Nos,sheet has no unit,same name,
CI / 7122,"RAV - 150 MM ( 6"") -  WITHOUT GEARED MOTOR",0,,,,name,IM-002304,"RAV 150 MM (6"") WITHOUT GEARED MOTOR",Nos,sheet has no unit,same name,
CI / 7123,"RAV - 200 MM (8"") - WITHOUT GEARED MOTOR",0,,,,name,IM-002305,"RAV 200 MM (8"") WITHOUT GEARED MOTOR",Nos,sheet has no unit,same name,
CI / 7124,"RAV - 250 MM (10"") - WITHOUT GEARED MOTOR",0,,,,name,IM-002306,"RAV 250 MM (10"") WITHOUT GEARED MOTOR",Nos,sheet has no unit,same name,
CI / 7125,"RAV - 150 MM ( 6"") -   WITH GEARED MOTOR",1,,,43500,name,IM-002307,"RAV 150 MM (6"") WITH GEARED MOTOR",Nos,sheet has no unit,same name,
CI / 7126,"RAV - 200 MM (8"") - WITH GEARED MOTOR",0,,,,name,IM-002308,"RAV 200 MM (8"") WITH GEARED MOTOR",Nos,sheet has no unit,same name,
CI/7130,CI CONES SIZE  : OD 290 MM X HEIGHT 897 MM WITH VANES,0,,,,name,IM-000235,CI CONES SIZE:OD 290 MM X HEIGHT 897 MM WITH VANES,Nos,sheet has no unit,same name,
CI/7131,JALI STANDARD,0,,,,none,,,,sheet has no unit,,
CI/7040,"PULLEY CI - 9"" X 4G X TYPE B",0,,,,name,IM-002269,"PULLEY CI 9"" X 4G X TYPE B",Nos,sheet has no unit,same name,
CI/7041,"PULLEY CI - 10"" X 4G X TYPE B",0,,,,name,IM-002270,"PULLEY CI 10"" X 4G X TYPE B",Nos,sheet has no unit,same name,
CI/7042,"PULLEY CI - 12"" X 4G X TYPE C",0,,,,name,IM-002271,"PULLEY CI 12"" X 4G X TYPE C",Nos,sheet has no unit,same name,
CI/7043,"PULLEY CI - 7"" X 4G X TYPE C",0,,,,name,IM-002272,"PULLEY CI 7"" X 4G X TYPE C",Nos,sheet has no unit,same name,
CI/7044,"PULLEY CI - 8"" X 3G X TYPE B",0,,,,name,IM-002273,"PULLEY CI 8"" X 3G X TYPE B",Nos,sheet has no unit,same name,
CI/7045,"PULLEY CI - 6"" X 2G X TYPE B",0,,,,name,IM-002274,"PULLEY CI 6"" X 2G X TYPE B",Nos,sheet has no unit,same name,
CI/7046,"PULLEY CI - 10"" X 4G X TYPE C",0,,,,name,IM-002275,"PULLEY CI 10"" X 4G X TYPE C",Nos,sheet has no unit,same name,
CI/7047,"PULLEY CI - 5"" X 2G X TYPE B",0,,,,name,IM-002276,"PULLEY CI 5"" X 2G X TYPE B",Nos,sheet has no unit,same name,
CI/7048,"PULLEY CI - 7"" X 3G X TYPE B",0,,,,suggest,,,,sheet has no unit,Similar catalog names,"IM-002269 PULLEY CI 9"" X 4G X TYPE B | IM-002272 PULLEY CI 7"" X 4G X TYPE C | IM-002273 PULLEY CI 8"" X 3G X TYPE B | IM-002274 PULLEY CI 6"" X 2G X TYPE B"
CI/7050,"PULLEY TAPPER LOCK 8""X 4G X SPC",0,,,,name,IM-002277,"PULLEY TAPPER LOCK 8""X 4G X SPC",Nos,sheet has no unit,same name,
CI/7051,"PULLEY TAPPER LOCK 10""X 4G X SPC",0,,,,name,IM-002278,"PULLEY TAPPER LOCK 10""X 4G X SPC",Nos,sheet has no unit,same name,
CI/7061-A,SUPPORT BAR 120 X 120 X 2000 MM,0,NOS,,,name,IM-002596,SUPPORT BAR 120 X 120 X 2000 MM,Nos,same,same name,
CI/7062-A,SUPPORT BAR 100 X 100 X 2000 MM,0,NOS,,,name,IM-002597,SUPPORT BAR 100 X 100 X 2000 MM,Nos,same,"same name; Item Master has 2 rows with this name (IM-002597, IM-002599)",
CI/7063-A,"SUPPORT BAR ""L"" TYPE 60 X 60 X 1400 MM",0,NOS,,,name,IM-002598,"SUPPORT BAR ""L"" TYPE 60 X 60 X 1400 MM",Nos,same,same name,
CI/7064-A,SUPPORT BAR 100 X 100 X 2000 MM,0,NOS,,,name,IM-002597,SUPPORT BAR 100 X 100 X 2000 MM,Nos,same,"same name; Item Master has 2 rows with this name (IM-002597, IM-002599)",
CI/7065-A,MDC CONE WITH IG   VANE,0,NOS,,,suggest,,,,,Similar catalog names,"IM-003032 MDC CONE, CI, 9"" X 450 HT, WITH VANES | IM-003041 MDC CONE, CI, 9"" X 850 HT, WITH VANES"
ELEC-8000,CONTACTOR  - AMPS > 9 / MNX 9,0,,,,suggest,,,,sheet has no unit,Similar catalog names,IM-000239 CONTACTOR AMPS > 12 / MNX 12 | IM-000238 CONTACTOR AMPS > 9 | IM-000240 CONTACTOR AMPS > 18 | IM-000241 CONTACTOR AMPS > 25
ELEC-8001,CONTACTOR  - AMPS > 12 / MNX 12,0,,,,name,IM-000239,CONTACTOR AMPS > 12 / MNX 12,Nos,sheet has no unit,same name,
ELEC-8002,CONTACTOR  - AMPS > 18,0,,,,name,IM-000240,CONTACTOR AMPS > 18,Nos,sheet has no unit,same name,
ELEC-8003,CONTACTOR  - AMPS > 25,0,,,,name,IM-000241,CONTACTOR AMPS > 25,Nos,sheet has no unit,same name,
ELEC-8004,CONTACTOR  - AMPS > 32,0,,,,name,IM-000242,CONTACTOR AMPS > 32,Nos,sheet has no unit,same name,
ELEC-8005,CONTACTOR  - AMPS > 40,0,,,,name,IM-000243,CONTACTOR AMPS > 40,Nos,sheet has no unit,same name,
ELEC-8006,CONTACTOR  - AMPS > 65,0,,,,name,IM-000244,CONTACTOR AMPS > 65,Nos,sheet has no unit,same name,
ELEC-8007,CONTACTOR  - AMPS > 50,0,,,,name,IM-000245,CONTACTOR AMPS > 50,Nos,sheet has no unit,same name,
ELEC-8008,CONTACTOR  - AMPS > 35,0,,,,suggest,,,,sheet has no unit,Similar catalog names,IM-000238 CONTACTOR AMPS > 9 | IM-000240 CONTACTOR AMPS > 18 | IM-000241 CONTACTOR AMPS > 25 | IM-000242 CONTACTOR AMPS > 32
ELEC-8020,AUX. CONTACTOR 22E/ MX 0 / CONTROL CONTR,0,,,,name,IM-000246,AUX. CONTACTOR 22E/ MX 0 / CONTROL CONTR,Nos,sheet has no unit,same name,
ELEC-8020,AUX. CONTACTOR 22E/ MX 0 / CONTROL CONTR,0,,,,name,IM-000246,AUX. CONTACTOR 22E/ MX 0 / CONTROL CONTR,Nos,"duplicate sheet row, count once",same name,
ELEC-8021,,0,,,,none,,,,sheet has no unit,,
ELEC-8050,AD-ON BLOCK - 2NO-NC,0,,,,name,ADBL0000001,AD-ON BLOCK 2NO-NC,Nos,sheet has no unit,same name,
ELEC-8051,AD ON BLOCK - 1NO-NC,0,,,,name,IM-000002,AD ON BLOCK 1NO-NC,Nos,sheet has no unit,same name,
ELEC-8070,RELAY OLR: NXR-25:  1 to 1.6,0,,,,name,IM-002381,RELAY OLR:NXR-25:1 to 1.6,Nos,sheet has no unit,same name,
ELEC-8071,RELAY OLR: NXR-25: 1.6 to 2.5  OR MN2 RELAY 1.4 TO 2.3 AMPS,0,,,,suggest,,,,sheet has no unit,Similar catalog names,IM-002383 RELAY OLR:NXR-25:4 to 6 OR MN2 3 TO 5 AMPS | IM-002389 RELAY OLR:NXR-25:23 to 32 // RELAY MN2 20-33 AMPS | IM-002384 RELAY OLR:NXR-25:5.5 to 8 // 4 to 7.5 amps | IM-002390 RELAY OLR:NXR-25:30 to 40// RELAY MN2 24-40A
ELEC-8072,RELAY OLR: NXR-25: 2.5 to 4 OR MN2 RELAY 2 TO 3.3 APMS,0,,,,name,IM-002382,RELAY OLR:NXR-25:2.5 to 4 OR MN2 RELAY 2 TO 3.3 APMS,Nos,sheet has no unit,same name,
ELEC-8073,RELAY OLR: NXR-25:   4 to 6  OR MN2 3 TO 5 AMPS,0,,,,name,IM-002383,RELAY OLR:NXR-25:4 to 6 OR MN2 3 TO 5 AMPS,Nos,sheet has no unit,same name,
ELEC-8074,RELAY OLR: NXR-25:   5.5 to 8 // 4 to 7.5 amps,0,,,,name,IM-002384,RELAY OLR:NXR-25:5.5 to 8 // 4 to 7.5 amps,Nos,sheet has no unit,same name,
ELEC-8075,RELAY OLR: NXR-25:   7 to 10,0,,,,name,IM-002385,RELAY OLR:NXR-25:7 to 10,Nos,sheet has no unit,same name,
ELEC-8076,RELAY OLR: NXR-25:   9to 13,0,,,,name,IM-002386,RELAY OLR:NXR-25:9to 13,Nos,sheet has no unit,same name,
ELEC-8077,RELAY OLR: NXR-25:   12 to 18,0,,,,name,IM-002387,RELAY OLR:NXR-25:12 to 18,Nos,sheet has no unit,same name,
ELEC-8078,RELAY OLR: NXR-25: 17 to 25,0,,,,name,IM-002388,RELAY OLR:NXR-25:17 to 25,Nos,sheet has no unit,same name,
ELEC-8079,RELAY OLR: NXR-25:  23 to 32 // RELAY MN2 20-33 AMPS,0,,,,name,IM-002389,RELAY OLR:NXR-25:23 to 32 // RELAY MN2 20-33 AMPS,Nos,sheet has no unit,same name,
ELEC-8080,RELAY OLR: NXR-25:  30 to 40// RELAY MN2 24-40A,0,,,,name,IM-002390,RELAY OLR:NXR-25:30 to 40// RELAY MN2 24-40A,Nos,sheet has no unit,same name,
ELEC-8081,RELAY OLR: NXR-25:  37 to 50,0,,,,name,IM-002391,RELAY OLR:NXR-25:37 to 50,Nos,sheet has no unit,same name,
ELEC-8082,RELAY OLR: NXR-25:  48 to 65,0,,,,name,IM-002392,RELAY OLR:NXR-25:48 to 65,Nos,sheet has no unit,same name,
ELEC-8083,RELAY OLR: NXR-25:  55 to 70,0,,,,name,IM-002393,RELAY OLR:NXR-25:55 to 70,Nos,sheet has no unit,same name,
ELEC-8084,RELAY 11 PIN - 240 V,0,,,,name,IM-002394,RELAY 11 PIN 240 V,Nos,sheet has no unit,same name,
ELEC-8085,RELAY BASE 11 PIN,0,,,,name,IM-002395,RELAY BASE 11 PIN,Nos,sheet has no unit,same name,
ELEC-8086,RELAY OLR: NXR-25: 14 to 23,0,,,,name,IM-002396,RELAY OLR:NXR-25:14 to 23,Nos,sheet has no unit,same name,
ELEC-8100,NXC-09M/22 240V 50/60Hz (956541),0,,,,name,IM-002067,NXC-09M/22 240V 50/60Hz (956541),Nos,sheet has no unit,same name,
ELEC-8101,,0,,,,none,,,,sheet has no unit,,
ELEC-8102,,0,,,,none,,,,sheet has no unit,,
ELEC-8110,INDICATING LIGHTS ND1622D/2 230V GREEN,0,,,,name,IM-001179,INDICATING LIGHTS ND1622D/2 230V GREEN,Nos,sheet has no unit,same name,
ELEC-8111,INDICATING LIGHTS ND1622D/2 230V BLU,0,,,,name,IM-001180,INDICATING LIGHTS ND1622D/2 230V BLU,Nos,sheet has no unit,same name,
ELEC-8112,INDICATING LIGHTS ND1622D/2 230V RED,0,,,,name,IM-001181,INDICATING LIGHTS ND1622D/2 230V RED,Nos,sheet has no unit,same name,
ELEC-8113,INDICATING LIGHTS ND1622D/2 230V YEL LOW,0,,,,name,IM-001182,INDICATING LIGHTS ND1622D/2 230V YEL LOW,Nos,sheet has no unit,same name,
ELEC-8114,LED INDICATINGS 22.5,0,,,,none,,,,sheet has no unit,,
ELEC-8115,,0,,,,none,,,,sheet has no unit,,
ELEC-8148,MCB - SIZE 11 ENCLOSURE FOR MCB //  MCB,0,,,,none,,,,sheet has no unit,,
ELEC-8149,MCB - DN1-250C 4P  250A 25kA DB //  MCB DN1 250AMPS,0,,,,none,,,,sheet has no unit,,
ELEC-8150,MCB - NB1-63H 1P C6 10kA DB //  MCB SP 6AMPS C CURVE BB10060-C,0,,,,suggest,,,,sheet has no unit,Similar catalog names,IM-001207 MCB NB1-63H 3P C32/C40 10kA // MB 3P 40 AMPS C CURVE | IM-001208 MCB NB1-63H 3P C63 10kA DB // 63 AMPS 3P | IM-001209 MCB NB1-63H 3P C80 10kA DB // MCB 80 AMPS 3P | IM-001206 MCB NB1-63H 3P C20 10kA DB // MCB 20 AMPS 3 P
ELEC-8151,MCB - NB1-63H 3P C10 10kA DB // MCB 10 AMPS ; 3 P,0,,,,name,IM-001205,MCB NB1-63H 3P C10 10kA DB // MCB 10 AMPS ; 3 P,Nos,sheet has no unit,same name,
ELEC-8152,MCB - NB1-63H 3P C20 10kA DB // MCB 20 AMPS 3 P,0,,,,name,IM-001206,MCB NB1-63H 3P C20 10kA DB // MCB 20 AMPS 3 P,Nos,sheet has no unit,same name,
ELEC-8153,MCB - NB1-63H 3P C32/C40 10kA // MB 3P 40 AMPS C CURVE,0,,,,name,IM-001207,MCB NB1-63H 3P C32/C40 10kA // MB 3P 40 AMPS C CURVE,Nos,sheet has no unit,same name,
ELEC-8154,MCB - NB1-63H 3P C63 10kA DB // 63 AMPS 3P,0,,,,name,IM-001208,MCB NB1-63H 3P C63 10kA DB // 63 AMPS 3P,Nos,sheet has no unit,same name,
ELEC-8155,MCB - NB1-63H 3P C16 10kA DB // 16 AMPS BB30160C-MCB C CURVE 3P,0,,,,suggest,,,,sheet has no unit,Similar catalog names,IM-001207 MCB NB1-63H 3P C32/C40 10kA // MB 3P 40 AMPS C CURVE | IM-001208 MCB NB1-63H 3P C63 10kA DB // 63 AMPS 3P | IM-001209 MCB NB1-63H 3P C80 10kA DB // MCB 80 AMPS 3P | IM-001206 MCB NB1-63H 3P C20 10kA DB // MCB 20 AMPS 3 P
ELEC-8156,MCB - NB1-63H 3P C80 10kA DB  // MCB 80 AMPS 3P,0,,,,name,IM-001209,MCB NB1-63H 3P C80 10kA DB // MCB 80 AMPS 3P,Nos,sheet has no unit,same name,
ELEC-8157,MCB - 25 AMPS 3P,0,,,,name,IM-001210,MCB 25 AMPS 3P,Nos,sheet has no unit,same name,
ELEC-8159,MCB - 32 AMPS 2P,0,,,,suggest,,,,sheet has no unit,Similar catalog names,IM-002934 MCB 6 AMPS 1P | IM-001210 MCB 25 AMPS 3P | IM-002930 MCB 40 AMPS 4P | IM-002931 MCB 16 AMPS 3P
ELEC-8160,MCCB 3P 125 AMPS DN 2 ;,0,,,,name,IM-001212,MCCB 3P 125 AMPS DN 2 ;,Nos,sheet has no unit,same name,
ELEC-8161,MCCB DH / DU 100 AMPS,0,,,,name,IM-001213,MCCB DH / DU 100 AMPS,Nos,sheet has no unit,same name,
ELEC-8162,MCCB DH/DU 125 AMPS,0,,,,name,IM-001214,MCCB DH/DU 125 AMPS,Nos,sheet has no unit,same name,
ELEC-8163,MCCB DH/DU 160 AMPS,0,,,,name,IM-001215,MCCB DH/DU 160 AMPS,Nos,sheet has no unit,same name,
ELEC-8164,MCCB DH/DU 250 AMPS,0,,,,name,IM-001216,MCCB DH/DU 250 AMPS,Nos,sheet has no unit,same name,
ELEC-8165,MCB SP/6A  C CURE EXORA,0,,,,name,IM-001217,MCB SP/6A C CURE EXORA,Nos,sheet has no unit,same name,
ELEC-8166,MCB 32A/3P  C CURE EXORA,0,,,,name,IM-001218,MCB 32A/3P C CURE EXORA,Nos,sheet has no unit,same name,
ELEC-8170,PUSH BUTTON - PB(Flush)GRN-NP2-BA31,0,,,,name,IM-002299,PUSH BUTTON PB(Flush)GRN-NP2-BA31,Nos,sheet has no unit,same name,
ELEC-8171,PUSH BUTTON - PB(Flush)YEL-NP2-BA51,0,,,,name,IM-002300,PUSH BUTTON PB(Flush)YEL-NP2-BA51,Nos,sheet has no unit,same name,
ELEC-8172,TWIN PUSH BUTTON,0,,,,name,IM-002301,TWIN PUSH BUTTON,Nos,sheet has no unit,same name,
ELEC-8173,PUSH BUTTON - PB(Flush)RED-NP2-BA50,0,,,,suggest,,,,sheet has no unit,Similar catalog names,IM-002299 PUSH BUTTON PB(Flush)GRN-NP2-BA31 | IM-002300 PUSH BUTTON PB(Flush)YEL-NP2-BA51 | IM-002895 PUSH BUTTON 22.5 MM RED | IM-002301 TWIN PUSH BUTTON
ELEC-8200,EMERG. BUTTON - PB(LockType)RED:NP2-BS542,0,,,,name,IM-000752,EMERG. BUTTON PB(LockType)RED:NP2-BS542,Nos,sheet has no unit,same name,
ELEC-8201,DC ISOLATOR   DUAL 4-20 AMPS PI 102,0,,,,name,IM-001183,DC ISOLATOR DUAL 4-20 AMPS PI 102,Nos,sheet has no unit,same name,
ELEC-8202,100 / 5A CURRENT TRANSFORMER,0,,,,none,,,,sheet has no unit,,
ELEC-8220,ISOLATOR : NH4-125 4P 100A DB (398045),0,,,,name,IM-001184,ISOLATOR:NH4-125 4P 100A DB (398045),Nos,sheet has no unit,same name,
ELEC-8221,ACC DSINI DN2 ROM PANEL MOUNTING,0,,,,none,,,,sheet has no unit,,
ELEC-8250,SELECTOR SWITCH S/S:NP2-BD33 (574849),0,,,,name,IM-002600,SELECTOR SWITCH S/S:NP2-BD33 (574849),Nos,sheet has no unit,same name,
ELEC-8251,SELECTOR SWITCH S/S:NP2-BD21 (574847),0,,,,name,IM-002601,SELECTOR SWITCH S/S:NP2-BD21 (574847),Nos,sheet has no unit,same name,
ELEC-8252,VOLT SELECTOR SWITCH 3PH 6 AMPS,0,,,,name,IM-002602,VOLT SELECTOR SWITCH 3PH 6 AMPS,Nos,sheet has no unit,same name,
ELEC-8253,SWITCH ON/OFF R/S 16 AMPS 3 POLE,0,,,,name,IM-002603,SWITCH ON/OFF R/S 16 AMPS 3 POLE,Nos,sheet has no unit,same name,
ELEC-8280,WIRE - 1 SQMM-BLACK /MTS,0,MTR,,,name,IM-002760,WIRE 1 SQMM-BLACK /MTS,Box,sheet MTR vs Item Master Box,same name,
ELEC-8281,WIRE - 2.5 SQMM-BLACK /MTS,0,MTR,,,name,IM-002761,WIRE 2.5 SQMM-BLACK /MTS,Box,sheet MTR vs Item Master Box,same name,
ELEC-8282,WIRE - 4 SQMM-BLACK /MTS,0,MTR,,,name,IM-002762,WIRE 4 SQMM-BLACK /MTS,Box,sheet MTR vs Item Master Box,same name,
ELEC-8283,WIRE - 6 SQMM-BLACK /MTS,0,MTR,,,name,IM-002763,WIRE 6 SQMM-BLACK /MTS,Box,sheet MTR vs Item Master Box,same name,
ELEC-8284,WIRE - 10 SQMM-BLACK /MTS,0,MTR,,,name,IM-002764,WIRE 10 SQMM-BLACK /MTS,Box,sheet MTR vs Item Master Box,same name,
ELEC-8285,WIRE - 16 SQMM-BLACK /MTS,0,MTR,,,name,IM-002765,WIRE 16 SQMM-BLACK /MTS,Box,sheet MTR vs Item Master Box,same name,
ELEC-8299,,0,,,,none,,,,sheet has no unit,,
ELEC-8300,WIRE - 6 SQ MM 4 COR,0,MTR,,,name,IM-002766,WIRE 6 sq mm 4 cor,Box,sheet MTR vs Item Master Box,same name,
ELEC-8301,WIRE - 4 SQ MM 3 COR,0,MTR,,,name,IM-002767,WIRE 4 sq mm 3 cor,Box,sheet MTR vs Item Master Box,same name,
ELEC-8302,WIRE - 2.5 SQ MM 2 COR,0,MTR,,,name,IM-002768,WIRE 2.5 sq mm 2 cor,Box,sheet MTR vs Item Master Box,same name,
ELEC-8303,WIRE -1.5 SQ MM 2 COR,0,MTR,,,name,IM-002769,WIRE-1.5 sq mm 2 cor,Box,sheet MTR vs Item Master Box,same name,
ELEC-8304,WIRE -10 SQ MM 3 COR,0,MTR,,,name,IM-002770,WIRE-10 sq mm 3 cor,Box,sheet MTR vs Item Master Box,same name,
ELEC-8305,WIRE - 1.5 SQ MM 16 COR,0,MTR,,,name,IM-002771,WIRE 1.5 sq mm 16 cor,Box,sheet MTR vs Item Master Box,same name,
ELEC-8306,CABLE PLC - HMI,0,MTR,,,name,IM-000207,CABLE PLC HMI,Mtr,same,same name,
ELEC-8307,CABLE - 2.5 Sq MM x 4 Core,0,MTR,,,name,IM-000208,CABLE 2.5 Sq MM X 4 Core,Mtr,same,same name,
ELEC-8308,CABLE - 4 SQ MM X 4 CORE,0,MTR,,,name,IM-000209,CABLE 4 SQ MM X 4 CORE,Mtr,same,same name,
ELEC-8309,CABLE - 4 SQ MM X BC 11OO V,0,MTR,,,name,IM-000210,CABLE 4 SQ MM X BC 11OO V,Mtr,same,same name,
ELEC-8310,CABLE - 1 SQ MM BC 1100 V,0,MTR,,,name,IM-000211,CABLE 1 SQ MM BC 1100 V,Mtr,same,same name,
ELEC-8311,CABLE - 1.5 SQ MM X 4 CORE,0,MTR,,,name,IM-000212,CABLE 1.5 SQ MM X 4 CORE,Mtr,same,same name,
ELEC-8312,CABLE - 2.5 SQ MM X 1 CORE,0,MTR,,,name,IM-000213,CABLE 2.5 SQ MM X 1 CORE,Mtr,same,same name,
ELEC-8313,CABLE - 4 SQMM  X 1CORE,0,MTR,,,name,IM-000214,CABLE 4 SQMM X 1CORE,Mtr,same,same name,
ELEC-8314,CABLE -  1 SQMM  X 1CORE,0,MTR,,,name,IM-000215,CABLE 1 SQMM X 1CORE,Mtr,same,same name,
ELEC-8315,CABLE -  1.5 SQMM  X 3CORE,0,MTR,,,name,IM-000216,CABLE 1.5 SQMM X 3CORE,Mtr,same,same name,
ELEC-8316,CABLE -  2.5 SQMM  X 3CORE,0,MTR,,,name,IM-000217,CABLE 2.5 SQMM X 3CORE,Mtr,same,same name,
ELEC-8317,CABLE -  6 SQMM  X 1 / 1.5 CORE,0,MTR,,,suggest,,,,,Similar catalog names,IM-000209 CABLE 4 SQ MM X 4 CORE | IM-002996 CABLE 1 SQ MM X 14 CORE | IM-000208 CABLE 2.5 Sq MM X 4 Core | IM-000212 CABLE 1.5 SQ MM X 4 CORE
ELEC-8330,CONTACT ELEMENTS - NO,0,,,,name,IM-000236,CONTACT ELEMENTS NO,Nos,sheet has no unit,same name,
ELEC-8331,CONTACT ELEMENTS - NC,0,,,,name,IM-000237,CONTACT ELEMENTS NC,Nos,sheet has no unit,same name,
ELEC-8332,,0,,,,none,,,,sheet has no unit,,
ELEC-8350,RELAY WITH BASE - 11 PIN,0,,,,name,IM-002380,RELAY WITH BASE 11 PIN,Nos,sheet has no unit,same name,
ELEC-8351,TEMPERATURE CONTROLLER 96x96,0,,,,none,,,,sheet has no unit,,
ELEC-8352,TEMPERATURE CONTROLLER 48X48,0,,,,none,,,,sheet has no unit,,
ELEC-8370,LUGS - PIN TYPE - 16 SQMM,0,,,,name,IM-001193,LUGS PIN TYPE 16 SQMM,Nos,sheet has no unit,same name,
ELEC-8371,LUGS - PIN TYPE - 10 SQMM,0,,,,name,IM-001194,LUGS PIN TYPE 10 SQMM,Nos,sheet has no unit,same name,
ELEC-8372,LUGS - COP TYPE - 35  SQMM,0,,,,name,IM-001195,LUGS COP TYPE 35 SQMM,Nos,sheet has no unit,same name,
ELEC-8373,LUGS - COP TYPE - 2.5  SQMM,0,,,,name,IM-001196,LUGS COP TYPE 2.5 SQMM,Nos,sheet has no unit,same name,
ELEC-8374,LUGS - CSK TYPE - 25  SQMM,0,,,,suggest,,,,sheet has no unit,Similar catalog names,IM-001198 LUGS PIN TYPE 6 SQMM | IM-001201 LUGS PIN TYPE 4 SQMM | IM-001193 LUGS PIN TYPE 16 SQMM | IM-001194 LUGS PIN TYPE 10 SQMM
ELEC-8390,LUGS - PIN TYPE - 2.5 SQMM,0,,,,name,IM-001197,LUGS PIN TYPE 2.5 SQMM,Nos,sheet has no unit,same name,
ELEC-8391,LUGS - PIN TYPE - 6 SQMM,0,,,,name,IM-001198,LUGS PIN TYPE 6 SQMM,Nos,sheet has no unit,same name,
ELEC-8392,LUGS - PIN TYPE - 1.5 SQMM,0,,,,name,IM-001199,LUGS PIN TYPE 1.5 SQMM,Nos,sheet has no unit,same name,
ELEC-8393,LUGS - PIN TYPE - 1.2 SQMM,0,,,,name,IM-001200,LUGS PIN TYPE 1.2 SQMM,Nos,sheet has no unit,same name,
ELEC-8394,LUGS - PIN TYPE - 4 SQMM,0,,,,name,IM-001201,LUGS PIN TYPE 4 SQMM,Nos,sheet has no unit,same name,
ELEC-8410,LUGS - FORK TYPE -1.5 SQMM,0,,,,name,IM-001202,LUGS FORK TYPE-1.5 SQMM,Nos,sheet has no unit,same name,
ELEC-8411,LUGS - FORK TYPE - 2.5 SQMM,0,,,,name,IM-001203,LUGS FORK TYPE 2.5 SQMM,Nos,sheet has no unit,same name,
ELEC-8412,LUGS - RING TYPE - 4-6 SQMM,0,,,,suggest,,,,sheet has no unit,Similar catalog names,IM-001198 LUGS PIN TYPE 6 SQMM | IM-001201 LUGS PIN TYPE 4 SQMM | IM-001193 LUGS PIN TYPE 16 SQMM | IM-001194 LUGS PIN TYPE 10 SQMM
ELEC-8413,LUGS - RING TYPE - 2.5 SQMM,0,,,,suggest,,,,sheet has no unit,Similar catalog names,IM-001198 LUGS PIN TYPE 6 SQMM | IM-001201 LUGS PIN TYPE 4 SQMM | IM-001193 LUGS PIN TYPE 16 SQMM | IM-001194 LUGS PIN TYPE 10 SQMM
ELEC-8430,TERMINAL CLIPS - 6 SQMM,0,,,,name,IM-002608,TERMINAL CLIPS 6 SQMM,Nos,sheet has no unit,same name,
ELEC-8431,TERMINAL CLIPS - 10 SQMM,0,,,,name,IM-002609,TERMINAL CLIPS 10 SQMM,Nos,sheet has no unit,same name,
ELEC-8432,TERMINAL CLIPS - 16 SQMM,0,,,,name,IM-002610,TERMINAL CLIPS 16 SQMM,Nos,sheet has no unit,same name,
ELEC-8433,,0,,,,none,,,,sheet has no unit,,
ELEC-8441,CABLE TIE 4.8MM X 250,0,,,,none,,,,sheet has no unit,,
ELEC-8442,CABLE TIE  3.6MM X 200,0,,,,none,,,,sheet has no unit,,
ELEC-8443,CABLE TIE  3.6MM X 150,0,,,,suggest,,,,sheet has no unit,Similar catalog names,IM-000715 CABLE TRAY 150 MM | IM-002881 CABLE TIES 150 MM
ELEC-8444,CABLE TIE  2.5MMX 100,0,,,,suggest,,,,sheet has no unit,Similar catalog names,IM-000716 CABLE TRAY 100 MM | IM-002880 CABLE TIES 100 MM
ELEC-8450,CHANNEL - MCB,0,,,,name,IM-000218,CHANNEL MCB,Nos,sheet has no unit,same name,
ELEC-8451,CHANNEL - C,0,,,,name,IM-000219,CHANNEL C,Nos,sheet has no unit,same name,
ELEC-8452,DRIVE 750 W,0,,,,none,,,,sheet has no unit,,
ELEC-8470,CHANNEL - PVC - 45/45,0,,,,name,IM-000220,CHANNEL PVC 45/45,Nos,sheet has no unit,same name,
ELEC-8471,CHANNEL - PVC - 25/45,0,,,,name,IM-000221,CHANNEL PVC 25/45,Nos,sheet has no unit,same name,
ELEC-8472,CHANNEL - PVC - 25/25,0,,,,name,IM-000222,CHANNEL PVC 25/25,Nos,sheet has no unit,same name,
ELEC-8473,,0,,,,none,,,,sheet has no unit,,
ELEC-8480,TIMMER - EAPL A1DI,0,,,,name,IM-000697,TIMMER EAPL A1DI,Nos,sheet has no unit,same name,
ELEC-8481,SQT -10/12 VALVE SWQUENCE CONTROLLER,0,,,,name,IM-000698,SQT-10/12 VALVE SWQUENCE CONTROLLER,Nos,sheet has no unit,same name,
ELEC-8482,150/5A CT COIL CLAMP TYPE,0,,,,name,IM-000699,150/5A CT COIL CLAMP TYPE,Nos,sheet has no unit,same name,
ELEC-8490,VOLT METER - 0 TO 500V SIZE 96/96,0,,,,name,IM-000700,VOLT METER 0 TO 500V SIZE 96/96,Nos,sheet has no unit,same name,
ELEC-8491,VOLT METER - 0 TO 500V SIZE 3PH,0,,,,name,IM-000701,VOLT METER 0 TO 500V SIZE 3PH,Nos,sheet has no unit,same name,
ELEC-8492,,0,,,,none,,,,sheet has no unit,,
ELEC-8500,BUZZER - 3 TONE 220 VOLTS SIZE 96/96,0,,,,name,IM-000702,BUZZER 3 TONE 220 VOLTS SIZE 96/96,Nos,sheet has no unit,same name,
ELEC-8501,BUZZER WITH MULTI TONE MUILTY BOLT,0,,,,suggest,,,,sheet has no unit,Similar catalog names,"IM-003003 I-BOLT WITH CLEAT, MS, 5/8"" X 4"""
ELEC-8502,MECO SI-96  100/5A AC METER,0,,,,none,,,,sheet has no unit,,
ELEC-8510,VOLT METER SELECT0R SWITCH(V.S.S) - 10 AMPS,0,,,,name,IM-000703,VOLT METER SELECT0R SWITCH(V.S.S) 10 AMPS,Nos,sheet has no unit,same name,
ELEC-8511,"FILTER 4""",0,,,,name,IM-000704,"FILTER 4""",Nos,sheet has no unit,same name,
ELEC-8512,"COOLING FAN 4""",0,,,,name,IM-000705,"COOLING FAN 4""",Nos,sheet has no unit,same name,
ELEC-8520,BUNCHING TIE - 100MM,0,,,,name,IM-000706,BUNCHING TIE 100MM,Nos,sheet has no unit,same name,
ELEC-8521,TEMPERATURE INDICATOR CUM CONTROL ( TIC ),0,,,,name,IM-000707,TEMPERATURE INDICATOR CUM CONTROL (TIC),Nos,sheet has no unit,same name,
ELEC-8522,TEMPERATURE INDICATOR CUM CONTROL ( TIC ) DUAL DISPLAY PR 69,0,,,,suggest,,,,sheet has no unit,Similar catalog names,IM-000707 TEMPERATURE INDICATOR CUM CONTROL (TIC)
ELEC-8523,WL 1320 SINGLE FUNCTION METER,0,,,,none,,,,sheet has no unit,,
ELEC-8530,FERRUL - T Type - 0 - 1.5 BIG 0 TO 9 +N 1(SET),0,,,,name,IM-000708,FERRUL T Type 0 1.5 BIG 0 TO 9 +N 1(SET),Nos,sheet has no unit,"same name; Item Master has 2 rows with this name (IM-000708, IM-000713)",
ELEC-8531,FERRUL - T Type - 1.5 BIG  RED,0,,,,name,IM-000709,FERRUL T Type 1.5 BIG RED,Nos,sheet has no unit,same name,
ELEC-8532,FERRUL - T Type - 1.5 BIG  YELLOW,0,,,,name,IM-000710,FERRUL T Type 1.5 BIG YELLOW,Nos,sheet has no unit,same name,
ELEC-8533,FERRUL - T Type - 1.5 BIG  BLUE,0,,,,name,IM-000711,FERRUL T Type 1.5 BIG BLUE,Nos,sheet has no unit,same name,
ELEC-8534,FERRUL - T TYPE - 1.5 BIG BLACK,0,,,,name,IM-000712,FERRUL T TYPE 1.5 BIG BLACK,Nos,sheet has no unit,same name,
ELEC-8535,FERRUL - T Type - 0 - 1.5 BIG 0 TO 9 +N 1(SET),0,,,,name,IM-000708,FERRUL T Type 0 1.5 BIG 0 TO 9 +N 1(SET),Nos,sheet has no unit,"same name; Item Master has 2 rows with this name (IM-000708, IM-000713)",
ELEC-8550,,0,,,,none,,,,sheet has no unit,,
ELEC-8551,19MM S/C BRASS GLAND,0,,,,none,,,,sheet has no unit,,
ELEC-8552,28MM D/C BRASS GLAND,0,,,,none,,,,sheet has no unit,,
ELEC-8553,32MM D/C BRASS GLAND,0,,,,none,,,,sheet has no unit,,
ELEC-8554,,0,,,,none,,,,sheet has no unit,,
ELEC-8555,,0,,,,none,,,,sheet has no unit,,
ELEC-8556,,0,,,,none,,,,sheet has no unit,,
ELEC-8600,CABLE TRAY 50 MM,0,,,,name,IM-000718,CABLE TRAY 50 MM,Nos,sheet has no unit,same name,
ELEC-8601,CABLE TRAY 75 MM,0,,,,name,IM-000717,CABLE TRAY 75 MM,Nos,sheet has no unit,same name,
ELEC-8602,CABLE TRAY 100 MM,0,,,,name,IM-000716,CABLE TRAY 100 MM,Nos,sheet has no unit,same name,
ELEC-8603,CABLE TRAY 150 MM,0,,,,name,IM-000715,CABLE TRAY 150 MM,Nos,sheet has no unit,same name,
ELEC-8604,CABLE TRAY 200 MM,0,,,,suggest,,,,sheet has no unit,Similar catalog names,IM-000717 CABLE TRAY 75 MM | IM-000718 CABLE TRAY 50 MM | IM-000715 CABLE TRAY 150 MM | IM-000716 CABLE TRAY 100 MM
ELEC-8605,CABLE TRAY 300 MM,0,,,,name,IM-000719,CABLE TRAY 300 MM,Nos,sheet has no unit,same name,
ELEC-8620,GI SRTIP -  25 X 3 MM,0,,,,name,IM-000720,GI SRTIP 25 X 3 MM,Nos,sheet has no unit,same name,
ELEC-8621,GI SRTIP -  50 X 4 MM,0,,,,name,IM-000721,GI SRTIP 50 X 4 MM,Nos,sheet has no unit,same name,
ELEC-8622,COPPER STRIP - 25 MM X 3 MM,0,,,,name,IM-000722,COPPER STRIP 25 MM X 3 MM,Nos,sheet has no unit,same name,
ELEC-8623,COPPER STRIP - 50 MM X 4 MM,0,,,,name,IM-000723,COPPER STRIP 50 MM X 4 MM,Nos,sheet has no unit,same name,
ELEC-8624,LIGHTENING ARRESTOR COPPER ROD WITH SPICKS,2,,,1000,name,IM-000724,LIGHTENING ARRESTOR COPPER ROD WITH SPICKS,Nos,sheet has no unit,same name,
ELEC-8625,CERAMIC INSULATORS - RED,60,,,55,name,IM-000725,CERAMIC INSULATORS RED,Nos,sheet has no unit,same name,
ELEC-8626,CERAMIC INSULATOR - BOLTS,0,,,,name,IM-000726,CERAMIC INSULATOR BOLTS,Nos,sheet has no unit,same name,
ELEC-8627,CERRAMIC INSULATRS - NUTS,0,,,,suggest,,,,sheet has no unit,Similar catalog names,IM-000727 CERRAMIC INSULATRS MS NUTS
ELEC-8628,AVIATION LAMP,0,,,,name,IM-000728,AVIATION LAMP,Nos,sheet has no unit,same name,
ELEC-8629,"FLEXIBLE PIPE 3/4""",0,,,,name,IM-000729,"FLEXIBLE PIPE 3/4""",Nos,sheet has no unit,same name,
ELEC-8630,CABLE GLAND 19 MM,0,,,,name,IM-000730,CABLE GLAND 19 MM,Nos,sheet has no unit,same name,
ELEC-8631,CABLE GLAND - 11 MM,0,,,,suggest,,,,sheet has no unit,Similar catalog names,IM-000730 CABLE GLAND 19 MM | IM-000731 CABLE GLAND FLP 19 MM
ELEC-8632,CABLE GLAND FLP - 16 MM,0,,,,suggest,,,,sheet has no unit,Similar catalog names,IM-000731 CABLE GLAND FLP 19 MM | IM-000730 CABLE GLAND 19 MM
ELEC-8633,CABLE GLAND FLP - 20 MM,0,,,,suggest,,,,sheet has no unit,Similar catalog names,IM-000731 CABLE GLAND FLP 19 MM | IM-000730 CABLE GLAND 19 MM
ELEC-8634,COPPER STRIP PLATE,0,,,,name,IM-000732,COPPER STRIP PLATE,Nos,sheet has no unit,same name,
ELEC-8635,COPPER WIRE 6MM,0,,,,none,,,,sheet has no unit,,
ELEC-8700,BULB HOLDER,0,,,,name,IM-000733,BULB HOLDER,Nos,sheet has no unit,same name,
ELEC-8701,LED LIGHTS / BULBS 50 W,0,,,,name,IM-000714,LED LIGHTS / BULBS 50 W,Nos,sheet has no unit,same name,
ELEC-8702,INSULATION TAPE,20,NOS,,11,name,IM-000735,INSULATION TAPE,Nos,same,same name,
ELEC-8703,DTC324,0,,,,none,,,,sheet has no unit,,
ELEC-8704,18WATT LED LAMP,0,,,,suggest,,,,sheet has no unit,Similar catalog names,IM-001192 LED LAMP 9 WATTS
ELEC-8750,PANEL BOXES - 550 X 300 X 250,0,,,,name,IM-000736,PANEL BOXES 550 X 300 X 250,Nos,sheet has no unit,same name,
ELEC-8751,PANEL BOXES - 750 X 500 X 250,0,,,,name,IM-000737,PANEL BOXES 750 X 500 X 250,Nos,sheet has no unit,same name,
ELEC-8752,PANEL BOXES - 850 X 600 X 250,0,,,,name,IM-000738,PANEL BOXES 850 X 600 X 250,Nos,sheet has no unit,same name,
ELEC-8753,PANEL BOXES - 1000 X 600 X 250,0,,,,name,IM-000739,PANEL BOXES 1000 X 600 X 250,Nos,sheet has no unit,same name,
ELEC-8754,PANEL BOXES - 1100 X 600 X 250,0,,,,name,IM-000740,PANEL BOXES 1100 X 600 X 250,Nos,sheet has no unit,same name,
ELEC-8755,PANEL BOXES - 1200 X 600 X 250,0,,,,name,IM-000741,PANEL BOXES 1200 X 600 X 250,Nos,sheet has no unit,same name,
ELEC-8756,PANEL BOXES - 1200 X800 X 250,0,,,,name,IM-000742,PANEL BOXES 1200 X800 X 250,Nos,sheet has no unit,same name,
ELEC-8757,PANEL BOXES - 500 X600 X 200,0,,,,suggest,,,,sheet has no unit,Similar catalog names,IM-000737 PANEL BOXES 750 X 500 X 250
ELEC-8758,PANEL BOXES - 650 X500 X 250,0,,,,suggest,,,,sheet has no unit,Similar catalog names,IM-000736 PANEL BOXES 550 X 300 X 250 | IM-000737 PANEL BOXES 750 X 500 X 250 | IM-000738 PANEL BOXES 850 X 600 X 250 | IM-000742 PANEL BOXES 1200 X800 X 250
ELEC-8759,PANEL BOXES - 800 X600 X 250,0,,,,suggest,,,,sheet has no unit,Similar catalog names,IM-000736 PANEL BOXES 550 X 300 X 250 | IM-000737 PANEL BOXES 750 X 500 X 250 | IM-000738 PANEL BOXES 850 X 600 X 250 | IM-000742 PANEL BOXES 1200 X800 X 250
ELEC-8801,TERMINALS - 12 SQ MM,0,,,,name,IM-000743,TERMINALS 12 SQ MM,Nos,sheet has no unit,same name,
ELEC-8802,TERMINALS - 10 SQ MM,0,,,,name,IM-000744,TERMINALS 10 SQ MM,Nos,sheet has no unit,same name,
ELEC-8803,TERMINALS - 8 SQ MM,0,,,,name,IM-000745,TERMINALS 8 SQ MM,Nos,sheet has no unit,same name,
ELEC-8804,TERMINALS - 6 SQ MM,0,,,,name,IM-000746,TERMINALS 6 SQ MM,Nos,sheet has no unit,same name,
ELEC-8805,TERMINALS - 4 SQ MM,0,,,,name,IM-000747,TERMINALS 4 SQ MM,Nos,sheet has no unit,same name,
ELEC-8820,FUSED TERMINAL BLOCK,0,,,,name,IM-000748,FUSED TERMINAL BLOCK,Nos,sheet has no unit,same name,
ELEC-8821,FUSES 1 AMPS 30 MM,0,,,,name,IM-000749,FUSES 1 AMPS 30 MM,Nos,sheet has no unit,same name,
ELEC-8822,TC303AX SELEC,0,,,,none,,,,sheet has no unit,,
ELEC-8830,TRANSDUCER MI632 SINGLE IN DUAL OUTOUT,0,,,,name,IM-000750,TRANSDUCER MI632 SINGLE IN DUAL OUTOUT,Nos,sheet has no unit,same name,
ELEC-8831,ISOLATOR  4-20 MA DUAL PI102 DC,0,,,,name,IM-000751,ISOLATOR 4-20 MA DUAL PI102 DC,Nos,sheet has no unit,same name,
ELEC-8832,JANATICS CYLINDER,0,,,,none,,,,sheet has no unit,,
ELEC-8833,MICRO SWITCH,0,,,,none,,,,sheet has no unit,,
INS - 9000,PRESSURE SWITCH - UT-5,0,,,,name,IM-002260,PRESSURE SWITCH UT-5,Nos,sheet has no unit,same name,
INS - 9001,PRESSURE SWITCH - UT-10,22,,,1013.64,name,IM-002261,PRESSURE SWITCH UT-10,Nos,sheet has no unit,same name,
INS - 9002,PRESSURE SWITCH - IPS - 100,0,,,,name,IM-002262,PRESSURE SWITCH IPS 100,Nos,sheet has no unit,same name,
INS - 9003,PRESSURE SWITCH - IPS - 200,0,,,,name,IM-002263,PRESSURE SWITCH IPS 200,Nos,sheet has no unit,same name,
INS - 9004,PRESSURE SWITCH - RT - 116,6,,,14346.67,name,IM-002264,PRESSURE SWITCH RT 116,Nos,sheet has no unit,same name,
INS - 9005,PRESSURE SWITCH - RT- 05,3,,,3580,name,IM-002265,PRESSURE SWITCH RT-05,Nos,sheet has no unit,same name,
INS - 9006,PRESSURE SWITCH - IPSD - 50,1,,,5880,name,IM-002266,PRESSURE SWITCH IPSD 50,Nos,sheet has no unit,same name,
INS - 9007,PRESSURE SWITCH - KP - 36,0,,,,suggest,,,,sheet has no unit,Similar catalog names,IM-002260 PRESSURE SWITCH UT-5 | IM-002988 PRESSURE SWITCH UT-6 | IM-002261 PRESSURE SWITCH UT-10 | IM-002265 PRESSURE SWITCH RT-05
INS - 9020,SOLONOID VALVES - BAG HOUSE 25 MM,8,,,1580,name,IM-002458,SOLONOID VALVES BAG HOUSE 25 MM,Nos,sheet has no unit,same name,
INS - 9021,SOLONOID VALVES - BAG HOUSE 40 MM,12,,,2200,name,IM-002459,SOLONOID VALVES BAG HOUSE 40 MM,Nos,sheet has no unit,same name,
INS - 9022,SOLONOID  VALVES - 2W-160 -15-220 V - 15 MM,0,,,,name,IM-002460,SOLONOID VALVES 2W-160-15-220 V 15 MM,Nos,sheet has no unit,same name,
INS - 9030,MANOMETER - U TYPE  0-300,3,,,2900,name,IM-001204,MANOMETER U TYPE 0-300,Nos,sheet has no unit,same name,
INS - 9031,MANOMETER - U TYPE  0-500,0,,,,suggest,,,,sheet has no unit,Similar catalog names,"IM-001204 MANOMETER U TYPE 0-300 | IM-000971 FIRE BARS, CI, HUSK Z TYPE 500 MM"
INS - 9050,VARIABLE SPEED DRIVE (VFD ) - 1 Hp,0,,,,name,IM-002708,VARIABLE SPEED DRIVE (VFD) 1 Hp,Nos,sheet has no unit,same name,
INS - 9051,VARIABLE SPEED DRIVE (VFD ) - 2 Hp,0,,,,name,IM-002709,VARIABLE SPEED DRIVE (VFD) 2 Hp,Nos,sheet has no unit,same name,
INS - 9052,VARIABLE SPEED DRIVE (VFD ) - 3 Hp,0,,,,name,IM-002710,VARIABLE SPEED DRIVE (VFD) 3 Hp,Nos,sheet has no unit,same name,
INS - 9053,VARIABLE SPEED DRIVE (VFD ) - 4 Hp,0,,,,name,IM-002711,VARIABLE SPEED DRIVE (VFD) 4 Hp,Nos,sheet has no unit,same name,
INS - 9054,VARIABLE SPEED DRIVE (VFD ) - 5 Hp,0,,,,name,IM-002712,VARIABLE SPEED DRIVE (VFD) 5 Hp,Nos,sheet has no unit,same name,
INS - 9055,VARIABLE SPEED DRIVE (VFD ) - 7.5 Hp,0,,,,name,IM-002713,VARIABLE SPEED DRIVE (VFD) 7.5 Hp,Nos,sheet has no unit,same name,
INS - 9056,VARIABLE SPEED DRIVE (VFD ) - 10 Hp,0,,,,name,IM-002714,VARIABLE SPEED DRIVE (VFD) 10 Hp,Nos,sheet has no unit,same name,
INS - 9057,VARIABLE SPEED DRIVE (VFD ) - 12.5 Hp,0,,,,name,IM-002715,VARIABLE SPEED DRIVE (VFD) 12.5 Hp,Nos,sheet has no unit,same name,
INS - 9058,VARIABLE SPEED DRIVE (VFD ) - 15 Hp,0,,,,name,IM-002716,VARIABLE SPEED DRIVE (VFD) 15 Hp,Nos,sheet has no unit,same name,
INS - 9059,VARIABLE SPEED DRIVE (VFD ) - 20 Hp,0,,,,name,IM-002717,VARIABLE SPEED DRIVE (VFD) 20 Hp,Nos,sheet has no unit,same name,
10000,BOILER FEED PUMP : 1-17 // 2-11  //  1HP /1.5 HP,35,,,18699.38,decided,IM-000174,BOILER FEED PUMP 1-17 // 2-11 // 1.5 HP,Nos,sheet has no unit,checked by hand,
10001,BOILER FEED PUMP : 1-23 // 2-15 // 2-18//1.5/2 HP,0,,,,name,IM-000175,BOILER FEED PUMP 1-23 // 2-15 // 2-18//1.5/2 HP,Nos,sheet has no unit,same name,
10002,BOILER FEED PUMP : 1-36 // 3 HP,6,,,26180,name,IM-000176,BOILER FEED PUMP 1-36 // 3 HP,Nos,sheet has no unit,same name,
10003,BOILER FEED PUMP : 3-23 // 2-18 // 3 HP,0,,,,name,IM-000177,BOILER FEED PUMP 3-23 // 2-18 // 3 HP,Nos,sheet has no unit,same name,
10004,BOILER FEED PUMP : 3-29 // 2-22 // 3 HP,0,,,,name,IM-000178,BOILER FEED PUMP 3-29 // 2-22 // 3 HP,Nos,sheet has no unit,same name,
10005,BOILER FEED PUMP : 2-26//3-36 //4-16 // 4 HP,2,,,37000,name,IM-000179,BOILER FEED PUMP 2-26//3-36 //4-16 // 4 HP,Nos,sheet has no unit,same name,
10006,BOILER FEED PUMP : 5-20 // 4-19 // 4 HP// 5HP,0,,,,suggest,,,,sheet has no unit,Similar catalog names,IM-000176 BOILER FEED PUMP 1-36 // 3 HP | IM-000183 BOILER FEED PUMP 10-18 // 10 HP | IM-000177 BOILER FEED PUMP 3-23 // 2-18 // 3 HP | IM-000178 BOILER FEED PUMP 3-29 // 2-22 // 3 HP
10007,BOILER FEED PUMP : 5-29 // 4-22 //10-12// 5/5.5 HP,4,,,46413.55,name,IM-000181,BOILER FEED PUMP 5-29 // 4-22 //10-12// 5/5.5 HP,Nos,sheet has no unit,same name,
10008,BOILER FEED PUMP : 5-29 // 4-22 //10-12// 5/7 HP,0,,,,suggest,,,,sheet has no unit,Similar catalog names,IM-000184 BOILER FEED PUMP HWG 0.75 HP | IM-000176 BOILER FEED PUMP 1-36 // 3 HP | IM-000183 BOILER FEED PUMP 10-18 // 10 HP | IM-000189 BOILER FEED PUMP 0.5 HP JARO-50
10009,BOILER FEED PUMP : 5-32 // 10-16 // 7.5 HP,1,,,46966.4,decided,IM-003061,BOILER FEED PUMP 5-32 // 10-16 // 7.5 HP,Nos,sheet has no unit,checked by hand,
10010,BOILER FEED PUMP : 10-18 // 10 HP,0,,,,name,IM-000183,BOILER FEED PUMP 10-18 // 10 HP,Nos,sheet has no unit,same name,
10011,BOILER FEED PUMP - HWG - 0.75 HP,0,,,,name,IM-000184,BOILER FEED PUMP HWG 0.75 HP,Nos,sheet has no unit,same name,
10012,BOILER ETNY EG 65-40-200,0,,,,suggest,,,,sheet has no unit,Similar catalog names,IM-003060 ETNY EG 65-50-200 PUMP SET
10013,"MONOBLOCK PUMP PP-3, 3HP F/E",0,,,,none,,,,sheet has no unit,,
10014,BOILER ETNY EG 100-80-200,0,,,,suggest,,,,sheet has no unit,Similar catalog names,IM-001955 MS I. BEAM 200 X 100
10030,FUEL INJECTION  GEAR PUMP - 100  L/H ; 1400 RPM,0,,,,name,IM-001067,FUEL INJECTION GEAR PUMP 100 L/H ; 1400 RPM,Nos,sheet has no unit,same name,
10031,FUEL INJECTION  GEAR PUMP - 150  L/H ; 1400 RPM,0,,,,name,IM-001068,FUEL INJECTION GEAR PUMP 150 L/H ; 1400 RPM,Nos,sheet has no unit,same name,
10032,FUEL INJECTION  GEAR PUMP - 300  L/H ; 1400 RPM,0,,,,name,IM-001069,FUEL INJECTION GEAR PUMP 300 L/H ; 1400 RPM,Nos,sheet has no unit,same name,
10033,FUEL INJECTION  GEAR PUMP - 450  L/H ; 1400 RPM,0,,,,name,IM-001070,FUEL INJECTION GEAR PUMP 450 L/H ; 1400 RPM,Nos,sheet has no unit,same name,
10034,FUEL INJECTION  GEAR PUMP - 600 L/H ; 1400 RPM,0,,,,name,IM-001071,FUEL INJECTION GEAR PUMP 600 L/H ; 1400 RPM,Nos,sheet has no unit,same name,
10035,FUEL INJECTION  GEAR PUMP - 1000  L/H ; 1400 RPM,0,,,,name,IM-001072,FUEL INJECTION GEAR PUMP 1000 L/H ; 1400 RPM,Nos,sheet has no unit,same name,
10036,FUEL INJECTION  GEAR PUMP - 1500  L/H ; 1400 RPM,0,,,,name,IM-001073,FUEL INJECTION GEAR PUMP 1500 L/H ; 1400 RPM,Nos,sheet has no unit,same name,
10040,BOILER FEED PUMP - 0.5 / 1 HP - JARO-50 / 100,0,,,,suggest,,,,sheet has no unit,Similar catalog names,IM-000189 BOILER FEED PUMP 0.5 HP JARO-50 | IM-000176 BOILER FEED PUMP 1-36 // 3 HP | IM-000183 BOILER FEED PUMP 10-18 // 10 HP | IM-000177 BOILER FEED PUMP 3-23 // 2-18 // 3 HP
10050,PUMP MECHANICAL SEAL MV 2/4,0,,,,name,IM-002298,PUMP MECHANICAL SEAL MV 2/4,Nos,sheet has no unit,same name,
10051,VIBRATORY FEEDER VF400-2TR,0,,,,none,,,,sheet has no unit,,
10052,VASANT TRANSFORMER 14.5KV,0,,,,none,,,,sheet has no unit,,
10501,ID FAN W/O MOTOR - CFM : 800    ; PRESSURE : 100 MM WC ;  HP: 1 HP / 1440 RPM,0,,,,suggest,,,,sheet has no unit,Similar catalog names,IM-000818 ID FAN W/O MOTOR WC HP:1 HP / 1440 RPM | IM-000819 ID FAN W/O MOTOR WC HP:2 HP / 1440 RPM | IM-000820 ID FAN W/O MOTOR WC HP:3 HP / 1440 RPM | IM-000821 ID FAN W/O MOTOR WC HP:5 HP / 1440 RPM
10502,ID FAN W/O MOTOR - CFM : 1000    ; PRESSURE : 150 MM WC ;  HP: 2 HP / 1440 RPM,0,,,,suggest,,,,sheet has no unit,Similar catalog names,IM-000818 ID FAN W/O MOTOR WC HP:1 HP / 1440 RPM | IM-000819 ID FAN W/O MOTOR WC HP:2 HP / 1440 RPM | IM-000820 ID FAN W/O MOTOR WC HP:3 HP / 1440 RPM | IM-000821 ID FAN W/O MOTOR WC HP:5 HP / 1440 RPM
10503,ID FAN W/O MOTOR - CFM : 1800    ; PRESSURE : 150 MM WC ;  HP: 3 HP / 1440 RPM,0,,,,suggest,,,,sheet has no unit,Similar catalog names,IM-000818 ID FAN W/O MOTOR WC HP:1 HP / 1440 RPM | IM-000819 ID FAN W/O MOTOR WC HP:2 HP / 1440 RPM | IM-000820 ID FAN W/O MOTOR WC HP:3 HP / 1440 RPM | IM-000821 ID FAN W/O MOTOR WC HP:5 HP / 1440 RPM
10504,ID FAN W/O MOTOR - CFM : 2400    ; PRESSURE : 150 MM WC ;  HP: 5 HP / 1440 RPM,0,,,,suggest,,,,sheet has no unit,Similar catalog names,IM-000818 ID FAN W/O MOTOR WC HP:1 HP / 1440 RPM | IM-000819 ID FAN W/O MOTOR WC HP:2 HP / 1440 RPM | IM-000820 ID FAN W/O MOTOR WC HP:3 HP / 1440 RPM | IM-000821 ID FAN W/O MOTOR WC HP:5 HP / 1440 RPM
10505,ID FAN W/O MOTOR - CFM : 3600    ; PRESSURE : 150 MM WC ;  HP: 7.5 HP / 1440 RPM,0,,,,suggest,,,,sheet has no unit,Similar catalog names,IM-000818 ID FAN W/O MOTOR WC HP:1 HP / 1440 RPM | IM-000819 ID FAN W/O MOTOR WC HP:2 HP / 1440 RPM | IM-000820 ID FAN W/O MOTOR WC HP:3 HP / 1440 RPM | IM-000821 ID FAN W/O MOTOR WC HP:5 HP / 1440 RPM
10506,ID FAN W/O MOTOR - CFM : 4800    ; PRESSURE : 150 MM WC ;  HP: 10 HP / 1440 RPM,0,,,,suggest,,,,sheet has no unit,Similar catalog names,IM-000818 ID FAN W/O MOTOR WC HP:1 HP / 1440 RPM | IM-000819 ID FAN W/O MOTOR WC HP:2 HP / 1440 RPM | IM-000820 ID FAN W/O MOTOR WC HP:3 HP / 1440 RPM | IM-000821 ID FAN W/O MOTOR WC HP:5 HP / 1440 RPM
10507,ID FAN W/O MOTOR - CFM : 4800    ; PRESSURE : 500 MM WC ;  HP: 20 HP / 1440 RPM,0,,,,suggest,,,,sheet has no unit,Similar catalog names,IM-000818 ID FAN W/O MOTOR WC HP:1 HP / 1440 RPM | IM-000819 ID FAN W/O MOTOR WC HP:2 HP / 1440 RPM | IM-000820 ID FAN W/O MOTOR WC HP:3 HP / 1440 RPM | IM-000821 ID FAN W/O MOTOR WC HP:5 HP / 1440 RPM
10508,ID FAN W/O MOTOR - CFM : 6000    ; PRESSURE : 150 MM WC ;  HP: 12.5 HP / RPM,0,,,,suggest,,,,sheet has no unit,Similar catalog names,IM-000827 ID FAN W/O MOTOR WC HP:20 HP / RPM | IM-000825 ID FAN W/O MOTOR WC HP:12.5 HP / RPM | IM-000818 ID FAN W/O MOTOR WC HP:1 HP / 1440 RPM | IM-000819 ID FAN W/O MOTOR WC HP:2 HP / 1440 RPM
10509,ID FAN W/O MOTOR - CFM : 6000    ; PRESSURE : 500 MM WC ;  HP: 25 HP / 1440 RPM,0,,,,suggest,,,,sheet has no unit,Similar catalog names,IM-000818 ID FAN W/O MOTOR WC HP:1 HP / 1440 RPM | IM-000819 ID FAN W/O MOTOR WC HP:2 HP / 1440 RPM | IM-000820 ID FAN W/O MOTOR WC HP:3 HP / 1440 RPM | IM-000821 ID FAN W/O MOTOR WC HP:5 HP / 1440 RPM
10509,ID FAN W/O MOTOR - CFM : 6000    ; PRESSURE : 500 MM WC ;  HP: 25 HP / 1440 RPM,0,,,,suggest,,,,"duplicate sheet row, count once",Similar catalog names,IM-000818 ID FAN W/O MOTOR WC HP:1 HP / 1440 RPM | IM-000819 ID FAN W/O MOTOR WC HP:2 HP / 1440 RPM | IM-000820 ID FAN W/O MOTOR WC HP:3 HP / 1440 RPM | IM-000821 ID FAN W/O MOTOR WC HP:5 HP / 1440 RPM
10509,ID FAN W/O MOTOR - CFM : 6000    ; PRESSURE : 500 MM WC ;  HP: 25 HP / 1440 RPM,0,,,,suggest,,,,"duplicate sheet row, count once",Similar catalog names,IM-000818 ID FAN W/O MOTOR WC HP:1 HP / 1440 RPM | IM-000819 ID FAN W/O MOTOR WC HP:2 HP / 1440 RPM | IM-000820 ID FAN W/O MOTOR WC HP:3 HP / 1440 RPM | IM-000821 ID FAN W/O MOTOR WC HP:5 HP / 1440 RPM
10510,ID FAN W/O MOTOR - CFM : 8000    ; PRESSURE : 200 MM WC ;  HP: 25 HP / 1440 RPM,0,,,,suggest,,,,sheet has no unit,Similar catalog names,IM-000818 ID FAN W/O MOTOR WC HP:1 HP / 1440 RPM | IM-000819 ID FAN W/O MOTOR WC HP:2 HP / 1440 RPM | IM-000820 ID FAN W/O MOTOR WC HP:3 HP / 1440 RPM | IM-000821 ID FAN W/O MOTOR WC HP:5 HP / 1440 RPM
10511,ID FAN W/O MOTOR - CFM : 8000    ; PRESSURE : 500 MM WC ;  HP: 40 HP / 1440 RPM,0,,,,suggest,,,,sheet has no unit,Similar catalog names,IM-000818 ID FAN W/O MOTOR WC HP:1 HP / 1440 RPM | IM-000819 ID FAN W/O MOTOR WC HP:2 HP / 1440 RPM | IM-000820 ID FAN W/O MOTOR WC HP:3 HP / 1440 RPM | IM-000821 ID FAN W/O MOTOR WC HP:5 HP / 1440 RPM
10512,ID FAN W/O MOTOR - CFM : 9000    ; PRESSURE : 500 MM WC ;  HP: 50 HP / 1440 RPM,0,,,,suggest,,,,sheet has no unit,Similar catalog names,IM-000818 ID FAN W/O MOTOR WC HP:1 HP / 1440 RPM | IM-000819 ID FAN W/O MOTOR WC HP:2 HP / 1440 RPM | IM-000820 ID FAN W/O MOTOR WC HP:3 HP / 1440 RPM | IM-000821 ID FAN W/O MOTOR WC HP:5 HP / 1440 RPM
11000,"MOTOR 1440 RPM / 4 POLE , FRAME ND80 - 0.5 HP",0,,,,name,IM-001321,"MOTOR 1440 RPM / 4 POLE, FRAME ND80 0.5 HP",Nos,sheet has no unit,same name,
11001,"MOTOR 1440 RPM / 4 POLE , FRAME ND80 - 1 HP",0,,,,name,IM-001322,"MOTOR 1440 RPM / 4 POLE, FRAME ND80 1 HP",Nos,sheet has no unit,same name,
11002,"MOTOR 1440 RPM / 4 POLE, FRAME 90S - 1.5 HP",0,,,,name,IM-001323,"MOTOR 1440 RPM / 4 POLE, FRAME 90S 1.5 HP",Nos,sheet has no unit,same name,
11003,"MOTOR 1440 RPM / 4 POLE , FRAME 90L- 2 HP",0,,,,name,IM-001324,"MOTOR 1440 RPM / 4 POLE, FRAME 90L-2 HP",Nos,sheet has no unit,same name,
11004,"MOTOR 1440 RPM / 4 POLE , FRAME 100L- 3 HP",0,,,,name,IM-001325,"MOTOR 1440 RPM / 4 POLE, FRAME 100L-3 HP",Nos,sheet has no unit,same name,
11005,"MOTOR 1440 RPM / 4 POLE , FRAME 112M - 5 HP",0,,,,name,IM-001326,"MOTOR 1440 RPM / 4 POLE, FRAME 112M 5 HP",Nos,sheet has no unit,same name,
11006,"MOTOR 1440 RPM / 4 POLE , FRAME 132S - 7.5 HP",0,,,,name,IM-001327,"MOTOR 1440 RPM / 4 POLE, FRAME 132S 7.5 HP",Nos,sheet has no unit,same name,
11007,"MOTOR 1440 RPM / 4 POLE , FRAME 132M - 10 HP",0,,,,name,IM-001328,"MOTOR 1440 RPM / 4 POLE, FRAME 132M 10 HP",Nos,sheet has no unit,same name,
11008,"MOTOR 1440 RPM / 4 POLE , FRAME 132M - 12.5 HP",0,,,,name,IM-001329,"MOTOR 1440 RPM / 4 POLE, FRAME 132M 12.5 HP",Nos,sheet has no unit,same name,
11009,"MOTOR 1440 RPM / 4 POLE , FRAME 160M - 15 HP",0,,,,name,IM-001330,"MOTOR 1440 RPM / 4 POLE, FRAME 160M 15 HP",Nos,sheet has no unit,same name,
11010,"MOTOR 1440 RPM / 4 POLE , FRAME 160L - 20 HP",0,,,,name,IM-001331,"MOTOR 1440 RPM / 4 POLE, FRAME 160L 20 HP",Nos,sheet has no unit,same name,
11011,"MOTOR 1440 RPM / 4 POLE , FRAME 180M - 25 HP",0,,,,name,IM-001332,"MOTOR 1440 RPM / 4 POLE, FRAME 180M 25 HP",Nos,sheet has no unit,same name,
11012,"MOTOR 1440 RPM/4 POLE , FRAME 180L - 30 HP",0,,,,name,IM-001333,"MOTOR 1440 RPM/4 POLE, FRAME 180L 30 HP",Nos,sheet has no unit,same name,
11013,"MOTOR 1440 RPM/4 POLE  , FRAME 200 - 40 HP",0,,,,name,IM-001334,"MOTOR 1440 RPM/4 POLE, FRAME 200 40 HP",Nos,sheet has no unit,same name,
11014,"MOTOR 1440 RPM/4 POLE  ,FRAME 220L - 50 HP",0,,,,suggest,,,,sheet has no unit,Similar catalog names,"IM-001334 MOTOR 1440 RPM/4 POLE, FRAME 200 40 HP | IM-001324 MOTOR 1440 RPM / 4 POLE, FRAME 90L-2 HP | IM-001333 MOTOR 1440 RPM/4 POLE, FRAME 180L 30 HP | IM-001322 MOTOR 1440 RPM / 4 POLE, FRAME ND80 1 HP"
11101,MOTOR 2880  RPM / 2 POLE  FRAME 80 - 1 HP,0,,,,name,IM-001336,MOTOR 2880 RPM / 2 POLE FRAME 80 1 HP,Nos,sheet has no unit,same name,
11102,"MOTOR 2880  RPM / 2 POLE , FRAME 80 - 1.5 HP",0,,,,name,IM-001337,"MOTOR 2880 RPM / 2 POLE, FRAME 80 1.5 HP",Nos,sheet has no unit,same name,
11103,"MOTOR 2880  RPM / 2 POLE , FRAME 90S -  2HP",0,,,,name,IM-001338,"MOTOR 2880 RPM / 2 POLE, FRAME 90S 2HP",Nos,sheet has no unit,same name,
11104,"MOTOR 2880  RPM / 2 POLE , FRAME 90L -  3HP",0,,,,name,IM-001339,"MOTOR 2880 RPM / 2 POLE, FRAME 90L 3HP",Nos,sheet has no unit,same name,
11105,"MOTOR 2880  RPM / 2 POLE , FRAME 100L - 5 HP",0,,,,name,IM-001340,"MOTOR 2880 RPM / 2 POLE, FRAME 100L 5 HP",Nos,sheet has no unit,same name,
11106,"MOTOR 2880  RPM / 2 POLE , FRAME 112M - 7.5 HP",0,,,,name,IM-001341,"MOTOR 2880 RPM / 2 POLE, FRAME 112M 7.5 HP",Nos,sheet has no unit,same name,
11107,"MOTOR 2880  RPM / 2 POLE , FRAME 132S  - 10 HP",0,,,,name,IM-001342,"MOTOR 2880 RPM / 2 POLE, FRAME 132S 10 HP",Nos,sheet has no unit,same name,
11108,"MOTOR 2880  RPM / 2 POLE , FRAME 132M  - 12.5 HP",0,,,,name,IM-001343,"MOTOR 2880 RPM / 2 POLE, FRAME 132M 12.5 HP",Nos,sheet has no unit,same name,
11109,"MOTOR 2880  RPM / 2 POLE , FRAME 160M  - 15 HP",0,,,,name,IM-001344,"MOTOR 2880 RPM / 2 POLE, FRAME 160M 15 HP",Nos,sheet has no unit,same name,
11110,"MOTOR 2880  RPM / 2 POLE , FRAME 160M  - 20 HP",0,,,,name,IM-001345,"MOTOR 2880 RPM / 2 POLE, FRAME 160M 20 HP",Nos,sheet has no unit,same name,
11111,"MOTOR 2880  RPM / 2 POLE , FRAME 160L  - 25 HP",0,,,,name,IM-001346,"MOTOR 2880 RPM / 2 POLE, FRAME 160L 25 HP",Nos,sheet has no unit,same name,
11112,"MOTOR 2880  RPM / 2 POLE , FRAME 180M - 30 HP",0,,,,name,IM-001347,"MOTOR 2880 RPM / 2 POLE, FRAME 180M 30 HP",Nos,sheet has no unit,same name,
11113,"MOTOR 2880  RPM / 2 POLE , FRAME  200M -40 HP",0,,,,suggest,,,,sheet has no unit,Similar catalog names,"IM-001336 MOTOR 2880 RPM / 2 POLE FRAME 80 1 HP | IM-001337 MOTOR 2880 RPM / 2 POLE, FRAME 80 1.5 HP | IM-001338 MOTOR 2880 RPM / 2 POLE, FRAME 90S 2HP | IM-001339 MOTOR 2880 RPM / 2 POLE, FRAME 90L 3HP"
11114,"MOTOR 1500  RPM / 2 POLE ,  FRAME  132M -10HP",0,,,,suggest,,,,sheet has no unit,Similar catalog names,"IM-001328 MOTOR 1440 RPM / 4 POLE, FRAME 132M 10 HP | IM-001329 MOTOR 1440 RPM / 4 POLE, FRAME 132M 12.5 HP | IM-001343 MOTOR 2880 RPM / 2 POLE, FRAME 132M 12.5 HP | IM-001336 MOTOR 2880 RPM / 2 POLE FRAME 80 1 HP"
11201,MOTER 960 RPM - 0.5 HP,0,,,,name,IM-001349,MOTER 960 RPM 0.5 HP,Nos,sheet has no unit,same name,
11202,MOTER 960 RPM - 1 HP,0,,,,name,IM-001350,MOTER 960 RPM 1 HP,Nos,sheet has no unit,same name,
11203,MOTER 960 RPM - 2 HP,0,,,,name,IM-001351,MOTER 960 RPM 2 HP,Nos,sheet has no unit,same name,
11204,MOTER 960 RPM - 3 HP,0,,,,name,IM-001352,MOTER 960 RPM 3 HP,Nos,sheet has no unit,same name,
11301,MOTOR GEARED TYPE - 0.5 HP,0,,,,name,IM-001353,MOTOR GEARED TYPE 0.5 HP,Nos,sheet has no unit,same name,
11302,MOTOR GEARED TYPE - 1 HP,0,,,,name,IM-001354,MOTOR GEARED TYPE 1 HP,Nos,sheet has no unit,same name,
11303,MOTOR GEARED TYPE - 2 HP,0,,,,name,IM-001355,MOTOR GEARED TYPE 2 HP,Nos,sheet has no unit,same name,
11304,MOTOR GEARED TYPE - 3 HP,0,,,,name,IM-001356,MOTOR GEARED TYPE 3 HP,Nos,sheet has no unit,same name,
11305,MOTOR GEARED TYPE - 5 HP,0,,,,name,IM-001357,MOTOR GEARED TYPE 5 HP,Nos,sheet has no unit,same name,
11306,MOTOR GEARED TYPE - 7.5 HP,0,,,,name,IM-001358,MOTOR GEARED TYPE 7.5 HP,Nos,sheet has no unit,same name,
11401,THERMIC FLUID PUMP - 3 HP / 2880,0,,,,name,IM-002611,THERMIC FLUID PUMP 3 HP / 2880,Nos,sheet has no unit,"same name; Item Master has 2 rows with this name (IM-002611, IM-002612)",
11402,THERMIC FLUID PUMP - 3 HP / 2880,0,,,,name,IM-002611,THERMIC FLUID PUMP 3 HP / 2880,Nos,sheet has no unit,"same name; Item Master has 2 rows with this name (IM-002611, IM-002612)",
11403,THERMIC FLUID PUMP - 7.5 HP / 2880,0,,,,name,IM-002613,THERMIC FLUID PUMP 7.5 HP / 2880,Nos,sheet has no unit,same name,
11404,THERMIC FLUID PUMP - 10 HP / 2880 ; 40/60 AIRCOOLED,0,,,,name,IM-002614,THERMIC FLUID PUMP 10 HP / 2880 ; 40/60 AIRCOOLED,Nos,sheet has no unit,same name,
11405,THERMIC FLUID PUMP - 12.5 HP / 2880,0,,,,name,IM-002615,THERMIC FLUID PUMP 12.5 HP / 2880,Nos,sheet has no unit,same name,
11406,THERMIC FLUID PUMP - 15 HP / 2880,0,,,,name,IM-002616,THERMIC FLUID PUMP 15 HP / 2880,Nos,sheet has no unit,same name,
11407,THERMIC FLUID PUMP - 20 HP / 2880,0,,,,name,IM-002617,THERMIC FLUID PUMP 20 HP / 2880,Nos,sheet has no unit,same name,
11408,THERMIC FLUID PUMP - 25 HP / 2880,0,,,,name,IM-002618,THERMIC FLUID PUMP 25 HP / 2880,Nos,sheet has no unit,same name,
11409,THERMIC FLUID PUMP - 30 HP / 2880,0,,,,name,IM-002619,THERMIC FLUID PUMP 30 HP / 2880,Nos,sheet has no unit,same name,
11410,MECHANICAL SEAL FOR THERMIC FLUID PUMP,0,,,,name,IM-002620,MECHANICAL SEAL FOR THERMIC FLUID PUMP,Nos,sheet has no unit,same name,
11425,HYDRAULIC TEST PUMP,0,,,,name,IM-001178,HYDRAULIC TEST PUMP,Nos,sheet has no unit,same name,
MIS-18000,"LABELS 16 "" X 16 """,0,,,,name,IM-001219,"LABELS 16 "" X 16 """,Nos,sheet has no unit,same name,
MIS-18001,LABELS - DANGER,0,,,,none,,,,sheet has no unit,,
MIS-18002,LABELS ARROW,0,,,,name,IM-001221,LABELS ARROW,Nos,sheet has no unit,same name,
MIS-18003,LABELS OPEN / CLOSE,0,,,,name,IM-001222,LABELS OPEN / CLOSE,Nos,sheet has no unit,same name,
MIS-18004,STICKERS SB - 3M,0,,,,name,IM-001223,STICKERS SB 3M,Nos,sheet has no unit,same name,
MIS-18005,TERMINAL COVER BOX MOTOR,0,,,,name,IM-001224,TERMINAL COVER BOX MOTOR,Nos,sheet has no unit,same name,
MIS-18006,LABEL - IN,0,,,,none,,,,sheet has no unit,,
MIS-18007,NAME PLATE (ALU)-R Y B SWITCH,0,,,,none,,,,sheet has no unit,,
MIS-18008,LABEL - OUT,0,,,,suggest,,,,sheet has no unit,Similar catalog names,IM-001225 LABEL IN / OUT / ARROW
MIS-18009,ALU NAME PLATE  BOILER,0,,,,none,,,,sheet has no unit,,
MIS-18010,"ALU NAME PLATE  ID, FD FAN",0,,,,none,,,,sheet has no unit,,
MIS-18050,PTFE / TEFLON ROF - 50 MM DIA,0,,,,name,IM-001226,PTFE / TEFLON ROF 50 MM DIA,Nos,sheet has no unit,same name,
MIS-18051,PTFE / TEFLON ROF - 42 MM DIA,0,,,,name,IM-001227,PTFE / TEFLON ROF 42 MM DIA,Nos,sheet has no unit,same name,
MIS-18052,PTFE / TEFLON ROF - 35 MM DIA,0,,,,suggest,,,,sheet has no unit,Similar catalog names,IM-001226 PTFE / TEFLON ROF 50 MM DIA | IM-001227 PTFE / TEFLON ROF 42 MM DIA
MIS-18100,ALUMINIUM SHEET 0.46,21.5,,,440,name,IM-001228,ALUMINIUM SHEET 0.46,Nos,sheet has no unit,same name,
MIS-18101,WOODEN CRATE PACKINGS,0,,,,name,IM-001229,WOODEN CRATE PACKINGS,Nos,sheet has no unit,same name,
MIS-18102,WIRE ROPE 6 MM,0,,,,name,IM-001230,WIRE ROPE 6 MM,Nos,sheet has no unit,same name,
MIS-18103,WIRE ROPE 8 MM,0,,,,name,IM-001231,WIRE ROPE 8 MM,Nos,sheet has no unit,same name,
MIS-18104,WIRE ROPE 10 MM,0,,,,name,IM-001232,WIRE ROPE 10 MM,Nos,sheet has no unit,same name,
MIS-18105,WIRE ROPE 12 MM,0,,,,name,IM-001233,WIRE ROPE 12 MM,Nos,sheet has no unit,same name,
MIS-18106,WOODEN CRATE PACKINGS 740 X 430 X450MM,0,,,,suggest,,,,sheet has no unit,Similar catalog names,IM-001229 WOODEN CRATE PACKINGS
MIS-18107,WOODEN CRATE PACKINGS 740 X 430 X400MM,0,,,,suggest,,,,sheet has no unit,Similar catalog names,IM-001229 WOODEN CRATE PACKINGS
MIS-18108,WOODEN CRATE PACKINGS 700 X 680 X600MM,0,,,,suggest,,,,sheet has no unit,Similar catalog names,IM-001229 WOODEN CRATE PACKINGS
MIS-18120,CLAMPS 6,0,,,,name,IM-001234,CLAMPS 6,Nos,sheet has no unit,same name,
MIS-18121,CLAMPS 8,0,,,,name,IM-001235,CLAMPS 8,Nos,sheet has no unit,same name,
MIS-18122,CLAMPS 10,0,,,,name,IM-001236,CLAMPS 10,Nos,sheet has no unit,same name,
MIS-18123,CLAMPS 12,0,,,,name,IM-001237,CLAMPS 12,Nos,sheet has no unit,same name,
MIS-18140,TURN BUCKLES 6 MM,0,,,,name,IM-001238,TURN BUCKLES 6 MM,Nos,sheet has no unit,same name,
MIS-18141,TURN BUCKLES 8 MM,0,,,,name,IM-001239,TURN BUCKLES 8 MM,Nos,sheet has no unit,same name,
MIS-18142,TURN BUCKLES 10 MM,0,,,,name,IM-001240,TURN BUCKLES 10 MM,Nos,sheet has no unit,same name,
MIS-18143,TURN BUCKLES 12 MM,0,,,,name,IM-001241,TURN BUCKLES 12 MM,Nos,sheet has no unit,same name,
MIS-18150,LRB MATTRESS 100 DENSITY X 100 MM THICK,8,,,1890,name,IM-001242,LRB MATTRESS 100 DENSITY X 100 MM THICK,Nos,sheet has no unit,same name,
MIS-18151,LRB MATTRESS 100 DENSITY X 75 MM THICK,30,,,1470,name,IM-001243,LRB MATTRESS 100 DENSITY X 75 MM THICK,Nos,sheet has no unit,same name,
MIS-18152,LRB MATTRESS 100 DENSITY X 50 MM THICK,3,,,1640,name,IM-001244,LRB MATTRESS 100 DENSITY X 50 MM THICK,Nos,sheet has no unit,same name,
MIS-18153,,0,,,,none,,,,sheet has no unit,,
MIS-18154,ALUMINIUM SHEET - 24 GAUGE,0,,,,name,IM-001246,ALUMINIUM SHEET 24 GAUGE,Nos,sheet has no unit,same name,
MIS-18155,ALUMINIUM SHEET - 26 GAUGE,0,,,,name,IM-001247,ALUMINIUM SHEET 26 GAUGE,Nos,sheet has no unit,same name,
MIS-18156,GI CORRUGATED ROOFING SHEET - 0.45 MM,0,,,,name,IM-001248,GI CORRUGATED ROOFING SHEET 0.45 MM,Nos,sheet has no unit,same name,
MIS-18170,GI CAGES FOR BAG HOUSE,180,,,921,name,IM-001249,GI CAGES FOR BAG HOUSE,Nos,sheet has no unit,same name,
MIS-18200,FIBER  GLASS  BAGS NON WOVEN 150 X 3000 MM,0,,,,name,IM-001250,FIBER GLASS BAGS NON WOVEN 150 X 3000 MM,Nos,sheet has no unit,same name,
MIS-18201,FIBER  GLASS  BAGS NON WOVEN 150 X 3600 MM,180,,,1064,name,IM-001251,FIBER GLASS BAGS NON WOVEN 150 X 3600 MM,Nos,sheet has no unit,same name,
MIS-18250,FRP SOFTENER VESSELS 1465 - ALFA,0,,,,name,IM-001252,FRP SOFTENER VESSELS 1465 ALFA,Nos,sheet has no unit,same name,
MIS-18251,FRP SOFTENER VESSELS 1665,0,,,,name,IM-001253,FRP SOFTENER VESSELS 1665,Nos,sheet has no unit,same name,
MIS-18252,FRP SOFTENER VESSELS 1865,0,,,,name,IM-001254,FRP SOFTENER VESSELS 1865,Nos,sheet has no unit,same name,
MIS-18253,,0,,,,none,,,,sheet has no unit,,
MIS-18260,RESINS - SOFTENER - 220NA,0,,,,name,IM-001255,RESINS SOFTENER 220NA,Nos,sheet has no unit,same name,
MIS-18261,MULTI PORT VALVE - 25 MM - TOP MOUNTED,0,,,,name,IM-001256,MULTI PORT VALVE 25 MM TOP MOUNTED,Nos,sheet has no unit,same name,
MIS-18262,MULTI PORT VALVE - 40 MM - TOP MOUNTED,0,,,,name,IM-001257,MULTI PORT VALVE 40 MM TOP MOUNTED,Nos,sheet has no unit,same name,
MIS-18263,SOFTENER FITTINGS - CPVC FITTINGS,0,,,,name,IM-001258,SOFTENER FITTINGS CPVC FITTINGS,Nos,sheet has no unit,same name,
MIS-18264,"OIL FILER - DUPLEX - 1/2"" - 80 MESH",0,,,,name,IM-001259,"OIL FILER DUPLEX 1/2"" 80 MESH",Nos,sheet has no unit,same name,
MIS-18265,"OIL FILER - DUPLEX - 1"" - 80 /100 MESH",0,,,,name,IM-001260,"OIL FILER DUPLEX 1"" 80 /100 MESH",Nos,sheet has no unit,same name,
MIS-18266,"OIL FILER - DUPLEX - 1"" - 120 MESH",0,,,,name,IM-001261,"OIL FILER DUPLEX 1"" 120 MESH",Nos,sheet has no unit,same name,
MIS-18267,FOUNDATION BOLTS & NUTS 25 MM X 1.2/1.5 - L,68,,,344.88,decided,IM-001262,FOUNDATION BOLTS & MS NUTS 25 MM X 1.2/1.5 L,Nos,sheet has no unit,checked by hand,
MIS-18268,FOUNDATION BOLTS & NUTS 32 MM X 1.2/1.5 - L,44,,,694.91,decided,IM-001263,FOUNDATION BOLTS & MS NUTS 32 MM X 1.2/1.5 L,Nos,sheet has no unit,checked by hand,
MIS-18269,FOUNDATION BOLTS & NUTS 40 MM X 1.2/1.5 - L,0,,,,suggest,,,,sheet has no unit,Similar catalog names,"IM-001277 FOUNDATION BOLTS & MS NUTS 5/8"" X 1 FEET | IM-001262 FOUNDATION BOLTS & MS NUTS 25 MM X 1.2/1.5 L | IM-001263 FOUNDATION BOLTS & MS NUTS 32 MM X 1.2/1.5 L | IM-001264 FOUNDATION BOLTS & MS NUTS 40 MM X 1.2/1.5 L"
MIS-18270,"HOSE PIPE - HYDRAULIC 1/2"" X 1 // 1.5 L",0,,,,name,IM-001265,"HOSE PIPE HYDRAULIC 1/2"" X 1 // 1.5 L",Nos,sheet has no unit,same name,
MIS-18271,"HOSE PIPE - HYDRAULIC 1"" X 3/4 // 1.5 L",0,,,,suggest,,,,sheet has no unit,Similar catalog names,"IM-001266 HOSE PIPE HYDRAULIC 1"" X 1 // 1.5 L | IM-001265 HOSE PIPE HYDRAULIC 1/2"" X 1 // 1.5 L"
MIS-18272,OIL IMMERSSION HEATERS 2/3 KW,0,,,,name,IM-001267,OIL IMMERSSION HEATERS 2/3 KW,Nos,sheet has no unit,same name,
MIS-18273,OIL IMMERSSION HEATERS 6 KW,0,,,,name,IM-001268,OIL IMMERSSION HEATERS 6 KW,Nos,sheet has no unit,same name,
MIS-18274,OIL IMMERSSION HEATERS MOUNTING FLANGE,0,,,,name,IM-001269,OIL IMMERSSION HEATERS MOUNTING FLANGE,Nos,sheet has no unit,same name,
MIS-18275,SS FLOAT,0,,,,name,IM-001270,SS FLOAT,Nos,sheet has no unit,same name,
MIS-18276,"THERMO COUPLE PT-100 / J / K X 6""",0,,,,name,IM-001271,"THERMO COUPLE PT-100 / J / K X 6""",Nos,sheet has no unit,same name,
MIS-18277,CONVEYOR BELT 450/350  MM W,0,,,,suggest,,,,sheet has no unit,Similar catalog names,IM-001272 CONVEYOR BELT 450 MM W
MIS-18278,RETURN ROLLER 76 X 500,0,,,,name,IM-001273,RETURN ROLLER 76 X 500,Nos,sheet has no unit,same name,
MIS-18279,ROLLER CLAMPS,0,,,,name,IM-001274,ROLLER CLAMPS,Nos,sheet has no unit,same name,
MIS-18280,"SPROCKET 5/8""X21 TEETH",0,,,,name,IM-001275,"SPROCKET 5/8""X21 TEETH",Nos,sheet has no unit,same name,
MIS-18281,"ANCHOR BOLT 16MM X 6""",0,,,,name,IM-001276,"ANCHOR BOLT 16MM X 6""",Nos,sheet has no unit,same name,
MIS-18282,"FOUNDATION BOLTS & NUTS 5/8"" X 1 FEET",0,,,,suggest,,,,sheet has no unit,Similar catalog names,"IM-001277 FOUNDATION BOLTS & MS NUTS 5/8"" X 1 FEET | IM-001262 FOUNDATION BOLTS & MS NUTS 25 MM X 1.2/1.5 L | IM-001263 FOUNDATION BOLTS & MS NUTS 32 MM X 1.2/1.5 L | IM-001264 FOUNDATION BOLTS & MS NUTS 40 MM X 1.2/1.5 L"
MIS-18283,"ANCHOR BOLT 12MM X 100""",0,,,,suggest,,,,sheet has no unit,Similar catalog names,"IM-000964 BOLT ANCHOR TYPE 5"" | IM-000965 BOLT ANCHOR TYPE 6"" | IM-000966 BOLT ANCHOR TYPE 8"" | IM-000967 BOLT ANCHOR TYPE 10"""
MIS-18284,"ANCHOR BOLT 10MM X 100""",0,,,,suggest,,,,sheet has no unit,Similar catalog names,"IM-000964 BOLT ANCHOR TYPE 5"" | IM-000965 BOLT ANCHOR TYPE 6"" | IM-000966 BOLT ANCHOR TYPE 8"" | IM-000967 BOLT ANCHOR TYPE 10"""
MIS-18285,BOILER BRUSH 40 MM,0,,,,name,IM-001278,BOILER BRUSH 40 MM,Nos,sheet has no unit,same name,
MIS-18286,BOILER BRUSH 60 MM,0,,,,suggest,,,,sheet has no unit,Similar catalog names,IM-001278 BOILER BRUSH 40 MM | IM-001279 BOILER BRUSH 50 MM | IM-001280 BOILER BRUSH 65 MM | IM-001281 BOILER BRUSH 80 MM
MIS-18287,"FOUNDATION BOLTS & NUTS 3/4"" X600 MM",0,,,,suggest,,,,sheet has no unit,Similar catalog names,"IM-001262 FOUNDATION BOLTS & MS NUTS 25 MM X 1.2/1.5 L | IM-001263 FOUNDATION BOLTS & MS NUTS 32 MM X 1.2/1.5 L | IM-001264 FOUNDATION BOLTS & MS NUTS 40 MM X 1.2/1.5 L | IM-001277 FOUNDATION BOLTS & MS NUTS 5/8"" X 1 FEET"
MIS-18287,"FOUNDATION BOLTS & NUTS 3/4"" X600 MM",0,,,,suggest,,,,"duplicate sheet row, count once",Similar catalog names,"IM-001262 FOUNDATION BOLTS & MS NUTS 25 MM X 1.2/1.5 L | IM-001263 FOUNDATION BOLTS & MS NUTS 32 MM X 1.2/1.5 L | IM-001264 FOUNDATION BOLTS & MS NUTS 40 MM X 1.2/1.5 L | IM-001277 FOUNDATION BOLTS & MS NUTS 5/8"" X 1 FEET"
MIS-18288,"THERMO COUPLE SS 1/2"" BSP 6"" LONG",0,,,,suggest,,,,sheet has no unit,Similar catalog names,"IM-001271 THERMO COUPLE PT-100 / J / K X 6"""
MIS-18289,INSULATION WITH BOLTS & NUTS 40 X 50L,0,,,,suggest,,,,sheet has no unit,Similar catalog names,IM-001262 FOUNDATION BOLTS & MS NUTS 25 MM X 1.2/1.5 L | IM-001263 FOUNDATION BOLTS & MS NUTS 32 MM X 1.2/1.5 L | IM-001264 FOUNDATION BOLTS & MS NUTS 40 MM X 1.2/1.5 L
MIS-18290,BOILER CHEMICAL - ANTI SCALENT,0,,,,name,IM-001282,BOILER CHEMICAL ANTI SCALENT,Nos,sheet has no unit,same name,
MIS-18291,BOILER CHEMICAL - PH BOOSTER,0,,,,name,IM-001283,BOILER CHEMICAL PH BOOSTER,Nos,sheet has no unit,same name,
MIS-18292,BOILER CHEMICAL - DE-SCALING COMPOUND,0,,,,name,IM-001284,BOILER CHEMICAL DE-SCALING COMPOUND,Nos,sheet has no unit,same name,
MIS-18293,BOILER CHEMICAL - OXYGEN SCAVENGER,0,,,,name,IM-001285,BOILER CHEMICAL OXYGEN SCAVENGER,Nos,sheet has no unit,same name,
MIS-18294,"OIL FILER - DUPLEX - 40MM""",0,,,,suggest,,,,sheet has no unit,Similar catalog names,"IM-001261 OIL FILER DUPLEX 1"" 120 MESH | IM-001259 OIL FILER DUPLEX 1/2"" 80 MESH | IM-001260 OIL FILER DUPLEX 1"" 80 /100 MESH"
MIS-18300,LOVJOY / STAR COUPLING 25 MM,0,,,,name,IM-001286,LOVJOY / STAR COUPLING 25 MM,Nos,sheet has no unit,same name,
MIS-18301,LOVJOY / STAR COUPLING 40 MM,0,,,,name,IM-001287,LOVJOY / STAR COUPLING 40 MM,Nos,sheet has no unit,same name,
MIS-18302,LOVJOY / STAR COUPLING 50 MM,0,,,,name,IM-001288,LOVJOY / STAR COUPLING 50 MM,Nos,sheet has no unit,same name,
MIS-18303,LOVJOY / STAR COUPLING 80 MM,0,,,,name,IM-001289,LOVJOY / STAR COUPLING 80 MM,Nos,sheet has no unit,"same name; Item Master has 2 rows with this name (IM-001289, IM-001290)",
MIS-18304,LOVJOY / STAR COUPLING 80 MM,0,,,,name,IM-001289,LOVJOY / STAR COUPLING 80 MM,Nos,sheet has no unit,"same name; Item Master has 2 rows with this name (IM-001289, IM-001290)",
MIS-18305,LOVJOY / STAR COUPLING 100 MM,0,,,,name,IM-001291,LOVJOY / STAR COUPLING 100 MM,Nos,sheet has no unit,same name,
MIS-18306,LOVJOY / STAR COUPLING 150 MM,0,,,,name,IM-001292,LOVJOY / STAR COUPLING 150 MM,Nos,sheet has no unit,same name,
MIS-18307,LOVJOY / STAR COUPLING L-190,0,,,,name,IM-001293,LOVJOY / STAR COUPLING L-190,Nos,sheet has no unit,same name,
ASSET 15000,MS EN-5 ROD -50 MM( 1MTRS - 16 KGS),0,,,,size,IM-000755,MS EN-8 ROD 50 MM (1 MTR 16 KGS),Nos,sheet has no unit,"round d50, same material, closest name",
ASSET 15001,WATER DISPENSOR,0,,,,name,IM-000018,WATER DISPENSOR,Nos,sheet has no unit,same name,
ASSET 15002,"CUTTING MACHINES 14""",0,,,,name,IM-000019,"CUTTING MACHINES 14""",Nos,sheet has no unit,same name,
ASSET 15003,AIR COMPRESSOR 2 HP - CAC MAKE,0,,,,name,IM-000020,AIR COMPRESSOR 2 HP CAC MAKE,Nos,sheet has no unit,same name,
ASSET 15004,GRINDING MACHINE - FLEXIBLE WITH 2 M SHAFT MAKE SUN INDIA,0,,,,loose,IM-000021,GRINDING MACHINE FLEXIBLE WITH 2M SHAFT MAKE SUN INDIA,Nos,sheet has no unit,same name (unit spelling differs),
ASSET 15005,"WELDING MACHINE MIG ""EW & M "" MODEL  TAURUS 355 WITH 3 MTRS TORCH GAS HOSE ; CABLE WITH CLAMP",1,,,3200,decided,IM-000022,"WELDING MACHINE MIG ""EW & M "" MODEL TAURUS 355",Nos,sheet has no unit,checked by hand,
ASSET 15006,UPS 1 KV,0,,,,name,IM-000023,UPS 1 KV,Nos,sheet has no unit,same name,
ASSET 15007,SPRINGS 8MM X 500 L,0,,,,none,,,,sheet has no unit,,
ASSET 15008,AIR BLOWER,0,,,,none,,,,sheet has no unit,,
MM-20001,CNC-ELECTRODE 10-105A-220842,21,,,101.13,name,IM-001294,CNC-ELECTRODE 10-105A-220842,Nos,sheet has no unit,same name,
MM-20002,CNC NOZZLE 105A - 220990,50,,,55,name,IM-001295,CNC NOZZLE 105A 220990,Nos,sheet has no unit,same name,
MM-20003,CNC SWRIL - 220994,0,,,,name,IM-001296,CNC SWRIL 220994,Nos,sheet has no unit,same name,
MM-20004,CNC SHIELD - 220993,0,,,,name,IM-001297,CNC SHIELD 220993,Nos,sheet has no unit,same name,
MM-20005,CNC MOUNTING SLEEVE - HYPERTHERM PMX105,0,,,,name,IM-001298,CNC MOUNTING SLEEVE HYPERTHERM PMX105,Nos,sheet has no unit,same name,
MM-20006,MIG NOZZLE 36 COPPER / STEEL CAP,-16,,,,suggest,,,,sheet has no unit,Similar catalog names,IM-001299 MIG NOZZLE 36 COPPER | IM-000353 MIG TORCH CAP | IM-000352 MIG CERAMIC CAP 1.2 | IM-001300 MIG TIPS 1.2 COPPER
MM-20007,MIG TIPS 1.2 COPPER,-28,,,36.5,name,IM-001300,MIG TIPS 1.2 COPPER,Nos,sheet has no unit,same name,
MM-20008,CARBAN BRUSHES - BROACH - TRIDENT 990004,4,,,1188,name,IM-001301,CARBAN BRUSHES BROACH TRIDENT 990004,Nos,sheet has no unit,same name,
MM-20009,RETAINING CAP OHMIC,0,,,,suggest,,,,sheet has no unit,Similar catalog names,IM-000344 RETAINING CAP MASURI PART NO 220953
BOI/21001,THERMIC FLUID HEATER STF-GF-1000 / NTG1000,0,,,,name,IM-001302,THERMIC FLUID HEATER STF-GF-1000 / NTG1000,Nos,sheet has no unit,same name,
BOI/21002,FILTER BAGS,0,,,,name,IM-001303,FILTER BAGS,Nos,sheet has no unit,same name,
BOI/21003,STEAM FLOW METERS - IBR - 25 MM,0,,,,name,IM-002516,STEAM FLOW METERS IBR 25 MM,Nos,sheet has no unit,same name,
BOI/21004,STEAM FLOW METERS - IBR - 40 MM,0,,,,name,IM-002517,STEAM FLOW METERS IBR 40 MM,Nos,sheet has no unit,same name,
BOI/21005,STEAM FLOW METERS - IBR - 50 MM,0,,,,name,IM-002518,STEAM FLOW METERS IBR 50 MM,Nos,sheet has no unit,same name,
BOI/21006,STEAM FLOW METERS - IBR - 65  MM,0,,,,name,IM-002519,STEAM FLOW METERS IBR 65 MM,Nos,sheet has no unit,same name,
BOI/21007,STEAM FLOW METERS - IBR - 80 MM,0,,,,name,IM-002520,STEAM FLOW METERS IBR 80 MM,Nos,sheet has no unit,same name,
BOI/21008,"HEATING ROPE TRACER 45 WATT  , 230V 5MM L",0,,,,none,,,,sheet has no unit,,
BOI/21009,"STEAM BOILER SMX-03, OIL-FIRED  CAP-300KG/HR",0,,,,none,,,,sheet has no unit,,
BOI/21020,OIL FLOW METER 4 - 20 MILI AMPS - 15 MM,0,,,,name,IM-002068,OIL FLOW METER 4 20 MILI AMPS 15 MM,Nos,sheet has no unit,same name,
BOI/21021,OIL FLOW METER 4 - 20 MILI AMPS - 20 MM,0,,,,name,IM-002069,OIL FLOW METER 4 20 MILI AMPS 20 MM,Nos,sheet has no unit,same name,
BOI/21022,OIL FLOW METER 4 - 20 MILI AMPS - 40 MM,0,,,,name,IM-002070,OIL FLOW METER 4 20 MILI AMPS 40 MM,Nos,sheet has no unit,same name,
BOI-21030,BURNERS - ECOFLAME MODEL - 120.1 PRE TL CODE - 3148190,0,,,,name,IM-001304,BURNERS ECOFLAME MODEL 120.1 PRE TL CODE 3148190,Nos,sheet has no unit,same name,
BOI-21031,TRANSFORMATION KIT CODE - 3143714,0,,,,name,IM-001305,TRANSFORMATION KIT CODE 3143714,Nos,sheet has no unit,same name,
BOI-21032,STEAM PROBE SENSOR CODE - QBE2003-P25,0,,,,name,IM-001306,STEAM PROBE SENSOR CODE QBE2003-P25,Nos,sheet has no unit,same name,
BOI-21033,"BACK PRESSURE REGULATING VALVE ( BPRV) 3/8""",0,,,,name,IM-001307,"BACK PRESSURE REGULATING VALVE (BPRV) 3/8""",Nos,sheet has no unit,same name,
BOI-21034,ELECTRODE OILFLAME 50 TO 120 65325418,0,,,,name,IM-001308,ELECTRODE OILFLAME 50 TO 120 65325418,Nos,sheet has no unit,same name,
BOI-21035,TRANSFORMER BRAHMA 65323222,0,,,,name,IM-001309,TRANSFORMER BRAHMA 65323222,Nos,sheet has no unit,same name,
BOI-21036,HT CABLE 10/20 ( BIG) 65321998,0,,,,name,IM-001310,HT CABLE 10/20 (BIG) 65321998,Nos,sheet has no unit,same name,
BOI-21037,PHOTO CELL QRB 1,0,,,,name,IM-001311,PHOTO CELL QRB 1,Nos,sheet has no unit,same name,
BOI-21038,MANOMETER OILFLAM 0-40X2,0,,,,name,IM-001312,MANOMETER OILFLAM 0-40X2,Nos,sheet has no unit,same name,
BOI-21039,LEVEL LIMIT SWITCH - 250 MM ( FOR BAG FILTER ),1,,,7200,name,IM-001313,LEVEL LIMIT SWITCH 250 MM (FOR BAG FILTER),Nos,sheet has no unit,same name,
BOI-21040,WELD MECH,0,,,,name,IM-001314,WELD MECH,Nos,sheet has no unit,same name,
BOI-21041,E.S.S-RM2211-NITD-CA-22-B30 ZERO SPEED SWT,0,,,,name,IM-001315,E.S.S-RM2211-NITD-CA-22-B30 ZERO SPEED SWT,Nos,sheet has no unit,same name,
BOI-21042,PIPE COPPER BONDED ELECTRODE,0,,,,name,IM-001316,PIPE COPPER BONDED ELECTRODE,Nos,sheet has no unit,same name,
BOI-21043,PT SENSOR WIRE PT-100,0,,,,none,,,,sheet has no unit,,
BOI-21044,EATHING STRIP GI 25W X 3T,45,,,95,decided,IM-003058,EARTHING STRIP GI 25 MM X 3 MM,Nos,sheet has no unit,checked by hand,
BOI-21045,"FILTER REG FOR AIR 1/2""",0,,,,suggest,,,,sheet has no unit,Similar catalog names,"IM-002983 FILTER REGULATOR FOR AIR 1/2"" BSP"
BOI-21046,LEVEL SENSOR,0,,,,suggest,,,,sheet has no unit,Similar catalog names,IM-002986 PROBE TYPE ASH LEVEL SENSOR | IM-002984 COUPLING FOR LEVEL SENSOR 40 NB BSP
BOI-21047,COMPENSATING CABLE,0,,,,none,,,,sheet has no unit,,
BOI-21048,LEVEL INDICATOR SS 20MM S/E,0,,,,suggest,,,,sheet has no unit,Similar catalog names,"IM-002912 LEVEL INDICATOR WITH TUBE, SS, F/E, 15 NB, C/C 1000 | IM-001651 WATER LEVEL GAUGE REFLEX TYPE, F/E, IBR, CC 250 X 20MM | IM-001652 WATER LEVEL GAUGE REFLEX TYPE, F/E, IBR, CC 300 X 20MM | IM-001653 WATER LEVEL GAUGE REFLEX TYPE, F/E, IBR, CC 350 X 20MM"
BOI-21049,3 CORE SENSOR WIRE TEFLON,0,,,,none,,,,sheet has no unit,,
BOI-21075,AUTO BLOW DOWN SYSTEM - 25 MM,0,,,,name,IM-001317,AUTO BLOW DOWN SYSTEM 25 MM,Nos,sheet has no unit,same name,
BOI-21076,AUTO BLOW DOWN SYSTEM - 40 MM,0,,,,name,IM-001318,AUTO BLOW DOWN SYSTEM 40 MM,Nos,sheet has no unit,same name,
BOI-21085,NOZZLE ROD 1110MM,0,,,,none,,,,sheet has no unit,,
BOI-21086,NOZZLE 125KG/HR,0,,,,none,,,,sheet has no unit,,
BOI-21087,"OIL PRESSURE REGULATOR 1/2""",0,,,,none,,,,sheet has no unit,,
BOI-21088,INLET PRESSURE  REGULATOR VALVE 20NB,0,,,,none,,,,sheet has no unit,,
BOI-21089,FILTER ELEMENT 20MM,0,,,,none,,,,sheet has no unit,,
BOI-21090,FILTE BODY WITHOUT ELEMENT,0,,,,none,,,,sheet has no unit,,
BOI-21091,MODULATING CONTROLLER PC-10 (220V),0,,,,none,,,,sheet has no unit,,
BOI-21092,MIUSC CONSUMANLES BASKET,0,,,,none,,,,sheet has no unit,,
BOI-21093,FO FIRE BURNER SET BLOCK BURNER -750W,0,,,,none,,,,sheet has no unit,,
BOI-21094,BURNER SEQUENCE CONTROLLER-307-CGED,1,,,7400,decided,IM-003059,BURNER SEQUENCE CONTROLLER 307-CGED,Nos,sheet has no unit,checked by hand,
BOI-21095,SULFAMIC ACID,0,,,,none,,,,sheet has no unit,,
BOI-21096,"DUAL FUEL BURNER UNIT SN-17631,17632",0,,,,none,,,,sheet has no unit,,
BOI-21097,"1054 PG 2.5"" T PENTAIR",0,,,,none,,,,sheet has no unit,,
BOI-21098,ION EXCHANGE RESIN 220NA,0,,,,none,,,,sheet has no unit,,
BOI-21099,DEAERATOR HEAD 200 NB FL150,0,,,,none,,,,sheet has no unit,,
BOI-21101,ETNY EG 65-50-200 PUMP SET,1,,,45500,decided,IM-003060,ETNY EG 65-50-200 PUMP SET,Nos,sheet has no unit,checked by hand,
BOI-21102,AUTOMATIC PIPE AND BAR CUTTING MACHINE,0,,,,none,,,,sheet has no unit,,
BOI-21103,COOK RING 1200MM ID  SA 516 GR. 70-HYDRA,0,,,,none,,,,sheet has no unit,,
BOI-21104,COOK RING DOOR 1200MM WITH HYDRA,0,,,,none,,,,sheet has no unit,,
BOI-21105,CONTROL PANNEL,0,,,,none,,,,sheet has no unit,,
BOI-21106,ETNY EG 65-40-200 PUMP SET,0,,,,suggest,,,,sheet has no unit,Similar catalog names,IM-003060 ETNY EG 65-50-200 PUMP SET
BOI-21107,PRESSURE SWITCH DIFFERENTIAL,0,,,,suggest,,,,sheet has no unit,Similar catalog names,IM-002260 PRESSURE SWITCH UT-5 | IM-002988 PRESSURE SWITCH UT-6 | IM-002261 PRESSURE SWITCH UT-10 | IM-002265 PRESSURE SWITCH RT-05
BOI-21108,10 CHANNEL TIMER,0,,,,none,,,,sheet has no unit,,
BOI-21109,"JANATICS 1/2"" REGULATOR",0,,,,none,,,,sheet has no unit,,
BOI-21110,BRASS FITTING 1/4 X 8,0,,,,none,,,,sheet has no unit,,
BOI-21111,BALL VALVE MATRIX 1/2,0,,,,suggest,,,,sheet has no unit,Similar catalog names,"IM-001545 BALL VALVE, CS, S/E, NONIBR-15 MM | IM-001546 BALL VALVE, CS, S/E, NONIBR-25 MM | IM-001547 BALL VALVE, CS, S/E, NONIBR-40 MM | IM-001548 BALL VALVE, CS, S/E, NONIBR-50 MM"
BOI-21112,30/20 AIR COOLED PUMP,0,,,,none,,,,sheet has no unit,,
BOI-21113,TYRE COUPLING T5 LOVJOY,0,,,,suggest,,,,sheet has no unit,Similar catalog names,IM-001286 LOVJOY / STAR COUPLING 25 MM | IM-001287 LOVJOY / STAR COUPLING 40 MM | IM-001288 LOVJOY / STAR COUPLING 50 MM | IM-001289 LOVJOY / STAR COUPLING 80 MM
