kind,quotation number,customer,quotation date,subtotal,grand total,detail
"not_found_in_db","SB/QTN/16323/2026-27","Viaxel International LLP","28-Sep-2026","3170000","3170000",""
"not_found_in_db","STF/QTN/2462/2026-27","AUROX REGEN P LTD","26-Sep-2026","5495000","5495000",""
"not_found_in_db","SB/QTN/16318/2026-27","Neotech Boilers Pvt Ltd","24-Sep-2026","2305000","2305000",""
"not_found_in_db","SB/QTN/16310-R1-NRP/26-27","RE SUSTAINABILITY LIMITED","22-Sep-2026","1559560","1559560",""
"not_found_in_db","SB/QTN/TEST ","TEST - PUJAN","14-Sep-2026","820000","820000",""
"not_found_in_db","SB/QTN/16291/2026-27","K.C. Engineers Limited","04-Sep-2026","740000","740000",""
"not_found_in_db","SB/QTN/16288/2026-27","Trikone Argo Pvt. Ltd.","03-Sep-2026","2490000","2490000",""
"not_found_in_db","SB/QTN/16285/2026-27-F","Creamline Dairy Products Ltd","02-Sep-2026","550000","550000",""
"not_found_in_db","STF/QTN/2443 F/2026-27 NRP","Neotech Boilers Pvt Ltd","01-Sep-2026","4612500","4612500",""
"not_found_in_db","STF/QTN/2442 F/2026-27-NRP","Neotech Boilers Pvt Ltd","01-Sep-2026","3644900","3644900",""
"not_found_in_db","SB/QTN/16268/2026-27","Spanex Fibertech Private Limited","21-Aug-2026","1020000","1020000",""
"not_found_in_db","SB/QTN/16268/2026-27","Ovobel Foods Limited","19-Aug-2026","55000","55000",""
"not_found_in_db","STF/QTN/2423/2026-27","Iyantra Industries","07-Aug-2026","3982000","3982000",""
"not_found_in_db","SB/QTN/16237/2026-27-F","RE SUSTAINABILITY LIMITED","31-Jul-2026","621150","509343",""
"not_found_in_db","SB/16231/2026-2027","VEERCHEMIE AND AROMATICS P LTD","22-Jul-2026","245715","201486.3",""
"not_found_in_db","SB/16227/2^-27","RE SUSTAINABILITY LIMITED","21-Jul-2026","2140000","1754800",""
"not_found_in_db","STF/QTN/2405/2026-27","SARVANI LABS P LTD","20-Jul-2026","4845000","4845000",""
"not_found_in_db","STF/QTN/16226/2026-27","H S ENGINEERING","20-Jul-2026","985000","985000",""
"not_found_in_db","SB/QTN/16223/2026-27","Neotech Boilers Pvt Ltd","14-Jul-2026","2500000","2500000",""
"not_found_in_db","STF/QTN/2404/2026-27","Neotech Boilers Pvt Ltd","14-Jul-2026","3600000","3600000",""
"not_found_in_db","STF/QTN/2302 A/2026-27","ORION CHEMICAL","13-Jul-2026","8170000","8170000",""
"not_found_in_db","SB/QTN/16116 B/2026-27-R1","Creamline Dairy Products Ltd","16-May-2026","1910000","1910000",""
"not_found_in_db","SB/QTN/16135/2026-27","I TECH EQUIPMENTS","08-May-2026","1385000","1385000",""
"not_found_in_db","SB/QTN/16116 A/2026-27-R1","Creamline Dairy Products Ltd","24-Apr-2026","1910000","1910000",""
"not_found_in_db","SB/QTN/16109/2026-27","DHEERAJ","22-Apr-2026","562500","562500",""
"not_found_in_db","STF/QTN/2306-B-R1-NRP/26-27","SR INFRA MART","16-Apr-2026","3999400","3279508",""
"not_found_in_db","STF/QTN/2353/2026-27","Neotech Boilers Pvt Ltd","10-Apr-2026","9165000","9165000",""
"not_found_in_db","STF/QTN/2258-R8-NRP-F/25-26 ","VB Medicare","08-Apr-2026","4510000","4510000",""
"not_found_in_db","SB/QTN/16093/2026-27","Vijaya Dairy  - TSDDCF LTD","08-Apr-2026","12750","10455",""
"not_found_in_db","SB/QTN/16086/2025-26","Etico Chemicals P Ltd","01-Apr-2026","357000","292740",""
"not_found_in_db","SB/QTN/16076-F/25-26 ","Tallampally Rubbers Pvt. Ltd.","24-Mar-2026","182850","149937",""
"not_found_in_db","SB/QTN/16076-F/25-26","TWC Services","20-Mar-2026","22250","19557.75",""
"not_found_in_db","SB/QTN/16066/2025-26","R S ENTERPRISES","16-Mar-2026","315000","315000",""
"not_found_in_db","STF-QTN/2323-F/25-26","VIDYA HERBS PVT. LTD","26-Feb-2026","4157700","4157700",""
"not_found_in_db","SB/QTN/16041/2025-26","Sagar","21-Feb-2026","725000","725000",""
"not_found_in_db","SB/QTN/16030/25-26-R1","RE Sustainability Limited","13-Feb-2026","37400","30668",""
"not_found_in_db","SB/QTN/16012-F/25-26","RANSH PHARMA PRIVATE LIMITED","01-Feb-2026","701250","701250",""
"not_found_in_db","SB/QTN/16001R2/2026","RE SUSTAINABILITY LIMITED","30-Jan-2026","650000","571350",""
"not_found_in_db","SB/QTN/15996/2025-26","Vijaya Dairy  - TSDDCF LTD","19-Jan-2026","4950","4950",""
"not_found_in_db","SB/QTN/15991-F/25-26 ","OK PLYWOOD","15-Jan-2026","862400","862400",""
"not_found_in_db","SB/QTN/15988/2025-26-F","VK DAIRY","13-Jan-2026","31450","25789",""
"not_found_in_db","SB/QTN/15971/202526-F","Creamline Dairy Products Limited","23-Dec-2025","41400","41400",""
"not_found_in_db","SB/QTN/2291/2025-26-F","GK INDUSTRIES","19-Dec-2025","1440000","1440000",""
"not_found_in_db","SB/QTN/15967/2025-26","TOFFLON (INDIA) PRIVATE LIMITED","17-Dec-2025","5500","4510",""
"not_found_in_db","SB/QTN/15966/2025-26","Creamline Dairy Products Ltd","16-Dec-2025","51187.5","41973.75",""
"not_found_in_db","STF/2237A/2025-26-F-NRP","Etico Chemicals P Ltd","04-Dec-2025","2900000","2378000",""
"not_found_in_db","SB/QTN/15957/2025-26-R1","Pearl Beverages Ltd","03-Dec-2025","36000","29520",""
"not_found_in_db","STF/QTN/2219-B-R2-F/25-26 ","Iyantra Industries","18-Nov-2025","4200000","4200000",""
"not_found_in_db","SBH-15925R3/2025-26","S S POULTRY P LTD","06-Nov-2025","362350","348435.76",""
"not_found_in_db","SBH/15925R2/2025-26","S S POULTRY P LTD","29-Oct-2025","562500","630000",""
"not_found_in_db","SB/QTN/15920/2025-26","SM feeds","24-Oct-2025","900000","900000",""
"not_found_in_db","SB/QTN/2264 F /2025-26-F","KC Enterprises","23-Oct-2025","2083500","2083500",""
"not_found_in_db","SB/QTN/15900/2025-26","M S TRADING","07-Oct-2025","192104","157525.28",""
"not_found_in_db","STF/QTN/2178-B/25-26 ","Teamech","29-Sep-2025","4190000","4190000",""
"not_found_in_db","STF/QTN/2246 A/2025-26","R.K.S. Industries","16-Sep-2025","3265000","3265000",""
"not_found_in_db","STF/QTN/2246 B/2025-26","R.K.S. Industries","16-Sep-2025","3165000","3165000",""
"not_found_in_db","SB/QTN/15870/2025-26","VV Foods","04-Sep-2025","106250","106250",""
"not_found_in_db","SB/QTN/15868/2025-26","R R LABORATORIES","03-Sep-2025","369160","369160",""
"not_found_in_db","SB/QTN/15856/2025-26","R R LABORATORIES","25-Aug-2025","5000","4100",""
"not_found_in_db","SB/QTN/15841-F/25-26","Teamech","15-Aug-2025","1904500","1904500",""
"not_found_in_db","SB/QTN/15838/2025-26","Creamline Dairy Products Ltd","12-Aug-2025","13500","13500",""
"not_found_in_db","SB/QTN/15826/2025-26","Verdant Agro","04-Aug-2025","14000","14000",""
"not_found_in_db","SB/QTN/15826/2025-26","VERDANT PHARMA PVT LTD.","30-Jul-2025","14000","14000",""
"not_found_in_db","SB/QTN/15816/2025-26","Neotech Boilers Pvt Ltd","23-Jul-2025","1595000","1595000",""
"not_found_in_db","SB/QTN/15815/2025-26","Neotech Boilers Pvt Ltd","23-Jul-2025","2135000","2135000",""
"not_found_in_db","SB/QTN/15813/2025-26","M S TRADERS","22-Jul-2025","14520","14520",""
"not_found_in_db","SB/QTN/15794 B/2025-26-F","S S Technologies","21-Jul-2025","1470000","1470000",""
"not_found_in_db","STF/QTN/2204/2025-26-F","BS Engineering","18-Jul-2025","2452500","2452500",""
"not_found_in_db","SB/QTN/15804/2025-26","Neotech Boilers Pvt Ltd","10-Jul-2025","2371500","2371500",""
"not_found_in_db","STF/QTN/2189/2025-26-F","Neotech Boilers Pvt Ltd","01-Jul-2025","3772000","3772000",""
"not_found_in_db","SB/QTN/15789/2025-26","Ambadas Gajula","23-Jun-2025","1225000","1225000",""
"not_found_in_db","STF/QTN/2173/2025-26","OM Plywood","16-Jun-2025","2680000","2680000",""
"not_found_in_db","SB/QTN/2169/2025-26-NRP","Neotech Boilers Pvt Ltd","12-Jun-2025","4342500","4342500",""
"not_found_in_db","SB/QTN/15777-F/2024-25","RHICONEX SOLUTIONS","12-Jun-2025","52800","43296",""
"not_found_in_db","SB/QTN/15777-F/2024-25","GM Agro & Beverages (I) Pvt Ltd","11-Jun-2025","52800","43296",""
"not_found_in_db","STF/QTN/2156-R2-F/2025-26","RG ECO BLOCKS","24-May-2025","1950000","1950000",""
"not_found_in_db","SB/QTN/15743/2025-26","Veer Chemie & Aromatics Pvt Ltd.,","06-May-2025","850000","850000",""
"not_found_in_db","SB/QTN/15054-R1-F/24-25","Oil Palm India Ltd","15-Apr-2025","316273","259343.86",""
"not_found_in_db","SB/QTN/15726 A/2025-26","Neotech Boilers Pvt Ltd","14-Apr-2025","735000","735000",""
"not_found_in_db","SB/QTN/15726 B/2025-26","Neotech Boilers Pvt Ltd","14-Apr-2025","880000","880000",""
"not_found_in_db","15722","Fortune Engineers","11-Apr-2025","2500000","2500000",""
"not_found_in_db","SB/QTN/15699 F/2024-25-R1","RK Industries","03-Apr-2025","194947.5","194947.5",""
"not_found_in_db","SB/QTN/15698/2024-25","Karimnagar Dairy, The managing Director Milk  Products Factroy","19-Mar-2025","16650","13653",""
"not_found_in_db","SB/QTN/14977-R1-F/24-25","VV Foods","13-Mar-2025","1821000","1821000",""
"not_found_in_db"," SB/QTN/15687 F/2024-25 D","FERMAC BIO PRIVATE LTD","10-Mar-2025","229600","188272",""
"not_found_in_db","SB/QTN/15162-R3/24-25","Oil Palm India Ltd","07-Mar-2025","2250000","2250000",""
"not_found_in_db","SB/QTN/15667 F/2024-25","Sri Ganapathy power laundry","03-Mar-2025","1445000","1445000",""
"not_found_in_db","SB/QTN/15674 F/2025","SREE FRUIT","01-Mar-2025","47600","47600",""
"not_found_in_db","SB/QTN/15667 F/2024-25","LIFE LINE SPRINGS","24-Feb-2025","20250","20250",""
"not_found_in_db","SB/QTN/15163/2024-25","Mahakal Papad Udyog","18-Feb-2025","552500","552500",""
"not_found_in_db","SB/QTN/15164/2024-25","SG Foods","18-Feb-2025","1174800","1174800",""
"not_found_in_db","SB/QTN/15162/24-25","Oil Palm India Ltd","15-Feb-2025","1650000","1650000",""
"not_found_in_db","2083","Fortune Engineers","12-Feb-2025","1800000","1476000",""
"not_found_in_db","STF/QTN/2081 F/2024-25-NRP-R1","Neotech Boilers Pvt Ltd","01-Feb-2025","5895800","5895800",""
"not_found_in_db","SB/QTN/15129/2024-25-R2","M S TRADERS","23-Jan-2025","56920","46674.4",""
"not_found_in_db","SB/QTN/15130/2024-25","Kartheek","22-Jan-2025","525000","525000",""
"not_found_in_db","SB/QTN/15129/2024-25","M S TRADERS","21-Jan-2025","86000","70520",""
"not_found_in_db","STF/QTN/2069/2024-25-NRP","NEOTECH ENERGY SYSTEMS PVT LTD","20-Jan-2025","4801100","4801100",""
"not_found_in_db","SB/QTN/15126-NRP/24-25 ","Neotech Boilers Pvt Ltd","19-Jan-2025","1970250","1970250",""
"not_found_in_db","STF/QTN/2066-NRP/24-25","Neotech Boilers Pvt Ltd","18-Jan-2025","3413900","3413900",""
"not_found_in_db","STF/QTN/2064 F/2024-25","S N ENGINEERING","17-Jan-2025","769500","769500",""
"not_found_in_db","STF/QTN/2065 F/2024-25","S N ENGINEERING","17-Jan-2025","2025000","2025000",""
"not_found_in_db","SB/QTN/15121/2024-25","M K ENGINEERING WORKS","16-Jan-2025","525000","525000",""
"not_found_in_db","SB/QTN/15120F/2024-25","Saha Enterprise And Engineering Nadia","13-Jan-2025","594000","594000",""
"not_found_in_db","15114B","SYNDIC CONSULTING ENGINEERS & TECHNOLOGIES PVT LTD","10-Jan-2025","1098250","1098250",""
"not_found_in_db","STF/QTN/2059 F/2024-25","Pravasha Dairy","07-Jan-2025","2605500","2605500",""
"not_found_in_db","SB/QTN/15107F/2024-25","Sandeep","04-Jan-2025","697500","697500",""
"not_found_in_db","SB/QTN/15103 F/2024-25-R1","R RAVI","01-Jan-2025","1278000","1278000",""
"not_found_in_db","SB/QTN/15103/2024-25","R RAVI","31-Dec-2024","1250000","1250000",""
"not_found_in_db","SB/QTN/15104/ 2024-25","R RAVI","31-Dec-2024","775000","775000",""
"not_found_in_db","STF/QTN/2047 F/2024-25","Dorasani Life Sciences Pvt Ltd","23-Dec-2024","3906000","3906000",""
"not_found_in_db","SB/QTN/15080/2024-25 -R2 DNP","Neotech Boilers Pvt Ltd","18-Dec-2024","287680","235897.6",""
"not_found_in_db","2045-SB-SF-150","Rr Rubber","12-Dec-2024","2125200","2125200",""
"not_found_in_db","2031-Final Offer ","Fortune Engineers","11-Dec-2024","2707250","2707250",""
"not_found_in_db","2035B","Fortune Engineers","11-Dec-2024","1929500","1929500",""
"not_found_in_db","15014B","M/s Vilasitha Chicken Processing Plant","09-Dec-2024","125375","125375",""
"not_found_in_db","STF/QTN/2039F/2024-25","Neotech Boilers Pvt Ltd","09-Dec-2024","1687500","1687500",""
"not_found_in_db","SB/QTN/15083 F/2024-25","Aisha Enterprise","09-Dec-2024","909000","909000",""
"not_found_in_db","SB/QTN/15058-R1-F/24-25","Trendy Foods Pvt Ltd","04-Dec-2024","1600000","1600000",""
"not_found_in_db","SB/QTN/15063/24-25","Nagarjuna Cerachem (P) Ltd","02-Dec-2024","14100","14100",""
"not_found_in_db","SB/QTN/15060/24-25","VANNSH LIFESCIENCES","28-Nov-2024","50650","41533",""
"not_found_in_db","SB/QTN/15055/24-25","Compass India Food Services Pvt. Ltd","27-Nov-2024","550000","550000",""
"not_found_in_db","SB/QTN/15057/2024-25","Neotech Boilers","27-Nov-2024","2085000","2085000",""
"not_found_in_db","SB/QTN/15051-F/2024-25","Creamline Dairy Products Ltd","21-Nov-2024","9000","9000",""
"not_found_in_db","STF/QTN/2026 F/2024-25","KBT Enterprise","19-Nov-2024","3496500","3496500",""
"not_found_in_db","STF/QTN/2010-F/24-25","Mahakal Papad Udyog","21-Oct-2024","0","0",""
"not_found_in_db","SB/QTN/15020/24-25","Viwynpharma pvt ltd","18-Oct-2024","410000","336200",""
"not_found_in_db","15014","M/s Vilasitha Chicken Processing Plant","09-Oct-2024","640000","640000",""
"not_found_in_db","15014","M/s Vilasitha Chicken Processing Plant","03-Oct-2024","806400","806400",""
"not_found_in_db","1095","M/s Maitree Rice mill","26-Sep-2024","3058000","3058000",""
"not_found_in_db","SB/QTN/15007-F/24-25","Rk Traders","23-Sep-2024","598500","598500",""
"not_found_in_db","15002","OEM SREE GANESH ERECTORS AND FABRICATORS","17-Sep-2024","1710000","1710000",""
"not_found_in_db","STF/QTN/1080 F/2024-25","Maitree Rice Mill","12-Sep-2024","2403000","2403000",""
"not_found_in_db","15000","Flowline","10-Sep-2024","106000","106000",""
"not_found_in_db","1078","OEM SREE GANESH ERECTORS AND FABRICATORS","10-Sep-2024","8335000","8335000",""
"not_found_in_db","SB/QTN/14998-F/2024-25","Bera Enterprises","09-Sep-2024","913500","913500",""
"not_found_in_db","14996","RE Sustainability Limited,","08-Sep-2024","7045000","7045000",""
"not_found_in_db","1066","Flowline","17-Aug-2024","2720000","2720000",""
"not_found_in_db","SB/QTN/1064-A- F/2024-25","SD ENTERPRISES","12-Aug-2024","3014000","3014000",""
"not_found_in_db","STF/QTN/1064 B-F/2024-25","SD ENTERPRISES","12-Aug-2024","2816000","2816000",""
"not_found_in_db","14836R3","Vera Life Sciences","09-Aug-2024","2402400","2402400",""
"not_found_in_db","15000","M/s Sarvodaya","08-Aug-2024","1615000","1615000",""
"not_found_in_db","15002","M/s Sathavahana Breeding & Hatcheries P Ltd","08-Aug-2024","2105000","2105000",""
"not_found_in_db","14981B","Flowline","30-Jul-2024","580000","580000",""
"not_found_in_db","STF/QTN/1056-F/24-25","Shiv Ganga Namkeen","27-Jul-2024","0","0",""
"not_found_in_db","14981","Flowline","26-Jul-2024","250000","250000",""
"not_found_in_db","STF/QTN/1056-F/24-25","Dheeraj Kumar Dua","26-Jul-2024","2059200","2059200",""
"not_found_in_db","STF/QTN/1050-F/24-25","Escalate India","25-Jul-2024","2213200","2213200",""
"not_found_in_db","14836R2","Vera Life Sciences","25-Jul-2024","2505125","2505125",""
"not_found_in_db","STF/QTN/1050-F/24-25","Escalate India","23-Jul-2024","2213200","2213200",""
"not_found_in_db","14980B","Nile Li-Cycle Pvt Ltd","20-Jul-2024","1337500","1337500",""
"not_found_in_db","1048","M/s Nagarjuna Cerachem (P) Ltd","19-Jul-2024","2921600","2921600",""
"not_found_in_db","14973","Nile Li-Cycle Pvt Ltd","18-Jul-2024","1132500","1189125",""
"not_found_in_db","14836R1","Vera Life Sciences","18-Jul-2024","2557500","2557500",""
"not_found_in_db","STF/QTN/1044-F/24-25","RS Industries","18-Jul-2024","2907000","2907000",""
"not_found_in_db","SB/QTN/14963/24-25","Neotech Boilers Pvt Ltd","16-Jul-2024","487500","487500",""
"not_found_in_db","STF/QTN/1039/24-25","US ENTERPRISES","08-Jul-2024","2375000","2375000",""
"not_found_in_db","SB/QTN/14953-F/24-25 ","Srinivasa Farms Pvt. Ltd","08-Jul-2024","129000","129000",""
"not_found_in_db","STF/QTN/1038-F/24-25","US ENTERPRISES","08-Jul-2024","1875000","1875000",""
"not_found_in_db","SB/QTN/14946/24-25","KEP Engineering Services Pvt Ltd","03-Jul-2024","1242500","1242500",""
"not_found_in_db","SB/QTN/14948-F/24-25","Creamline Dairy Products Ltd","02-Jul-2024","16335","13394.7",""
"not_found_in_db","STF/QTN/1038-F/24-25","Sri Aparna Group of Industries","02-Jul-2024","1640000","1640000",""
"not_found_in_db","SB/QTN/14921/24-25","Son Mark Food Private Limited","22-Jun-2024","1150000","943000",""
"not_found_in_db","SB/QTN/14917/24-25","Subbu Milk Products","19-Jun-2024","1731000","1419420",""
"not_found_in_db","SB/QTN/14000-F/24-25 ","Test","15-Jun-2024","378000","378000",""
"not_found_in_db","SB/QTN/14887 R1/24-25","JP  CRETE  AAC Block","07-Jun-2024","1600000","1312000",""
"not_found_in_db","STF/QTN/1014 R1/24-25","JP  CRETE  AAC Block","07-Jun-2024","2600000","2132000",""
"not_found_in_db","SB/QTN/14902-R1-F/24-25","Srinivasa Farms Pvt. Ltd","07-Jun-2024","993184","993184",""
"not_found_in_db","SB/QTN/14897 /24-25","Anapurna Traders (Noodles)","04-Jun-2024","1195000","979900",""
"not_found_in_db","SB/QTN/14889/24-25","Jinkushal Agrotech Rice","01-Jun-2024","515000","422300",""
"not_found_in_db","STF/QTN/1014/24-25","JP  CRETE  AAC Block","01-Jun-2024","2500000","2050000",""
"not_found_in_db","STF/QTN/1015/24-25","Jinkushal Agrotech Rice","01-Jun-2024","4200000","3444000",""
"not_found_in_db","SB/QTN/14277A /23-24","Sri Lakshmi Narasimha soaps and oil manufactures","31-May-2024","214950","176259",""
"not_found_in_db","14868","Flowline","24-May-2024","450000","369000",""
"not_found_in_db","SB/QTN/14863/24-25","KEP Engineering Services Pvt.Ltd.","23-May-2024","887500","727750",""
"not_found_in_db","SB/QTN/14488 R1/23-24","AR Feeds","22-May-2024","1236000","1013520",""
"not_found_in_db","SB/QTN/14849/24-25","Husk Global","20-May-2024","775000","635500",""
"not_found_in_db","SB/QTN/14836/24-25","Vera Life Sciences","15-May-2024","3075000","2521500",""
"not_found_in_db","SB/QTN/14816/24-25","Nisarg Bio","14-May-2024","47500","38950",""
"not_found_in_db","SB/QTN/14833/24-25","Mahalaxmi Suppliers","14-May-2024","2560000","2099200",""
"not_found_in_db","SB/QTN/14818R6/24-25","Ashim Kumar Bharma","04-May-2024","1755500","1439510",""
"not_found_in_db","SB/QUO/14816-F/24-25","Nisarg Bio","02-May-2024","44175","44175",""
"not_found_in_db","SB/QTN/14810A /24-25","S.A. Industries","02-May-2024","1743000","1429260",""
"not_found_in_db","S A V EXPERT -SBH-SF-300-17B-14509C-24-25","Flowline","27-Apr-2024","4175000","4175000",""
"not_found_in_db","SB/QTN/14743-CP-R2-F/24-25","Vijay Foundation","22-Apr-2024","1000000","820000",""
"not_found_in_db","SB/QTN/14733-C/24-25","Neotech Boilers Pvt Ltd","14-Apr-2024","5950000","5950000",""
"not_found_in_db","SB/QTN/14761/24-25","Wise Owl Beverages Pvt Ltd","10-Apr-2024","737500","604750",""
"not_found_in_db","14607B-Commercial Offer ","M/s EKTA Engineers","30-Mar-2024","1105280","1105280",""
"not_found_in_db","SB/QTN/14740/23-24","S2 Engineering","28-Mar-2024","6035000","4948700",""
"not_found_in_db","SB/QTN/14741-F /24-25","NEOTECH BOILERS PRIVATE LIMITED","28-Mar-2024","637500","522750",""
"not_found_in_db","14607A-CUM","M/s EKTA Engineers","09-Mar-2024","1331000","1331000",""
"not_found_in_db","14698A","M/s ADITYA ENGINEERING","01-Mar-2024","2320000","1902400",""
"not_found_in_db","14698B-COMMERCIAL","M/s ADITYA ENGINEERING","01-Mar-2024","4550000","4550000",""
"not_found_in_db","SB/QTN/14659/23-24","Compass India Food Services Pvt Ltd","08-Feb-2024","724500","594090",""
"not_found_in_db","SB/QTN/14513/23-24","M/s.Nosch Labs Private Limited (100% EOU)","29-Jan-2024","160800","131856",""
"not_found_in_db","SB/QTN/14643/23-24","NEOTECH ENERGY SYSTEMS PVT LTD","27-Jan-2024","2565000","2103300",""
"not_found_in_db","SB/QTN/14640 R2/23-24","FARMICO COMMODITIES PVT LTD","25-Jan-2024","493970","405055.4",""
"not_found_in_db","SB/QTN/14629/23-24","Neotech Boilers","20-Jan-2024","2710000","2710000",""
"not_found_in_db","SB/QTN/14626/23-24","Orissa Concrete and  Allied Industries Ltd","19-Jan-2024","2040000","1672800",""
"not_found_in_db","SB/QTN/14620/23-24","FARMICO COMMODITIES PVT LTD","17-Jan-2024","1030500","845010",""
"not_found_in_db","SB/QTN/14608/23-24","Bhavani Seeds Pvt Ltd","11-Jan-2024","1820000","1492400",""
"not_found_in_db","SB/QTN/13730 R2/22-23","Vajraasi Pharama Pvt Ltd","11-Jan-2024","2760000","2263200",""
"not_found_in_db","SB/QTN /14612-F/23-24","NN Enterprises","11-Jan-2024","724200","724200",""
"not_found_in_db","SB/QTN/14605R1 F/23-24","K.B.R INDUSTRIES","10-Jan-2024","1950000","1599000",""
"not_found_in_db","SB/QTN/13730 R2/22-23","Vajraasi Pharama Pvt Ltd","08-Jan-2024","2760000","2263200",""
"not_found_in_db","SB/QTN/14589/23-24","Jindal Naturecure Institute","01-Jan-2024","1370000","1123400",""
"not_found_in_db","SB/QTN/14581/23-24","Standard Reagents Pvt. Ltd.","30-Dec-2023","30258","24811.56",""
"not_found_in_db","SB/QTN/14432-R2-F/23-24","Krishna AAC Block Industry","25-Dec-2023","2388000","2388000",""
"not_found_in_db","SB/QTN/14538/23-24","SS Engineers India","11-Dec-2023","649500","532590",""
"not_found_in_db","SB/QTN/14538/23-24","YAMA RIBBON","10-Dec-2023","5680000","5680000",""
"not_found_in_db","SB/QTN/CP 14523/23-24","Abhishek","01-Dec-2023","2610000","2140200",""
"not_found_in_db","SB/QTN/14434 F/23-24","RANSH PHARMA PRIVATE LIMITED","01-Dec-2023","210000","172200",""
"not_found_in_db","SB/QTN/14506/23-24","AR Agro Industries","25-Nov-2023","10075000","10075000",""
"not_found_in_db","SB/QTN/14505/23-24","SN ENGINEERING","25-Nov-2023","875000","717500",""
"not_found_in_db","SB/QTN/14484/23-24","Sri Mallikarjuna Chemicals Pvt. Ltd","14-Nov-2023","36567","29984.94",""
"not_found_in_db","SB/QTN/14488/23-24","AR Feeds","14-Nov-2023","6625000","6625000",""
"not_found_in_db","SB/QTN/14484/23-24","Sri Mallikarjuna Chemicals Pvt. Ltd","13-Nov-2023","32820","26912.4",""
"not_found_in_db","SB/QTN/14309-R3-F/23-24","DHANSHREE PACKAING","07-Nov-2023","825000","676500",""
"not_found_in_db","SB/QTN/14467/23-24","SG RICE MILL","02-Nov-2023","44000","36080",""
"not_found_in_db","SB/QTN/14435/23-24","Sangam Dairy","21-Oct-2023","260000","213200",""
"not_found_in_db","SB/QTN/14422/2324","RR Soura Shakti Pvt. Ltd","18-Oct-2023","2340000","1918800",""
"not_found_in_db","SB/QTN/14413/23-24/CP","JP Industries","11-Oct-2023","2303750","2303750",""
"not_found_in_db","SB/QTN/14408/23-24","Saishreya Products Pvt. Ltd","07-Oct-2023","2475000","2029500",""
"not_found_in_db","SB/QTN/14387/23-24","BUYER","29-Sep-2023","2106000","1726920",""
"not_found_in_db","SB/QTN/14377/23-24","Om Enterprises","26-Sep-2023","1143000","937260",""
"not_found_in_db","SB/QTN/14362/23-24","SG RICE MILL","19-Sep-2023","2315000","1898300",""
"not_found_in_db","SB/QTN/14353 B/23-24","AKSHATA TRADE LINKS","14-Sep-2023","2535000","2078700",""
"not_found_in_db","SB/QTN/14353/23-24","AKSHATA TRADE LINKS","14-Sep-2023","2355000","1931100",""
"not_found_in_db","SB/QTN/14309/23-24","DHANSHREE PACKAING","09-Sep-2023","4090000","3353800",""
"not_found_in_db","14323A","M/s. MYTHRRI GLOBAL SILICATE","01-Sep-2023","1475000","1475000",""
"not_found_in_db","SB/QTN/14322/23-24","Arvais Natures Products Pvt. Ltd","31-Aug-2023","48600","39852",""
"not_found_in_db","SB/QTN/14322/23-24","New Sri Krishna Dairy","30-Aug-2023","1183500","970470",""
"not_found_in_db","SB/QTN/14310/23-24","Sri Mallikarjuna Chemicals","23-Aug-2023","204000","167280",""
"not_found_in_db","SB/QTN/14309/23-24","DHANSHREE PACKAING","22-Aug-2023","4090000","3353800",""
"not_found_in_db","SB/QTN/14287/23-24","RANSH PHARMA PRIVATE LIMITED","10-Aug-2023","58520","47986.4",""
"not_found_in_db","14269R1","OEM Nispra Management","10-Aug-2023","705075","705075",""
"not_found_in_db","SB/QTN/13621 A /23-24","Accrete Pharmaceuticals Pvt Ltd","08-Aug-2023","7950000","7950000",""
"not_found_in_db","SB/QTN/14277A /23-24","Yama Ribbon","05-Aug-2023","3945000","3234900",""
"not_found_in_db","14269","OEM Nispra Management","01-Aug-2023","832500","832500",""
"not_found_in_db","SB/QTN/14216-BK-F/23-24","S & S Enterprises","28-Jul-2023","9699000","7953180",""
"not_found_in_db","14247","Parker Hannifin India Pvt. Ltd","26-Jul-2023","1298000","1298000",""
"not_found_in_db","SB/QTN/14217/23-24","JM Prasad","14-Jul-2023","1620000","1620000",""
"not_found_in_db","SB/QTN/14216-R2-F/23-24","S & S Enterprises","13-Jul-2023","5409000","5409000",""
"not_found_in_db","SB/QTN/14208/23-24","Enal Drugs Private Limited","08-Jul-2023","185500","185500",""
"not_found_in_db","SB/QTN/14196/23-24","K N Rubber","03-Jul-2023","1395000","1143900",""
"not_found_in_db","13797B","M/s. Canva Bio","03-Jul-2023","1487250","1487250",""
"not_found_in_db","14137B","M/s .Solvent Distillation","26-Jun-2023","3180000","3180000",""
"not_found_in_db","SB/QTN/14155/23-24","LV Prasad Pre Fan Constructions","22-Jun-2023","2178000","1785960",""
"not_found_in_db","SB/QTN/13893/23-24","Rs Foods","22-Jun-2023","747500","612950",""
"not_found_in_db","SB/QTN/14155/23-224","LV Prasad Pre Fan Constructions","17-Jun-2023","1491600","1223112",""
"not_found_in_db","SB/QTN/14145/23-24","Shree Jaya Laboratories (P) Ltd.,","16-Jun-2023","225000","184500",""
"not_found_in_db","14137-Commercial ","M/s .Solvent Distillation","15-Jun-2023","1257500","1257500",""
"not_found_in_db","SB/QTN/14126/23-24","SS POULTRY","09-Jun-2023","1415000","1160300",""
"not_found_in_db","SB/QTN/13757-R1 /23-24                            ","NEOTECH BOILERS PRIVATE LIMITED","30-May-2023","3025000","2480500",""
"not_found_in_db","13979C-BOP-AF600","Sailaja Foods","23-May-2023","2900000","2900000",""
"not_found_in_db","SB/QTN/14083 B/22-23","Sri Srithik Dairy Products Pvt Ltd","22-May-2023","1143000","937260",""
"not_found_in_db","SB/QTN/14083/22-23","Sri Srithik Dairy Products Pvt Ltd","22-May-2023","1255500","1029510",""
"not_found_in_db","SB/QTN/14080/23-24","VB Medicare private limited","19-May-2023","1800000","1476000",""
"not_found_in_db","SB/QTN/14072/22-23","Creamline Dairy Products Limited","17-May-2023","28500","23370",""
"not_found_in_db","SB/QTN/14062/22-23","RANSH PHARMA PRIVATE LIMITED","15-May-2023","108000","88560",""
"not_found_in_db","14055A","M/s. Blue Hawk Life Sciences Pvt Ltd","12-May-2023","2680000","2680000",""
"not_found_in_db","14055B","M/s. Blue Hawk Life Sciences Pvt Ltd","12-May-2023","3080000","3080000",""
"not_found_in_db","SB/QTN/14031/22-23","Veer Chemie & Aromatics Pvt Ltd.,","09-May-2023","270000","221400",""
"not_found_in_db","14030","Creamline Dairy Products Ltd","07-May-2023","620000","620000",""
"not_found_in_db","SB/QTN/14018/22-23","National Plywood & Veneer","04-May-2023","3540000","2902800",""
"not_found_in_db","13915D","FERMAC BIO PRIVATE LTD","24-Apr-2023","642400","642400",""
"not_found_in_db","SB/QTN/13632/22-23","KASHI ANMATES","22-Apr-2023","3410000","2796200",""
"not_found_in_db","1315C-Final Cum Offer ","FERMAC BIO PRIVATE LTD","19-Apr-2023","8769250","8769250",""
"not_found_in_db","SB/QTN/13907-R1/22-23","Vidya Herbs Pvt. Ltd","18-Apr-2023","4685000","4685000",""
"not_found_in_db","13915A-R1 Final Offer ","FERMAC BIO PRIVATE LTD","15-Apr-2023","8745600","7171392",""
"not_found_in_db","13915C-Commercial Offer ","FERMAC BIO PRIVATE LTD","13-Apr-2023","10055000","8245100",""
"not_found_in_db","SB/QTN/13920/22-23","Shivshambhu Dudh Sang","11-Apr-2023","675000","553500",""
"not_found_in_db","SB/QTN/13954/22-23","SK Traders","07-Apr-2023","690000","690000",""
"not_found_in_db","915B-COMMERCIAL ","FERMAC BIO PRIVATE LTD","24-Mar-2023","2305000","1890100",""
"not_found_in_db","13915A-COMMERCIAL ","FERMAC BIO PRIVATE LTD","24-Mar-2023","6440000","5280800",""
"not_found_in_db","SB/QTN/13893/22-23","Rs Foods","16-Mar-2023","1063000","871660",""
"not_found_in_db","SB/QTN/13700A R1-F/22-23","SRI VENKATESHWAR LIGHT WEIGHT BRICKS","14-Mar-2023","3000000","2460000",""
"not_found_in_db","SB/QTN/13604-C-F","Ganpati Coroplast Private Limited","06-Mar-2023","125000","125000",""
"not_found_in_db","xxxx","test for check","06-Mar-2023","1576060","1576060",""
"not_found_in_db","SB/QTN/13861/22-23","SRI ALLURI SEETHA RAMARAJU EDUCATION SOCIETY","04-Mar-2023","2230000","1828600",""
"not_found_in_db","1","test for check","04-Mar-2023","1576060","1576060",""
"not_found_in_db","SB/QTN/13818-D-R2/22-23","GANPATI ALKALIES AND CHEMICALS PRIVATE LIMITED","02-Mar-2023","1050000","1050000",""
"not_found_in_db","SB/QTN/13818D-R1-F/22-23","GANPATI ALKALIES AND CHEMICALS PRIVATE LIMITED","25-Feb-2023","1085000","889700",""
"not_found_in_db","SB/QTN/13700A R2-F/22-23","SRI VENKATESHWAR LIGHT WEIGHT BRICKS","22-Feb-2023","3000000","2460000",""
"not_found_in_db","SB/QTN/13818C/22-23","GANPATI ALKALIES AND CHEMICALS PRIVATE LIMITED","20-Feb-2023","1170000","1170000",""
"not_found_in_db","SB/QTN/13818E/22-23","GANPATI ALKALIES AND CHEMICALS PRIVATE LIMITED","20-Feb-2023","1045000","856900",""
"not_found_in_db","SB/QTN/13818D/22-23","GANPATI ALKALIES AND CHEMICALS PRIVATE LIMITED","20-Feb-2023","1315000","1078300",""
"not_found_in_db","13782B","M/s Enal Drugs Private Limited","18-Feb-2023","260000","213200",""
"not_found_in_db","SB/QTN/13818D/22-23","GANPATI ALKALIES AND CHEMICALS PRIVATE LIMITED","17-Feb-2023","1185000","971700",""
"not_found_in_db","SB/QTN/13757C /22-23","NEOTECH BOILERS PRIVATE LIMITED","15-Feb-2023","2413000","1978660",""
"not_found_in_db","SB/QTN/13841/22-23","S V Oil & Chemical Industries","15-Feb-2023","217970","178735.4",""
"not_found_in_db","SB/QTN/13818C/22-23","GANPATI ALKALIES AND CHEMICALS PRIVATE LIMITED","13-Feb-2023","1875000","1537500",""
"not_found_in_db","SB/QTN/13700A R1-F/22-23","SRI VENKATESHWAR LIGHT WEIGHT BRICKS","13-Feb-2023","3150000","2583000",""
"not_found_in_db","SB/QTN/13790-B-R1-F/22-23","Bajrang Techno Engg P Ltd","13-Feb-2023","3255000","3255000",""
"not_found_in_db","SB/QTN/13818/22-23","GANPATI ALKALIES AND CHEMICALS PRIVATE LIMITED","08-Feb-2023","600000","492000",""
"not_found_in_db","SB/QTN/13818 B/22-23","GANPATI ALKALIES AND CHEMICALS PRIVATE LIMITED","08-Feb-2023","965000","791300",""
"not_found_in_db","SB/QTN/13790-B-F/22-23","Bajrang Techno Engg P Ltd","31-Jan-2023","3080000","3080000",""
"not_found_in_db","13797","M/S CANVA BIO","28-Jan-2023","3705000","3038100",""
"not_found_in_db","SB/QTN/13793/22-23","INDIAN DAIRY EQUIPMENTS & FABRICATORS","25-Jan-2023","900000","738000",""
"not_found_in_db","SB/QTN/13794/22-23","Tabisco Enterprises","25-Jan-2023","70000","57400",""
"not_found_in_db","SB/QTN/13790-F/22-23","Bajrang Techno Engg P Ltd","24-Jan-2023","3105000","3105000",""
"not_found_in_db","SB/QTN/13792/22-23","Kuber Polymers","24-Jan-2023","32500","26650",""
"not_found_in_db","SB/QTN/13680-C-R1-F/22-23","Wall Pixel Pvt. Ltd","21-Jan-2023","3645800","3645800",""
"not_found_in_db","SB/QTN/13783B/22-23","MKM WOOD INDUSTRIAL","20-Jan-2023","3095000","2537900",""
"not_found_in_db","SB/QTN/13783 A/22-23","MKM WOOD INDUSTRIAL","20-Jan-2023","2970000","2435400",""
"not_found_in_db","SB/QTN/13773B/22-23","Prakrti Products (P) Ltd","18-Jan-2023","3360000","2755200",""
"not_found_in_db","SB/QTN/13680-C/22-23","Wall Pixel Pvt. Ltd","18-Jan-2023","4135000","4135000",""
"not_found_in_db","SB/QTN/13773/22-23","Prakrti Products (P) Ltd","17-Jan-2023","4010000","3288200",""
"not_found_in_db","SB/QTN/13778/22-23","Veer Chemie & Aromatics Pvt Ltd.,","12-Jan-2023","10500","8610",""
"not_found_in_db","SB/QTN/13757B R1 /22-23","NEOTECH BOILERS PRIVATE LIMITED","11-Jan-2023","3195000","2619900",""
"not_found_in_db","13741R2","Vasudha Pharma Ltd","09-Jan-2023","837750","837750",""
"not_found_in_db","SB/QTN/13768/22-23","Shree Jaya Laboratories (P) Ltd.,","07-Jan-2023","74500","74500",""
"not_found_in_db","SB/QTN/12961-B/22-23","Bajrang Techno Engg P Ltd","07-Jan-2023","3695000","3695000",""
"not_found_in_db","13741R2","Vasudha Pharma Ltd","06-Jan-2023","905400","742428",""
"not_found_in_db","SB/QTN/13766/22-23","Re Sustainability Limited","06-Jan-2023","159600","130872",""
"not_found_in_db","SB/QTN/13757B /22-23","NEOTECH BOILERS PRIVATE LIMITED","04-Jan-2023","3020000","2476400",""
"not_found_in_db","SB/QTN/13756/22-23","NEOTECH BOILERS PRIVATE LIMITED","30-Dec-2022","2625000","2152500",""
"not_found_in_db","SB/QTN/13748-CO/22-23","Mahabir Bajarang Agro Chemicals","28-Dec-2022","2205000","2205000",""
"not_found_in_db","SB/QTN/13746-F/22-23","Thermo Tech Services","27-Dec-2022","965000","965000",""
"not_found_in_db","SB/QTN/13730 R1/22-23","Vajraasi Pharama Pvt Ltd","24-Dec-2022","4680000","3837600",""
"not_found_in_db","13741R1","Vasudha Pharma Ltd","23-Dec-2022","1020000","1152600",""
"not_found_in_db","SB/QTN/13741/22-23","Vasudha Pharma Ltd","22-Dec-2022","1020000","956760",""
"not_found_in_db","SB/QTN/13739-R1-F/22-23","SS Engineering","22-Dec-2022","903000","903000",""
"not_found_in_db","SB/QTN/13739/22-23","SS Engineering","21-Dec-2022","1090000","893800",""
"not_found_in_db","SB/QTN/13728/22-23","Sri Bulirana Rice Mill","21-Dec-2022","2595000","2127900",""
"not_found_in_db","SB/13739/21-22","M/S.NCL INDUSTRIES LTD.","20-Dec-2022","8630000","7076600",""
"not_found_in_db","SB/QTN/13680-B-F/22-23","Wall Pixel Pvt. Ltd","19-Dec-2022","4765000","4765000",""
"not_found_in_db","SB/QTN/13728/22-23","Modern Technology","14-Dec-2022","1550000","1271000",""
"not_found_in_db","SB/QTN/13717/22-23","Ransh Pharma Private Limited","06-Dec-2022","125000","102500",""
"not_found_in_db","SB/QTN/13714/22-23","K. C. Engineers Limited,","03-Dec-2022","850000","697000",""
"not_found_in_db","SB/QTN/13707-CO-F","Chandan ji","30-Nov-2022","1735000","1960550",""
"not_found_in_db","SB/QTN/13704 R1/22-23","K. C. Engineers Limited,","30-Nov-2022","2025000","1660500",""
"not_found_in_db","SB/QTN/13704/22-23","K. C. Engineers Limited,","29-Nov-2022","1687500","1622700",""
"not_found_in_db","SB/QTN/13705/22-23","Vital Syntheticlabs Pvt. Ltd. Unit-I","29-Nov-2022","1460000","1197200",""
"not_found_in_db","SB/QTN/13700A/22-23","SRI VENKATESHWAR LIGHT WEIGHT BRICKS","25-Nov-2022","3540000","3540000",""
"not_found_in_db","SB/QTN/13648/22-23","Aceking Technologies","10-Nov-2022","575000","471500",""
"not_found_in_db","SB/QTN/13648/22-23","Dhob Laundry Yard","09-Nov-2022","1515000","1666500",""
"not_found_in_db","SB/QTN/13632/22-23","BARAMATI AGRO","02-Nov-2022","0","0",""
"not_found_in_db","13621C","M/s. Accrete Pharmaceuticals Pvt Ltd.","29-Oct-2022","1575000","1291500",""
"not_found_in_db","SB/13621A/22","M/s. Accrete Pharmaceuticals Pvt Ltd.","28-Oct-2022","7210000","5912200",""
"not_found_in_db","13621B","M/s. Accrete Pharmaceuticals Pvt Ltd.","28-Oct-2022","6295000","5161900",""
"not_found_in_db","13621A","M/s. Accrete Pharmaceuticals Pvt Ltd.","26-Oct-2022","8110000","6650200",""
"not_found_in_db","SB/QTN/13618-CO/22-23","Iyantra Industries","21-Oct-2022","3550000","3550000",""
"not_found_in_db","SB/QTN/13604-C-R1-F","PHA INDUSTRIES P. LTD","13-Oct-2022","2551000","2091820",""
"not_found_in_db","13605A","M/s. Blue Hawk Life Sciences Pvt Ltd","10-Oct-2022","5360000","4395200",""
"not_found_in_db","SB/QTN/13605A/22-23","M/s. Blue Hawk Life Sciences Pvt Ltd","10-Oct-2022","5360000","4395200",""
"not_found_in_db","SB/QTN/13604-C-F","PHA INDUSTRIES P. LTD","07-Oct-2022","2865000","2865000",""
"not_found_in_db","13595B","Creamline Dairy Products Ltd","03-Oct-2022","5025000","4120500",""
"not_found_in_db","SB/QTN/12961-R2/22-23","M/S Bajrang Techno Engg P Ltd","24-Sep-2022","3535000","2898700",""
"not_found_in_db","SB/QTN/12961-R2/22-23","M/S Bajrang Techno Engg P Ltd","23-Sep-2022","3435000","2816700",""
"not_found_in_db","SB/QTN/13570 A/22-23","Rudra Labs","16-Sep-2022","5870000","4813400",""
"not_found_in_db","SB/QTN/13571 B/22-23","Rudra Labs","16-Sep-2022","8710000","8710000",""
"not_found_in_db","SB/QTN/13571/22-23","Rudra Labs","16-Sep-2022","5765000","5765000",""
"not_found_in_db","13571A","M/s. Rudra Labs","15-Sep-2022","5975000","5975000",""
"ambiguous","SB/QTN/16275/2026-27","Akash Plywood Industries","25-Aug-2026","133000","133000","family dates: 2521:2026-08-25 | 2522:2026-08-25"
"ambiguous","STF/QTN/2432/2026-27","DEVISREE RICE INDUSTRIES LLP","22-Aug-2026","5300000","5300000","family dates: 2528:2026-08-22 | 2529:2026-08-22"
"ambiguous","SB/QTN/16230/2026-27","GARUDA INDUSTRY","22-Jul-2026","525000","525000","family dates: 2591:2026-07-22 | 2592:2026-07-22"
"ambiguous","SB/QTN/16202 B/2026-27","SAKET CHAVA","26-Jun-2026","975000","975000","family dates: 2622:2026-06-26 | 2623:2026-06-26"
"ambiguous","STF/QTN/2383/2026-27","MARUTI POP INDUSTRIES","08-Jun-2026","1585000","1585000","family dates: 2655:2026-06-08 | 2656:2026-06-08"
"ambiguous","SB/15814R1-F/2025-26","Salicylates and Chemicals","24-Jul-2025","1300200","1300200","family dates: 3109:2025-07-24 | 3110:2025-07-24"
"ambiguous","SB/QTN/15730/2025-26","SS Engineers India","18-Apr-2025","924500","924500","family dates: 3241:2025-04-18 | 3242:2025-04-18 | 3243:2025-04-18"
"ambiguous","SB/QTN/15728/2025-26","Coromandel Concrete Products Pvt Ltd","17-Apr-2025","0","0","family dates: 3245:2025-04-17 | 3246:2025-04-17 | 3247:2025-04-17 | 3248:2025-04-17 | 3249:2025-04-17"
"ambiguous","STF/QTN/2119-B-/25-26","Gaytri Industries","17-Apr-2025","0","0","family dates: 3251:2025-04-17 | 3252:2025-04-17"
"ambiguous","STF/QTN/2119-A/25-26","Gaytri Industries","17-Apr-2025","0","0","family dates: 3253:2025-04-17 | 3254:2025-04-17 | 3255:2025-04-17 | 3256:2025-04-17"
"ambiguous","STF/QTN/2115 CF/2025-26","Meena Enterprises","10-Apr-2025","1947500","1947500","family dates: 3268:2025-04-10 | 3269:2025-04-10 | 3270:2025-04-10 | 3271:2025-04-10"
"ambiguous","2103C","NIFTY LABS PVT LTD","15-Mar-2025","2263500","2263500","family dates: 3302:2025-03-15 | 3303:2025-03-15"
"ambiguous","SB/QTN/15694 F/2024-25","Sk Poultry Feed","13-Mar-2025","697500","697500","family dates: 3305:2025-03-13 | 3306:2025-03-13"
"ambiguous","SB/QTN/15680 F/2024-25","SS Engineers India","04-Mar-2025","1489500","1489500","family dates: 3317:2025-03-04 | 3318:2025-03-04"
"ambiguous","STF/QTN/2086/2024-25 NRP-R1","KEVYS GENERICS P LTD","03-Mar-2025","2515000","2515000","family dates: 3323:2025-03-03 | 3324:2025-03-03"
"ambiguous","STF/QTN/2028-F/2024-25","Eshwar Enterprises","21-Nov-2024","1814750","1814750","family dates: 3460:2024-11-21 | 3461:2024-11-21 | 3462:2024-11-21"
"ambiguous","14951R1","Carba Impacts","01-Oct-2024","705000","578100","family dates: 3514:2024-10-01 | 3515:2024-10-01"
"ambiguous","14994R1","M/s. Srivilas Hydrotech Private Limited","30-Sep-2024","106250","106250","family dates: 3521:2024-09-30 | 3522:2024-09-30"
"ambiguous","SB/QTN/14980-F/24-25","Sri Sai Enterprises","23-Jul-2024","1660500","1660500","family dates: 3598:2024-07-23 | 3599:2024-07-23"
"ambiguous","SB/QTN/14954 R1/2024-25","SRINIVASA ENGINEERING WORK","15-Jul-2024","331900","272158","family dates: 3627:2024-07-15 | 3628:2024-07-15"
"ambiguous","SB/QTN/14951-F/24-25","JDRS AGRO FOODS PRIVATE LIMITED","08-Jul-2024","1048500","1048500","family dates: 3642:2024-07-08 | 3643:2024-07-08"
"ambiguous","SB/QTN/14858/24-25","Silverline Fertilisers Pvt. Ltd.","21-May-2024","2175000","1783500","family dates: 3740:2024-05-21 | 3741:2024-05-21"
"ambiguous","SB/QTN/14860/24-25","royal feeds","21-May-2024","1260000","1033200","family dates: 3742:2024-05-21 | 3743:2024-05-21"
"ambiguous","SB/QTN/14855/24-25","Vibros life science pvt ltd","21-May-2024","1260000","1033200","family dates: 3747:2024-05-21 | 3748:2024-05-21"
"ambiguous","SB/QTN/14809R1/24-25","SKY UDAAN En-FEB Pvt. Ltd","15-May-2024","230000","188600","family dates: 3754:2024-05-15 | 3755:2024-05-15"
"ambiguous","SB/QTN/14837/24-25","Verdant Agro","14-May-2024","1145000","938900","family dates: 3758:2024-05-14 | 3759:2024-05-14"
"ambiguous","SB/QTN/14771/24-25","Baypark Hotel & Resorts Pvt. Ltd.","13-Apr-2024","669500","548990","family dates: 3819:2024-04-13 | 3820:2024-04-13"
"ambiguous","SB/QTN/14717/23-24","MECHO TECH LLP","14-Mar-2024","2095000","1717900","family dates: 3851:2024-03-14 | 3852:2024-03-14"
"ambiguous","SB/QTN/14693/23-24","Swastik Marketing","29-Feb-2024","2341000","2341000","family dates: 3860:2024-02-29 | 3861:2024-02-29"
"ambiguous","SB/QTN/14580/23-24","Sri Krishna Enterprises","28-Dec-2023","1825000","1496500","family dates: 3945:2023-12-28 | 3946:2023-12-28"
"ambiguous","SB/QTN/14571/23-24","Deepam Polish","25-Dec-2023","1185000","1185000","family dates: 3954:2023-12-25 | 3955:2023-12-25"
"ambiguous","SB/QTN/14537/23-24","i-Kcal Systems Engineering LLP","10-Dec-2023","1325000","1325000","family dates: 3980:2023-12-10 | 3981:2023-12-10"
"ambiguous","SB/QTN/14485B/23-24","Vijay choudhary","14-Nov-2023","625000","512500","family dates: 4018:2023-11-14 | 4019:2023-11-14"
"ambiguous","SB/QTN/14420/23-24","Sri Rajeshwari Dairy Products","18-Oct-2023","335200","274864","family dates: 4057:2023-10-18 | 4058:2023-10-18"
"ambiguous","SB/QTN/14405/23-24","Gajanan Patil","06-Oct-2023","1413000","1158660","family dates: 4068:2023-10-06 | 4069:2023-10-06"
"ambiguous","SB/QTN/14054-R2-F/23-24","IAP FARM SERVICE PRIVATE LIMITED","27-Sep-2023","3080000","3080000","family dates: 4080:2023-09-27 | 4081:2023-09-27"
"ambiguous","SB/QTN/14376/23-24","Pregmatic","26-Sep-2023","2070000","1697400","family dates: 4086:2023-09-26 | 4087:2023-09-26"
"ambiguous","SB/QTN/14336/23-24","Kgs Fibers","04-Sep-2023","600000","492000","family dates: 4114:2023-09-04 | 4115:2023-09-04"
"ambiguous","SB/QTN/14289/23-24","Khan Associates","11-Aug-2023","2465000","2021300","family dates: 4137:2023-08-11 | 4138:2023-08-11"
"ambiguous","SB/QTN/14271/22-23","Maddi Ravi Kumar","02-Aug-2023","700000","574000","family dates: 4146:2023-08-02 | 4147:2023-08-02"
"ambiguous","SB/QTN/14239/23-24","Ma Durga Fertiliser","24-Jul-2023","3290000","2697800","family dates: 4165:2023-07-24 | 4166:2023-07-24"
"ambiguous","13151C","M/S.SRIVEN PHARMACHEM PVT LTD","22-Jul-2023","4565000","4565000","family dates: 4170:2023-07-22 | 4171:2023-07-22"
"ambiguous","SB/QTN/14232/23-24","SS Engineers India","20-Jul-2023","754500","618690","family dates: 4173:2023-07-20 | 4174:2023-07-20"
"ambiguous","SB/QTN/14159/23-24","Godavari Biorefineries Limited","17-Jun-2023","2461500","2018430","family dates: 4232:2023-06-17 | 4233:2023-06-17"
"ambiguous","SB/QTN/14120/23-24","Lacpitalistic Inc","08-Jun-2023","3485000","2857700","family dates: 4253:2023-06-08 | 4254:2023-06-08 | 4255:2023-06-08"
"ambiguous","SB/QTN/14114/23-24","amrut foundation","05-Jun-2023","697500","571950","family dates: 4259:2023-06-05 | 4260:2023-06-05"
"ambiguous","SB/QTN/14089/22-23","Star Cashew Processing Co. OP Industries Ltd.","22-May-2023","1150000","943000","family dates: 4276:2023-05-22 | 4277:2023-05-22"
"ambiguous","SB/QTN/14030/22-23","Maartan Fine Chem Private Limited","09-May-2023","1395000","1143900","family dates: 4312:2023-05-09 | 4313:2023-05-09"
"ambiguous","SB/QTN/14019/22-23","Palral Milk Private Limited","04-May-2023","2161250","1772225","family dates: 4319:2023-05-04 | 4320:2023-05-04"
"ambiguous","SB/QTN/13955/22-23","Wintech Supply","07-Apr-2023","600000","492000","family dates: 4359:2023-04-07 | 4360:2023-04-07"
"ambiguous","SB/QTN/13806/22-23","ALL RICH DAIRY PVT LTD","01-Feb-2023","2240000","1836800","family dates: 4448:2023-02-01 | 4449:2023-02-01"
"ambiguous","SB/QTN/13795 B/22-23","Sri Balaji Foods","27-Jan-2023","1850000","1517000","family dates: 4460:2023-01-27 | 4461:2023-01-27"
"ambiguous","SB/QTN/13758 C/22-23","Harniks India LLP","10-Jan-2023","715000","715000","family dates: 4476:2023-01-10 | 4477:2023-01-10"
"ambiguous","SB/QTN/13764/22-23","Jayam Food Products","06-Jan-2023","2595000","2127900","family dates: 4481:2023-01-06 | 4482:2023-01-06"
"ambiguous","SB/QTN/13749/22-23","Espin Bio Pharma labs","28-Dec-2022","170600","170088.2","family dates: 4497:2022-12-28 | 4498:2022-12-28 | 4499:2022-12-28"
"ambiguous","SB/QTN/13716/22-23","Sri Surya Food Products","03-Dec-2022","2225000","1824500","family dates: 4529:2022-12-03 | 4530:2022-12-03 | 4531:2022-12-03"
"ambiguous","13624B","Roman Island","23-Nov-2022","990000","811800","family dates: 4552:2022-11-23 | 4553:2022-11-23"
"ambiguous","13684","DISCOVER MACHINARY","18-Nov-2022","1505000","1234100","family dates: 4561:2022-11-18 | 4562:2022-11-18 | 4563:2022-11-18 | 4564:2022-11-18"
"ambiguous","13670","M/s Satya Sai Chmenicals","15-Nov-2022","0","0","family dates: 4571:2022-11-15 | 4572:2022-11-15 | 4573:2022-11-15 | 4574:2022-11-15 | 4575:2022-11-15 | 4576:2022-11-15 | 4577:2022-11-15 | 4578:2022-11-15"
"ambiguous","SB/QTN/13673/22-23","Supra Engineering Works,","15-Nov-2022","425000","348500","family dates: 4580:2022-11-15 | 4581:2022-11-15"
"ambiguous","13668","Shobha Life sciences","14-Nov-2022","0","0","family dates: 4583:2022-11-14 | 4584:2022-11-14"
"ambiguous","SB/QTN/13665/22-23","VIKRAMA INNOVATIVE TECHNOLOGIES","12-Nov-2022","915000","750300","family dates: 4585:2022-11-12 | 4586:2022-11-12"
"ambiguous","SB/QTN/13652/22-23","Apoorva Aroma","11-Nov-2022","550000","451000","family dates: 4588:2022-11-11 | 4589:2022-11-11"
"ambiguous","13627B","M/S.SRIVATHSA LIFE SCIENCES PVT LTD","29-Oct-2022","4215000","3456300","family dates: 4601:2022-10-29 | 4602:2022-10-29"
"ambiguous","SB/QTN/13574/22-23","GODAVARI PETRO PRODUCTS PVT LTD","19-Sep-2022","1190000","975800","family dates: 4647:2022-09-19 | 4648:2022-09-19"
"ambiguous","SB/QTN/13576/22-23","RAIDU COIR MATTERES","19-Sep-2022","3185000","3185000","family dates: 4650:2022-09-19 | 4651:2022-09-19"
"ambiguous","SB/QTN/13524-B-R1-F","Aaradhya Disposal Industries Pvt. Ltd","17-Sep-2022","1825000","1825000","family dates: 4654:2022-09-17 | 4655:2022-09-17 | 4656:2022-09-17 | 4657:2022-09-17 | 4658:2022-09-17"
"already_has_items","SB/QTN/15705-F/24-25-R2","Dhanashri Packaging","26-Sep-2026","90000","90000","target quotation id 2445"
"already_has_items","SB/QTN/16321-F/26-27","CHANDRA KAMAL DAIRY","25-Sep-2026","2180300","2180300","target quotation id 2446"
"already_has_items","SB/QTN/16314-NRP/26-27","Veda Engineering","25-Sep-2026","700000","700000","target quotation id 2447"
"already_has_items","SB/QTN/16317/2026-27","AZAKEM LABS PVT LTD","24-Sep-2026","93600","93600","target quotation id 2448"
"already_has_items","SB/QTN/16319/2026-27","TFARM PRIVATE LIMITED","24-Sep-2026","40795","40795","target quotation id 2449"
"already_has_items","STF/QTB/2269-R1-F /2025-26","FUSION HEALTH CARE PVT LTD","23-Sep-2026","5427500","5427500","target quotation id 2450"
"already_has_items","STF/QTN/2046/2024-25-R1","Vaishnavi Paper LLP","23-Sep-2026","9010000","9010000","target quotation id 2451"
"already_has_items","SB/QTN/16316 F/2026-27","BASAVARAJ ABHADRANAVAR","23-Sep-2026","1147500","1147500","target quotation id 2452"
"already_has_items","STF/QTN/2394-R2-F/2026-27-R1","Aditya Akshaya Bio Pharma P Ltd","23-Sep-2026","2301250","2301250","target quotation id 2453"
"already_has_items","SB/QTN/16304-R1/2026-27","ANNUNAKI PRODUCTS","22-Sep-2026","1215000","1215000","target quotation id 2454"
"already_has_items","SB/QTN/16315 B/2026-27","Krijan Biotech Private Limited","22-Sep-2026","2197250","2197250","target quotation id 2455"
"already_has_items","SB/QTN/16315 AF/2026-27","Krijan Biotech Private Limited","22-Sep-2026","2346000","2346000","target quotation id 2456"
"already_has_items","SB/QTN/16295-R1-F/26-27","KAVERI SEEDS COMPANY LTD","22-Sep-2026","631000","631000","target quotation id 2457"
"already_has_items","SB/QTN/16283-R1-F /2026-27","BIO PLUS","22-Sep-2026","213012","174669.84","target quotation id 2458"
"already_has_items","SB/QTN/16313-B-R1/26-27","AROMATIC FOOD PROESSING PVT LTD","21-Sep-2026","1325000","1086500","target quotation id 2459"
"already_has_items","STF/QTN/2460 A/2026-27","SANUX LABORATORIES P LTD","21-Sep-2026","7020000","7020000","target quotation id 2460"
"already_has_items","STF/QTN/2408-B-F/2026-27","CRAFTSMART  PRODUCTS  PVT  LTD","20-Sep-2026","3387250","3387250","target quotation id 2461"
"already_has_items","STF/QTN/2458/26-27","Tejaskhanda Nutraceuticals Pvt Ltd","20-Sep-2026","4322500","4322500","target quotation id 2462"
"already_has_items","STF/QTN/2447-B-F/2026-27-R2F","VINS Bioproducts Limited","19-Sep-2026","8209750","8209750","target quotation id 2463"
"already_has_items","STF/QTN/2457 F/2026-27","ROJA & COMPANY","19-Sep-2026","2644500","2644500","target quotation id 2464"
"already_has_items","SB/QTN/16312 F/2026-27","Alkaloids PVT LTD","18-Sep-2026","112200","112200","target quotation id 2465"
"already_has_items","SB/QTN/16311/2026-27","KANTA ENGINEERING WORKS","18-Sep-2026","4900000","4900000","target quotation id 2466"
"already_has_items","STF/QTN/2456/2026-27","FUSION HEALTH CARE PVT LTD","18-Sep-2026","9274500","9274500","target quotation id 2467"
"already_has_items","SB/QTN/16290--B-R1-NRP/2026-27","The Crisp Linen Co","17-Sep-2026","1301000","1301000","target quotation id 2468"
"already_has_items","SB/QTN/16308-R1-F/26-27 ","LIMRA ASSOCIATE","17-Sep-2026","1227800","1227800","target quotation id 2469"
"already_has_items","SB/QTN/16308-F/26027","LIMRA ASSOCIATE","17-Sep-2026","500000","500000","target quotation id 2470"
"already_has_items","SB/QTN/16218 R2/2026-27","AAA EXIM","17-Sep-2026","2845900","3130490","target quotation id 2471"
"already_has_items","SB/QTN/16306 F/2026-27","DENIM CLINIC","16-Sep-2026","931500","931500","target quotation id 2472"
"already_has_items","STF/QTN/2381-R8/2026-27-R4F","DAYA ENGINEERING WORKS P LTD","16-Sep-2026","2480200","2033764","target quotation id 2473"
"already_has_items","SB/QTN/16307 F/2026-27-F","SUNIT BREW","16-Sep-2026","522750","428655","target quotation id 2474"
"already_has_items","SB/QTN/16305 R1F/2026-27 R1","VILASITHA FARMS & FEEDS PVT LTD","15-Sep-2026","68400","56088","target quotation id 2475"
"already_has_items","STF/QTN/2449/2026-27","YORKAR FABRICS","15-Sep-2026","3300000","3300000","target quotation id 2477"
"already_has_items","SB/QTN/2454/2026-27","JANGALPARA RICE MILL","12-Sep-2026","4260900","4260900","target quotation id 2478"
"already_has_items","SB/QTN/16117 A/2026-27","VIJETHA POLYMERS","12-Sep-2026","1240000","1240000","target quotation id 2479"
"already_has_items","SB/QTN/16303/2026-27","SSB BRICKS","12-Sep-2026","50400","50400","target quotation id 2480"
"already_has_items","STF/QTN/2299/2026-27-R1 F","Bio-Med Ingredients Pvt. Ltd.","11-Sep-2026","6135000","6135000","target quotation id 2481"
"already_has_items","SB/16300/26-27","CARLSBERG INDIA","10-Sep-2026","350000","350000","target quotation id 2482"
"already_has_items","STF/QTN/2453/2026-27","SGRM & SONS AGRO PRIVATE LIMITED","10-Sep-2026","2330000","2330000","target quotation id 2483"
"already_has_items","STF/QTN/2368-R3-F-NRP/2026-27","LNS INFRA PRIVATE LTD","10-Sep-2026","3500000","2870000","target quotation id 2484"
"already_has_items","SB/16301/26-27","SYNTHOCHEM PVT LTD","10-Sep-2026","310000","310000","target quotation id 2485"
"already_has_items","STF/QTN/2445 BK/2026-27-F","Trikone Agro Pvt. Ltd.","09-Sep-2026","7504900","7504900","target quotation id 2486"
"already_has_items","STF/QTN/2452-OEM-R1-NRP /26-27","KAMMAC PROJECTS","09-Sep-2026","3051000","3051000","target quotation id 2487"
"already_has_items","STF/QTN/2451/2026-27","GNANESHWARI AGRO INDUSTRIES","08-Sep-2026","2925000","2925000","target quotation id 2488"
"already_has_items","SB/QTN/2438-R1-F/2026-27","RITESH SAHU","07-Sep-2026","3098700","3098700","target quotation id 2489"
"already_has_items","SB/QTN/16296-F/26-27","AP EXPLOSSIVE LTD","07-Sep-2026","570500","570500","target quotation id 2490"
"already_has_items","STF/QTN/2346-D/2025-26","SAM THERMOC TECH","07-Sep-2026","1028200","1028200","target quotation id 2491"
"already_has_items","STF/QTN/2398-R1-NRP/26-27","PVS GROUP INDIA","07-Sep-2026","4245000","4245000","target quotation id 2492"
"already_has_items","STF/QTN/2398-B-R1--INVOICE /2026-27","PVS GROUP INDIA","07-Sep-2026","3000000","3000000","target quotation id 2493"
"already_has_items","SB/QTN/16294-F/26-27","SUPRA LIFE SCIENCES","07-Sep-2026","1854500","1854500","target quotation id 2494"
"already_has_items","STF/QTN/2450-NRP-OEM/26-27","ADITYA DRYERS","06-Sep-2026","3266000","3266000","target quotation id 2495"
"already_has_items","STF/QTN/2441-B/26-27","Thermo Cables Limited","05-Sep-2026","11860000","11860000","target quotation id 2496"
"already_has_items","SB/QTN/16293 F/2026-27-F","Botanic Healthcare p ltd","05-Sep-2026","252000","206640","target quotation id 2497"
"already_has_items","STF/2444 R2 /26-27","SHRI GANESH RICE MILL","05-Sep-2026","2390000","2390000","target quotation id 2498"
"already_has_items","SB/QTN/16284 A/2026-27-F","Botanic Healthcare p ltd","04-Sep-2026","14025","11500.5","target quotation id 2499"
"already_has_items","STF/QTN/2449/2026-27","YORKAR FABRICS","04-Sep-2026","3450000","3450000","target quotation id 2476"
"already_has_items","SB/QTN/16292/2026-27","Green Commons Private Limited","04-Sep-2026","930000","930000","target quotation id 2500"
"already_has_items","SB/QTN/16289/2026-27-F","JAYA VIJAYAA INDUSTRIES","03-Sep-2026","109310","89634.2","target quotation id 2501"
"already_has_items","SB/QTN/16287/2026-27","BHEL Energy Systems Facilities","02-Sep-2026","5000","4100","target quotation id 2502"
"already_has_items","STF/QN/2446-B--F/26-27 ","SYNTHOCHEM PVT LTD","02-Sep-2026","16044500","16044500","target quotation id 2503"
"already_has_items","SB/QTN/16286 F/2026-27-F","AP EXPLOSIVES","02-Sep-2026","877500","877500","target quotation id 2504"
"already_has_items","SB/QTN/16278/2026-27-R1","SRI VENKATESWARA CATERING EQUIPMENTS","01-Sep-2026","550000","550000","target quotation id 2505"
"already_has_items","SB/QTN/16280 F/2026-27-F","LAKSHMI ORGANICS PVT LTD","01-Sep-2026","62000","50840","target quotation id 2506"
"already_has_items","SB/QTN/16279-F-CP/26-27","ANNUNAKI PRODUCTS","01-Sep-2026","755320","755320","target quotation id 2507"
"already_has_items","SB/QTN/16282 AF/2026-27","Prochem industries","01-Sep-2026","1773000","1773000","target quotation id 2508"
"already_has_items","SB/QTN/16282 BF/2026-27","Prochem industries","01-Sep-2026","1930500","1930500","target quotation id 2509"
"already_has_items","STF/QTN/2421-R1-F /2026-27-R1","BALAJI INDUSTRIES","31-Aug-2026","2159000","2159000","target quotation id 2510"
"already_has_items","SB/QTN/16256-C-R2-NRP-F/26-27","SAMARTH BIO TECH LIMITED","31-Aug-2026","367500","367500","target quotation id 2511"
"already_has_items","SB/QTN/16256 B-R3-NRP-F/2026-27","SAMARTH BIO TECH LIMITED","31-Aug-2026","950000","950000","target quotation id 2512"
"already_has_items","SB/QTN/16277/2026-27","I TECH EQUIPMENTS","29-Aug-2026","800000","800000","target quotation id 2513"
"already_has_items","SB/QTN/16276-R1-NRP/2026-27-F-NRP","ChemRaw Tech (OPC) Pvt. Ltd.","29-Aug-2026","549250","549250","target quotation id 2514"
"already_has_items","STF/QTN/2440-NRP/26-27","RUDRAASH ECO TECH","28-Aug-2026","1270100","1270100","target quotation id 2515"
"already_has_items","STF/QTN/2439/2026-27","SREE VENKATA PADMA RICE MILL","27-Aug-2026","2788000","2788000","target quotation id 2516"
"already_has_items","SB/QTN/16192-B-NRP-F /2026-27","J P OIL MILL","27-Aug-2026","1653900","1653900","target quotation id 2517"
"already_has_items","STF/QTN/2436/2026-27","Tamkeen Enterprises","25-Aug-2026","2315000","2315000","target quotation id 2518"
"already_has_items","STF/QTN/2435/2026-27","AKOLA SWEETS","25-Aug-2026","918000","918000","target quotation id 2519"
"already_has_items","STF/QTN/2437-F/26-27","RECOVE VENTURES PVT LTD","25-Aug-2026","1906500","1906500","target quotation id 2520"
"already_has_items","STF/QTN/2434/2026-27","SS Engineers India","25-Aug-2026","2205000","2205000","target quotation id 2523"
"already_has_items","SB/QTN/16272-B-R1-F/26-27","YUWAN FOODS PRODUCTS","25-Aug-2026","1507750","1507750","target quotation id 2524"
"already_has_items","STF/QTN/2431 B/2026-27","Mahaveer Krushi Udyog","22-Aug-2026","4075000","4075000","target quotation id 2525"
"already_has_items","SB/QTN/16272-A-F/26-27","YUWAN FOODS PRODUCTS","22-Aug-2026","1689500","1689500","target quotation id 2526"
"already_has_items","STF/QTN/2433-F/25-26 ","SRI RAJARAJESHWARA INDUSTRIES","22-Aug-2026","3123750","3123750","target quotation id 2527"
"already_has_items","SB/QTN/16271/2026-27","Regen Polymers","21-Aug-2026","1305000","1305000","target quotation id 2530"
"already_has_items","SB/QTN/16192 C/2026-27","J P OIL MILL","21-Aug-2026","1570000","1570000","target quotation id 2531"
"already_has_items","STF/QTN/2430/2026-27","Mahaveer Krushi Udyog","21-Aug-2026","3975000","3975000","target quotation id 2532"
"already_has_items","STF/QTN/2429/2026-27","NNB AGRO FEEDS PRIVATE LIMITED","21-Aug-2026","4375000","4375000","target quotation id 2533"
"already_has_items","SB/QTN/16270/2026-27","I TECH EQUIPMENTS","21-Aug-2026","810000","810000","target quotation id 2534"
"already_has_items","STF/QTN/2431/2026-27","SNR PHARMA","21-Aug-2026","3671000","3671000","target quotation id 2535"
"already_has_items","STF/QTN/2428 BK/2026","Sri Siva Shakthi Industries LLP","20-Aug-2026","9050000","7421000","target quotation id 2536"
"already_has_items","SB/QTN/16252-R1-F/2026-27","VYANKTESH PACKAGING (Hyderabad) P LTD","20-Aug-2026","950000","950000","target quotation id 2537"
"already_has_items","SB/QTN/16266/2026-27","GLS PHARMA LTD","18-Aug-2026","1560000","1560000","target quotation id 2538"
"already_has_items","SB/QTN/2427 F/2026-27","HILCON AAC BLOCK","18-Aug-2026","5899500","5899500","target quotation id 2539"
"already_has_items","SB/16265/2026-27","CARLSBERG INDIA","17-Aug-2026","800000","800000","target quotation id 2540"
"already_has_items","STF/QTN/2426 F/2026-27 F","SRI TEJA INDUSTRIES","17-Aug-2026","7554500","7554500","target quotation id 2541"
"already_has_items","SB/QTN/16264/2026-27","BIO PLUS","14-Aug-2026","25425","20848.5","target quotation id 2542"
"already_has_items","SB/QTN/16261/2026-27","Sristi Biosciences Pvt. Ltd","14-Aug-2026","1410000","1410000","target quotation id 2543"
"already_has_items","SB/QTN/16263/2026-27","STALWART LABORATORIES","13-Aug-2026","20152","20152","target quotation id 2544"
"already_has_items","SB/QTN/16262/2026-27","Amar-Deep Pharmas LLP","12-Aug-2026","675000","675000","target quotation id 2545"
"already_has_items","SB/16260/2026-27","Sree Rayalseema Natural Proteins Private Ltd","12-Aug-2026","2016000","2016000","target quotation id 2546"
"already_has_items","SB/QTN/16127-R2-F/26-27 ","BAUD DISTILLORIES","12-Aug-2026","1271400","1271400","target quotation id 2547"
"already_has_items","SB/QTN/16245 F/2026-27-R1","Malkha Marketing Trust","12-Aug-2026","540000","442800","target quotation id 2548"
"already_has_items","SB/QTN/16257/2026-27","MITRA AND SONS PRIVATE LIMITED","11-Aug-2026","1911000","1911000","target quotation id 2549"
"already_has_items","SB/QTN/16255/2026-27","ADEEP LABORATORIES P LTD","11-Aug-2026","25000","20500","target quotation id 2550"
"already_has_items","SB/QTN/16256 B/2026-27","SAMARTH BIO TECH LIMITED","11-Aug-2026","450000","450000","target quotation id 2551"
"already_has_items","SB/QTN/16528/2026-27","ADITYA CHEMICALS","11-Aug-2026","76000","62320","target quotation id 2552"
"already_has_items","SB/QTN/16259 F/2026-27-F","RK Silk Traders","11-Aug-2026","1975500","1975500","target quotation id 2553"
"already_has_items","STF/QTN/2425/2026-27","VISION PHARMACOAT","10-Aug-2026","1555000","1555000","target quotation id 2554"
"already_has_items","SB/QTN/16254/2026-27-R1","VISION PHARMACOAT","10-Aug-2026","1505000","1505000","target quotation id 2555"
"already_has_items","SB/16253R1/26-27","MSK FLAVOURS","10-Aug-2026","1420000","1633000","target quotation id 2556"
"already_has_items","SB/QTN/16229-R3-F/26-26","GRINHI BEVERAGES","10-Aug-2026","2372250","2372250","target quotation id 2557"
"already_has_items","SB/QTN/16235/2026-27-R2 F","KAMSON GROUP OFCOMPANIES","07-Aug-2026","1544300","1544300","target quotation id 2558"
"already_has_items","SB/QTN/16244 R2/2026-27-NRP","SAI SRINIVASA INDUSTRIES","07-Aug-2026","108688.5","89124.57","target quotation id 2559"
"already_has_items","STF/QTN/2419/2026-27","DARJEELING PLASTO MECH PRIVATE LIMITED","06-Aug-2026","3200000","3200000","target quotation id 2560"
"already_has_items","SB/QTN/16248/2026-27","Veda Engineering","06-Aug-2026","160000","160000","target quotation id 2561"
"already_has_items","STF/QTN/2420/2026-27","CHINIKESHEVA BRICKS","06-Aug-2026","2500000","2500000","target quotation id 2562"
"already_has_items","SB/16250R2/26-27","CARLSBERG INDIA","06-Aug-2026","4025000","4025000","target quotation id 2563"
"already_has_items","SB/QTN/16249/2026-27","SAMARTH BIO TECH LIMITED","06-Aug-2026","525000","525000","target quotation id 2564"
"already_has_items","SB/QTN/16247/2026-27","MSS Enterprise","05-Aug-2026","1855000","1855000","target quotation id 2565"
"already_has_items","STF/QTN/2402 B/2026-27","Orion chemicals","05-Aug-2026","4370000","4370000","target quotation id 2566"
"already_has_items","STF/QTN/2418/2026-27","Maven Laboratories","05-Aug-2026","3550000","3550000","target quotation id 2567"
"already_has_items","SB/QTN/16241/2026-27-F","Hyderabad MSW Energy Solutions Pvt. Ltd","04-Aug-2026","498000","408360","target quotation id 2568"
"already_has_items","STF/QTN/2342 BK /2025-26","NORMADA SECONDARY PASTING INDUSTRY","03-Aug-2026","3500000","2870000","target quotation id 2569"
"already_has_items","SB/QTN/16243/2026-27","NITHYA AGENCIES","03-Aug-2026","630000","630000","target quotation id 2570"
"already_has_items","SB/QTN/16242/2026-27","SUROJIT ENTERPRISES","03-Aug-2026","970000","970000","target quotation id 2571"
"already_has_items","SB/QTN/16208-F/25-26","HKM CHARITABLE FOUNDATION","31-Jul-2026","793200","793200","target quotation id 2572"
"already_has_items","SB/QTN/16240/R2/2026","FLEMING LABORATORIES LIMITED","31-Jul-2026","1740000","1914000","target quotation id 2573"
"already_has_items","SB/QTN/16207-R1-NRP-2LOT /26-27","HKM CHARITABLE FOUNDATION  -","31-Jul-2026","975000","975000","target quotation id 2574"
"already_has_items","SB/QTN/16239/2026-27","LKT ENGINEERING SERVICES","31-Jul-2026","1710000","1710000","target quotation id 2575"
"already_has_items","STF/QTN/2382-E-NRP-F/26-27 ","S Varshan Constructions","31-Jul-2026","5500000","5500000","target quotation id 2576"
"already_has_items","STF/QTN/2415/2026-27","SRI THIRUMALA AGRO","30-Jul-2026","7950000","7950000","target quotation id 2577"
"already_has_items","STF/QTN/2412/2026-27","TARA MAA NATURAL GRAINS PVT. LTD.","30-Jul-2026","3575000","3575000","target quotation id 2578"
"already_has_items","STF/QTN/2414/2026-27","SRI THIRUMALA AGRO","30-Jul-2026","3325000","3325000","target quotation id 2579"
"already_has_items","SB/QTN/16236/2026-27","Vamika Traders","30-Jul-2026","1165000","1165000","target quotation id 2580"
"already_has_items","STF/QTN/2413/2026-27","NALNEEL OVERSEAS","30-Jul-2026","1960000","1960000","target quotation id 2581"
"already_has_items","QTF/QTN/2401-R1-F/26-27","DHANADA GREEN VENTURES","26-Jul-2026","1992694","1992694","target quotation id 2582"
"already_has_items","SB/QTN/16234/2026-27","FABRIQUE LAUNDROMAT SERVICES P LTD","25-Jul-2026","14025","11500.5","target quotation id 2583"
"already_has_items","STF/QTN/2411/2026-27-F","SRI SAI BHASKAR RICE TRADERS","24-Jul-2026","3454000","3454000","target quotation id 2584"
"already_has_items","STF/QTN/2410 B/2026-27-F","Sree Padmavathi Agro Foods","24-Jul-2026","3850000","3850000","target quotation id 2585"
"already_has_items","STF/QTN/2410/2026-27-F","Sree Padmavathi Agro Foods","24-Jul-2026","3696000","3696000","target quotation id 2586"
"already_has_items","STF/QTN/2411 B/2026-27-F","SRI SAI BHASKAR RICE TRADERS","24-Jul-2026","3146000","3146000","target quotation id 2587"
"already_has_items","STF/QTN/2409/2026-27-F","Rajesh Kumar Enterprises","23-Jul-2026","2196480","2196480","target quotation id 2588"
"already_has_items","SB/QTN/16233/2026-27","BIO PLUS","23-Jul-2026","7290","7290","target quotation id 2589"
"already_has_items","SB/QTN/16186 B-R3/2026-27-","Sripati Labs","22-Jul-2026","385000","315700","target quotation id 2590"
"already_has_items","SB/QTN/16229 B/2026-27","GRINHI BEVERAGES","22-Jul-2026","1695000","1695000","target quotation id 2593"
"already_has_items","SB/QTN/16229/2026-27","GRINHI BEVERAGES","22-Jul-2026","1841000","1841000","target quotation id 2594"
"already_has_items","SB/QTN/16232-F/26-27","Jindal Naturecare Limited","22-Jul-2026","1793750","1793750","target quotation id 2595"
"already_has_items","STF/QTN/2406 B/2026-27","MANIKANTA CONSTRUCTIONS & INFRA","21-Jul-2026","2550000","2550000","target quotation id 2596"
"already_has_items","STF/QTN/2407/2026-27","NAYA PVT LTD","21-Jul-2026","5750000","5750000","target quotation id 2597"
"already_has_items","STF/QTN/2405 B/2026-27","Sarvani Laboratory","20-Jul-2026","6410000","6410000","target quotation id 2598"
"already_has_items","SB/QTN/16225/2026-27","DAYA ENGINEERING WORKS P LTD","17-Jul-2026","8500","6970","target quotation id 2599"
"already_has_items","STF/QTN/2403/2026-27","Raghava Life Sciences Pvt Ltd","14-Jul-2026","8655000","8655000","target quotation id 2600"
"already_has_items","SB/QTN/16215/2026-27-R1-F","FLEMING LABORATORIES LIMITED","13-Jul-2026","1695000","1695000","target quotation id 2601"
"already_has_items","STF/QTN/2401 B/2026-27","DHANADA GREEN VENTURES","11-Jul-2026","1372500","1372500","target quotation id 2602"
"already_has_items","SB/QTN/16172/2026-27-R2-F","Unicorn Nutrition Pvt Ltd","11-Jul-2026","2821500","2821500","target quotation id 2603"
"already_has_items","SB/QTN/15918-C-R3-F/2026-27","MATRI WATER PRODUCTS(P) LTD","10-Jul-2026","2086250","2086250","target quotation id 2604"
"already_has_items","STF/QUO/2401-F/26-27","DHANADA GREEN VENTURES","10-Jul-2026","1216100","1216100","target quotation id 2605"
"already_has_items","SB/QTN/16189/2026-27-R3-F-BK","SRI PADMAVATHI MILK & MILK PRODUCTS","08-Jul-2026","1086500","890930","target quotation id 2606"
"already_has_items","SB/QTN/16213/2026-27-F","Nosch Labs Private Limited","07-Jul-2026","22550","18491","target quotation id 2607"
"already_has_items","SB/QTN/16216/2025-26-F","Samasti Foods","07-Jul-2026","293875","240977.5","target quotation id 2608"
"already_has_items","SB/QTN/16214/2026-27-F","M/s DHANALAXMI RICE INDUSTRIES","07-Jul-2026","44100","36162","target quotation id 2609"
"already_has_items","STF/QTN/2399/2026-27","ELANADU MILK PVT LTD","02-Jul-2026","4785000","4785000","target quotation id 2610"
"already_has_items","-STF/QTN/2396-R2-NRP-ACT/26-27","GUJARAT FOODS","01-Jul-2026","4100000","4100000","target quotation id 2611"
"already_has_items","SB/QTN/16209/2026-27","AMSPRO BIOTECH PRIVATE LIMITED","01-Jul-2026","2931000","2931000","target quotation id 2612"
"already_has_items","SB/QTN/16210/2026-27","AURIO PHARMA LABORATORIES","01-Jul-2026","525000","525000","target quotation id 2613"
"already_has_items","SB/QTN/16209 A/2026-27","AMSPRO BIOTECH PRIVATE LIMITED","01-Jul-2026","4011000","4011000","target quotation id 2614"
"already_has_items","SB/QTN/16207-NRP//26-27","HKM CHARITABLE FOUNDATION","30-Jun-2026","921000","921000","target quotation id 2615"
"already_has_items","SB/QTN/16208-R1-F-OEM /2026-27-CP","REPUTE ENGINEERS P LTD","30-Jun-2026","1299700","1299700","target quotation id 2616"
"already_has_items","SB/QTN/16221/2026-27","MILKON DAIRY AND FOOD PRODUCTS PVT LTD","27-Jun-2026","1195000","1195000","target quotation id 2617"
"already_has_items","SB/QTN/16204/2026-27","SPAR INDUSTRIES","27-Jun-2026","1040000","1040000","target quotation id 2618"
"already_has_items","SB/QTN/16203-F/26-27","PERFECT ENGINEERS","27-Jun-2026","592500","592500","target quotation id 2619"
"already_has_items","SB/QTN/16205/2026-27","J K PALANISAMY","27-Jun-2026","775000","775000","target quotation id 2620"
"already_has_items","SB/QTN/16201/2026-27-F","SSB BRICKS","26-Jun-2026","12750","10455","target quotation id 2621"
"already_has_items","SB/QTN/16202/2026-27","SAKET CHAVA","26-Jun-2026","775000","775000","target quotation id 2624"
"already_has_items","SB/QT/16187-R3-NRP/26-27","RAGHAV TYRES PVT LTD","24-Jun-2026","1546000","1267720","target quotation id 2625"
"already_has_items","SB/QTN/16200/2026-27","Telangana Foods","24-Jun-2026","6000","4920","target quotation id 2626"
"already_has_items","SBB//16198/26-27","PRODAPTPIONEER ENGINEERS LLP","23-Jun-2026","25000","20500","target quotation id 2627"
"already_has_items","STF/QTN/2391/2026-27","BORN LIFE SCIENCES  PRIVATE LIMITED","20-Jun-2026","11020000","11020000","target quotation id 2628"
"already_has_items","STF/QTN/2395/2026-27","NAYA PVT LTD","19-Jun-2026","4425000","4425000","target quotation id 2629"
"already_has_items","SB/QTN/16193/2026-27-F","GLAND BOTANICA","19-Jun-2026","675000","675000","target quotation id 2630"
"already_has_items","SB/QTN/16188/2026-27-R1F","Suraj Labs","19-Jun-2026","27000","22140","target quotation id 2631"
"already_has_items","SB/QTN/16191/26-27","DHANSHREE PACKAGING","18-Jun-2026","10750","8815","target quotation id 2632"
"already_has_items","SB/QTN/16101 C/2026-27","TARUN GARG","18-Jun-2026","790000","790000","target quotation id 2633"
"already_has_items","STF/QTN/2393/2026-27","pran beverages india pvt ltd","18-Jun-2026","1520000","1520000","target quotation id 2634"
"already_has_items","SB/QTN/2392/2026-27","Menorah Industries","18-Jun-2026","1098000","1098000","target quotation id 2635"
"already_has_items","SB/QTN/16190/2026-27","ARB ENGINEERING & FABRICATORS","17-Jun-2026","835000","835000","target quotation id 2636"
"already_has_items","STF/QTN/2390/2026-27","Shree Awadh Agro Foods Pvt. Ltd.","16-Jun-2026","9650000","9650000","target quotation id 2637"
"already_has_items","STF/QTN/2389/2026-27","Nisarg Biosciences Pvt Ltd","16-Jun-2026","1950000","1950000","target quotation id 2638"
"already_has_items","STF/QTN/2388 B/2025-26","Siddiqui Mohammad Azeemuddin","15-Jun-2026","3330000","3330000","target quotation id 2639"
"already_has_items","STF/QTN/2387 A/2026-27","MYNAMPATI POLYMERS & CARBONS P LTD","15-Jun-2026","4690000","4690000","target quotation id 2640"
"already_has_items","SB/QTN/16152-R2-F/2026-27","AUBURN DESIGN PVT LTD","15-Jun-2026","948600","948600","target quotation id 2641"
"already_has_items","STF/QTN/2388A/2025-26","Siddiqui Mohammad Azeemuddin","15-Jun-2026","2497500","2497500","target quotation id 2642"
"already_has_items","STF/QTN/2387 B/2026-27","MYNAMPATI POLYMERS & CARBONS P LTD","15-Jun-2026","5090000","5090000","target quotation id 2643"
"already_has_items","SB/QTN/16185/2026-27","Sri Nitya Feeds","13-Jun-2026","9100","7462","target quotation id 2644"
"already_has_items","SB/QTN/16184/2026-27","N K PROTEINS","13-Jun-2026","192618","157946.76","target quotation id 2645"
"already_has_items","STF/QTN/2386/2026-27-F","Vindhyanchal Rice Mill Private Limited","13-Jun-2026","12330000","12330000","target quotation id 2646"
"already_has_items","SB/QTN/16183/2026-27-F","Crystal Pharmaa Chem","12-Jun-2026","44775","44775","target quotation id 2647"
"already_has_items","SB/QTN/16179/2026-27","Aindra Tech Private Limited","12-Jun-2026","1025000","1025000","target quotation id 2648"
"already_has_items","SB/QTN/16181-CP/26-27","SEDNA HORECA PVT LTD","11-Jun-2026","1502000","1502000","target quotation id 2649"
"already_has_items","STF/QTN/2385/2026-27","ORISSA CONCRETE & ALLIED INDUSTRIES LTF","11-Jun-2026","3390000","3390000","target quotation id 2650"
"already_has_items","SB/QTN/16180/2026-27","HUZAIF Khan","10-Jun-2026","2270000","2270000","target quotation id 2651"
"already_has_items","STF/QTN/2384/2026-27","HUZAIF Khan","10-Jun-2026","3100000","3100000","target quotation id 2652"
"already_has_items","SB/QTN/16178 B/2026","MAHAKALI FOOD INDUSTRIES","09-Jun-2026","1855000","1855000","target quotation id 2653"
"already_has_items","SB/16177R1/2026","COTEC PHARMA","09-Jun-2026","1330000","1496250","target quotation id 2654"
"already_has_items","SB/QTN/16176/2026-27","UniNova Enterprises","08-Jun-2026","1220000","1220000","target quotation id 2657"
"already_has_items","STF/QTN/2382-A-F/26-27","S Varshan Constructions","07-Jun-2026","5377500","5377500","target quotation id 2658"
"already_has_items","SB/QTN/16173-F/2026-27","Gorakh kumar Maddeshiya","07-Jun-2026","858500","858500","target quotation id 2659"
"already_has_items","STF/QTN/2372-B-F/26-27 ","RELSUS INDIA PVT LTD","06-Jun-2026","5421000","5421000","target quotation id 2660"
"already_has_items","STF/QTN/2380/2026-27","PRABHAT SINGH","05-Jun-2026","3675000","3675000","target quotation id 2661"
"already_has_items","SB/QTN/16102/2026-27-R1","RAYALSEEMA CONCRETE SLEEPERS PVT LTD","05-Jun-2026","244375","200387.5","target quotation id 2662"
"already_has_items","SB/QTN/16175/2026-27","LAGOS BIOLIFE","05-Jun-2026","1435000","1435000","target quotation id 2663"
"already_has_items","SB/QTN/16174/2026-27","NU-WAY HEATRANSFER PVT LTD","05-Jun-2026","90000","90000","target quotation id 2664"
"already_has_items","SB/QTN/16134-R1-F /2026-27","Brahma Enterprise","04-Jun-2026","1120000","1120000","target quotation id 2665"
"already_has_items","STF/QTN/2379/2026-27","Food Lovers Private Limited","04-Jun-2026","2565000","2565000","target quotation id 2666"
"already_has_items","SB/QTN/16172 B/2026-27","Unicorn Nutrition Pvt Ltd","03-Jun-2026","2505000","2505000","target quotation id 2667"
"already_has_items","SB/QTN/16170/2026-27","Granary Agro LLP","02-Jun-2026","15600","12792","target quotation id 2668"
"already_has_items","SB/QTN/16171/2026-27","Ferrox Chemicals","02-Jun-2026","72760","59663.2","target quotation id 2669"
"already_has_items","SB/QTN/16168/2026-27","Nellore District Milk Producers Mutually Aided Co-op Union Ltd","29-May-2026","72250","72250","target quotation id 2670"
"already_has_items","SB/16166/2026-27","GOVIND INDUSTRIES","29-May-2026","611050","501061","target quotation id 2671"
"already_has_items","SB/QTN/15995 A-R1-F/2025-26","Nitroalkanes Specialist Pvt Ltd","28-May-2026","1343000","1343000","target quotation id 2672"
"already_has_items","SB/QTN/16164/2026-27","Botanic Healthcare p ltd","28-May-2026","4420","3624.4","target quotation id 2673"
"already_has_items","SB/QTN/16148-R1-F/26-27","MIDWEST LIMITED","28-May-2026","2457250","2457250","target quotation id 2674"
"already_has_items","STF/QTN/2378 A/2026-27","RAJESH NARRULE","27-May-2026","3615000","3615000","target quotation id 2675"
"already_has_items","STF/QTN/2378 B/2026-24","RAJESH NARRULE","27-May-2026","4575000","4575000","target quotation id 2676"
"already_has_items","SB/QTN/16161/2026-27--R1","Island Veer Chemie Pvt.Ltd,","26-May-2026","10550","8651","target quotation id 2677"
"already_has_items","SB/QTN/16162/2026-27-R1","TKIL Industries Pvt. Ltd.","26-May-2026","7872","6455.04","target quotation id 2678"
"already_has_items","SB/QTN/16158/2026-27-R1","UniNova Enterprises","26-May-2026","76360","76360","target quotation id 2679"
"already_has_items","SB/QTN/16160/2026-27","Expert Dry","25-May-2026","775000","775000","target quotation id 2680"
"already_has_items","SB/QTN/1640/2026-27-R1","Connex Pharma P LTD","25-May-2026","350000","350000","target quotation id 2681"
"already_has_items","SB/QTN/16143/-R2-F/2026-27","Alkaloids PVT LTD","25-May-2026","105922","105922","target quotation id 2682"
"already_has_items","SB/QTN/16144-R2F/26-27","SHARANA FOODS","25-May-2026","180800","180800","target quotation id 2683"
"already_has_items","SB/QTN/16159/2026-27-F","TRANSWORLD FURTICHEM LTD","25-May-2026","517500","517500","target quotation id 2684"
"already_has_items","SB/QTN/16142 B/2026-27","NEOCELL BIOTECHNOLOGIES P LTD","23-May-2026","549000","549000","target quotation id 2685"
"already_has_items","SB/QTN/16157/2026-27-R1-F","Sankaraiah Rice Mill","23-May-2026","1011500","1011500","target quotation id 2686"
"already_has_items","SB/16155/26","MALABAR VANEERS","23-May-2026","103616","91078.46","target quotation id 2687"
"already_has_items","STF/QTN/2375-F/26-27","TAGORE LABORATORIES PVT LTD","23-May-2026","7065000","7065000","target quotation id 2688"
"already_has_items","SB/QTN/16153/2026-27-R2F","N K PROTEINS","22-May-2026","33000","27060","target quotation id 2689"
"already_has_items","STF/QTN/2372-CP-F/26-27","RELSUS INDIA PVT LTD","21-May-2026","2085750","2085750","target quotation id 2690"
"already_has_items","STF/QTN/2363-R1-F/26-27","INDORE SWEETS","21-May-2026","1117600","1117600","target quotation id 2691"
"already_has_items","SB/QTN/16154/2026-27","V R Process Engineering Consultants Pvt. Ltd.","21-May-2026","650000","650000","target quotation id 2692"
"already_has_items","SB/QTN/16151/2026-27-F","AMEENJI RUBBER LTD","20-May-2026","1105000","1105000","target quotation id 2693"
"already_has_items","SB/QTN/16149/2026-27","CARLTON PHARMACEUTICALS & CHEMICALS P LTD","19-May-2026","1550000","1550000","target quotation id 2694"
"already_has_items","SB/QTN/16150/2026-27-R1-NRP","SRI MAHADEV INDUSTRY","19-May-2026","350000","350000","target quotation id 2695"
"already_has_items","SB/QTN/2329-D-R3-F/26-27","MIDWEST LIMITED","18-May-2026","2362450","2362450","target quotation id 2696"
"already_has_items","SB/QTN/16131-B-CP-F/26-27","KAMROOP TIMBER","14-May-2026","811500","811500","target quotation id 2697"
"already_has_items","STF/QTN/2372-F/26-27","PRADEEP SAHA","14-May-2026","4025000","4025000","target quotation id 2698"
"already_has_items","SB/QTN/16101 B/2026-27-R1","TARUN GARG","13-May-2026","555000","555000","target quotation id 2699"
"already_has_items","SB/QTN/16141/2026-27","ChemSepT Engineering Pvt Ltd","12-May-2026","525000","525000","target quotation id 2700"
"already_has_items","STF/QTN/2371/2026-27","Datta Krupa Stone Crusher","12-May-2026","3250000","3250000","target quotation id 2701"
"already_has_items","STF/QTN/2370 B/2026-27","K.R. Textile Mills","12-May-2026","3245000","3245000","target quotation id 2702"
"already_has_items","STF/QTN/2370/2026-27","K.R. Textile Mills","12-May-2026","3380000","3380000","target quotation id 2703"
"already_has_items","SB/QTN/16131/2026-27","SOMESH ENTERPRISES","11-May-2026","80800","66256","target quotation id 2704"
"already_has_items","STF/QTN/2369/2026-27","Assam Live stock And Poultry Corporation Ltd(ALPCO LTD.)","11-May-2026","3593000","3593000","target quotation id 2705"
"already_has_items","SB/QTN/16138/2026-27","Vindhyanchal Rice Mill Private Limited","11-May-2026","1730000","1730000","target quotation id 2706"
"already_has_items","SB/QTN/16139/2026-27-R1","BIO PLUS","11-May-2026","374000","374000","target quotation id 2707"
"already_has_items","SB/QTN/14522-R5-NRP/25-26","Elite Infra Products","07-May-2026","1878500","1878500","target quotation id 2708"
"already_has_items","SB/QTN/16133/2026-27","agya Holdings pvt ltd","07-May-2026","160000","160000","target quotation id 2709"
"already_has_items","SB/QTN/16132/2026-27","AUBURN DESIGN PVT LTD","06-May-2026","675000","553500","target quotation id 2710"
"already_has_items","STF/QTN/2367-A-F/26-27","RAMSON ENGINEERING ENTERPRISES","06-May-2026","4008000","4008000","target quotation id 2711"
"already_has_items","STF/QTN/2366/2026-27","ORISSA CONCRETE & ALLIED INDUSTRIES LTF","05-May-2026","3390000","3390000","target quotation id 2712"
"already_has_items","SB/QTN/16124/2026-27","Dinesh Pharma Labs Pvt Ltd","04-May-2026","1450000","1450000","target quotation id 2713"
"already_has_items","SB/QTN/16125/2026-27","SINGHANIA RECYCLING P LTD","04-May-2026","1590000","1590000","target quotation id 2714"
"already_has_items","STF/QTN/2363/25-26 ","INDORE SWEETS","04-May-2026","1150000","1150000","target quotation id 2715"
"already_has_items","SB/QTN/16123 B/2026-27-F","LAL SWEETS","04-May-2026","2384800","2384800","target quotation id 2716"
"already_has_items","STF/QTN/2361-B-R1-F/2026-27","MOHAN FEEDS & CHEMICALS P LTD","28-Apr-2026","3402300","3402300","target quotation id 2717"
"already_has_items","SB/QTN/16119/2026-27","Shreyansh Enterprise","27-Apr-2026","427000","427000","target quotation id 2718"
"already_has_items","SB/QTN/16117/2026-27-F-R2","VIJETHA POLYMERS","25-Apr-2026","922250","756245","target quotation id 2719"
"already_has_items","SB/QTN/16114/2026-27","Gloster Cables Limited","24-Apr-2026","47250","38745","target quotation id 2720"
"already_has_items","SB/QTN/16115/2026-27","DAYAL MILK PRODUCT","24-Apr-2026","1195000","1195000","target quotation id 2721"
"already_has_items","SB/QTN/14522-R3-F/25-26","Elite Infra Products","22-Apr-2026","2411875","2411875","target quotation id 2722"
"already_has_items","SB/QTN/16108/2026-27","PRINCE ABHISHEK","22-Apr-2026","700000","700000","target quotation id 2723"
"already_has_items","SB/QTN/16111/2026-27","Prateek","22-Apr-2026","775000","775000","target quotation id 2724"
"already_has_items","SB/16110/26-27","BALAJI BOARDS","22-Apr-2026","405000","465750","target quotation id 2725"
"already_has_items","SB/16107/26-27","SRI LAKSHMI CHEMICALS","20-Apr-2026","1570000","1570000","target quotation id 2726"
"already_has_items","STF/QTN/2329-C-R2/25-26","MIDWEST LIMITED","20-Apr-2026","4441500","4441500","target quotation id 2727"
"already_has_items","SB/QTN/16104/2026-27","Emcor Packaging Private Limited","18-Apr-2026","40590","33283.8","target quotation id 2728"
"already_has_items","SB/QTN/16085-B-NRP/2026-27","HOTEL AMBASSAD0R","18-Apr-2026","420500","420500","target quotation id 2729"
"already_has_items","SB/QTN/2359-R2-F/2026-27","MAYA SAW MILL AND INDUSTRIES","17-Apr-2026","2465000","2465000","target quotation id 2730"
"already_has_items","STF/QTN/2303-R3-F/25-26 ","Coromandel Concrete Products Pvt Ltd.","17-Apr-2026","1908900","1908900","target quotation id 2731"
"already_has_items","STF/QTN/2360/26-27","AAC NAVED BHAI","17-Apr-2026","3601000","3601000","target quotation id 2732"
"already_has_items","STF/QTN/2358 B/2026-27","Trimukta Ventures Pvt Ltd","16-Apr-2026","6125000","6125000","target quotation id 2733"
"already_has_items","STF/QTN/2357-R2-F-NRP/26-27","Sri Sai Ram Packaging","16-Apr-2026","3921000","3921000","target quotation id 2734"
"already_has_items","STF/QTN/2356-A-F/26-27","KAR BAKERY EQUIPMENTS INDIA PVT LTD","15-Apr-2026","703800","703800","target quotation id 2735"
"already_has_items","SB/QTN/16103/2026-27","UniNova Enterprises","15-Apr-2026","198825","163036.5","target quotation id 2736"
"already_has_items","STF/QTN/2356-B","KAR BAKERY EQUIPMENTS INDIA PVT LTD","15-Apr-2026","1060000","1060000","target quotation id 2737"
"already_has_items","SB/QTN/16101/2026-27","TARUN GARG","14-Apr-2026","880000","880000","target quotation id 2738"
"already_has_items","SB/QTN/16099/2026-27","I TECH EQUIPMENTS","13-Apr-2026","1441000","1441000","target quotation id 2739"
"already_has_items","STF/QTN/2354/2026-27","ESHWAR SWEETS","13-Apr-2026","1780000","1780000","target quotation id 2740"
"already_has_items","SB/QTN/2347-R1-F /2025-26","SS Engineers India","11-Apr-2026","880200","880200","target quotation id 2741"
"already_has_items","SB/QTN/16097/2026-27","FB AGRIVET","10-Apr-2026","2755000","2755000","target quotation id 2742"
"already_has_items","SB/QTN/16096/2026-27","LIFE LINE SPRINGS","09-Apr-2026","22270","18261.4","target quotation id 2743"
"already_has_items","SB/QTN/16065 C/2026-27","The Rajlakshmi cotton mills pvt ltd","09-Apr-2026","1395000","1395000","target quotation id 2744"
"already_has_items","STF/QTN/2352 B/2026-27","SATYA TILES","08-Apr-2026","3590000","3590000","target quotation id 2745"
"already_has_items","STF/QTN/2352 A/2026-27","SATYA TILES","08-Apr-2026","4900000","4900000","target quotation id 2746"
"already_has_items","SB/QTN/16092 B/2026-27","EXPORT PROMOTION COUNCIL FOR HANDICRAFTS","08-Apr-2026","1640000","1640000","target quotation id 2747"
"already_has_items","SB/QTN/16092 A/2025-26","EXPORT PROMOTION COUNCIL FOR HANDICRAFTS","08-Apr-2026","1135000","1135000","target quotation id 2748"
"already_has_items","SB/QTN/16092/2025-26","The Rajlakshmi cotton mills pvt ltd","08-Apr-2026","1010000","1010000","target quotation id 2749"
"already_has_items","SB/QTN/16065-B/25-26 ","The Rajlakshmi cotton mills pvt ltd","08-Apr-2026","1270000","1270000","target quotation id 2750"
"already_has_items","SB/QTN/16091/25-26","PRAVAAR CAST INDUSTRIES","07-Apr-2026","2750000","2255000","target quotation id 2751"
"already_has_items","SB/QTN/16090/2025-26-F-R2","KASHI ANNAPURANA MILK","07-Apr-2026","913000","748660","target quotation id 2752"
"already_has_items","SB/QTN/16089-B-R2-F/Kalahasti","ISKON TIRUPATI","06-Apr-2026","1061450","1061450","target quotation id 2753"
"already_has_items","STF/QTN/2350/2026-27","SARVANI FOR LASTING MEMORIES","06-Apr-2026","1595000","1595000","target quotation id 2754"
"already_has_items","STF/QTN/2348/26-27","FERTIS INDIA PVT LTD","04-Apr-2026","5920000","5920000","target quotation id 2755"
"already_has_items","STF/QTN/2347/2025-26","SS Engineers India","03-Apr-2026","800100","800100","target quotation id 2756"
"already_has_items","SB/QTN/16088/2025-26","The Ravals Treatery","02-Apr-2026","775000","775000","target quotation id 2757"
"already_has_items","STF/QTN/2336-R1-F/2025-26","Amarnaathh Engineering","02-Apr-2026","4221300","4221300","target quotation id 2758"
"already_has_items","SB/QTN/16087/2025-26","MAHESHWARI OILS","01-Apr-2026","44800","36736","target quotation id 2759"
"already_has_items","SB/QTN/16084/2025-26","St.Antonys Modern Rice Mill","31-Mar-2026","1530000","1530000","target quotation id 2760"
"already_has_items","STF/QTN/2344-B-F/25-26","SOMESHWAR ENTERPRISES","30-Mar-2026","981200","981200","target quotation id 2761"
"already_has_items","SB/QTN/16080-F/25-26","Seutic Pharma Pvt Ltd","27-Mar-2026","135000","135000","target quotation id 2762"
"already_has_items","SB/QTN/16081-F/25-26","AP MARKFED COOPERATIVE","27-Mar-2026","87250","87250","target quotation id 2763"
"already_has_items","STF/QTN/2342 B/2025-26","NORMADA SECONDARY PASTING INDUSTRY","27-Mar-2026","3180000","3180000","target quotation id 2764"
"already_has_items","STF/QTN/2341/2025-26","AAVISHKAR HYFAB INDUSTRIES LTD","27-Mar-2026","3290000","3290000","target quotation id 2765"
"already_has_items","SB/QTN/16078/2025-26","UniNova Enterprises","26-Mar-2026","840000","840000","target quotation id 2766"
"already_has_items","1082A-R4-NO-REGT-FINAL","M/s.SAI NIKHIL PHARMA","25-Mar-2026","3252650","2667173","target quotation id 2767"
"already_has_items","STF/QTN/2337/2025-26","ORRISA CONCRETE AND ALLIED INDUSTRIES PVT LTD","24-Mar-2026","2430000","2430000","target quotation id 2768"
"already_has_items","STF/QTN/2338/2025-26","AIR STONE INFRATECH PVT LTD","24-Mar-2026","4305000","4305000","target quotation id 2769"
"already_has_items","STF/QTN/2334/2025-26","NISARGA BIOTECH PVT LTD","21-Mar-2026","1775000","1775000","target quotation id 2770"
"already_has_items","SB/QTN/16075/2025-26","Rajasthan Sweets","20-Mar-2026","465000","465000","target quotation id 2771"
"already_has_items","SB/QTN/16072/2025-26","AP MARKFED","20-Mar-2026","9000","7380","target quotation id 2772"
"already_has_items","SB/QTN/16074/2025-26","Biomatic","19-Mar-2026","28000","28000","target quotation id 2773"
"already_has_items","SB/QTN/16064-R2-C-F/25-26","AET LABORATORIES PVT. LTD.","18-Mar-2026","1861500","1861500","target quotation id 2774"
"already_has_items","SB/QTN/16061/2025-26-F","Avdhoot Patil","18-Mar-2026","652500","652500","target quotation id 2775"
"already_has_items","SB/QTN/16011 C-R1-F/2025-26-R1","SK SWASTHIK","17-Mar-2026","625500","625500","target quotation id 2776"
"already_has_items","SB/QTN/16069-F-ACT","RATTAN INDUSTRIAL INDIA PVT LTD","17-Mar-2026","700000","700000","target quotation id 2777"
"already_has_items","SB/QTN/16068/2025-26","HBL POWER SYSTEMS LTD","16-Mar-2026","350000","350000","target quotation id 2778"
"already_has_items","SB/QTN/16067/2025-26","KRISHNA AAC BUILDING","16-Mar-2026","22500","22500","target quotation id 2779"
"already_has_items","STF/QTN/2331/2025-26-F","BURDHAN INDUSTRIES","16-Mar-2026","1976250","1976250","target quotation id 2780"
"already_has_items","SB/QTN/16063/2025-26","Honour Lab Ltd","13-Mar-2026","74700","74700","target quotation id 2781"
"already_has_items","STF/QTN/2328-F/25-26","RPM EXIM PVT LTD","13-Mar-2026","4545000","4545000","target quotation id 2782"
"already_has_items","SB/QTN/16062/2025-26","KAMALA CASHEW INDUSTRIES","12-Mar-2026","1485000","1485000","target quotation id 2783"
"already_has_items","SB/QTN/16037-R2-F/2025-26-","Srikar Laboratories","11-Mar-2026","53850","53850","target quotation id 2784"
"already_has_items","SB/QTN/16060/2025-26","KAVERI ENGINEERING","10-Mar-2026","1775000","1775000","target quotation id 2785"
"already_has_items","SB/QTN/16047-R1/2025-26","Alkaloids PVT LTD","10-Mar-2026","152000","124640","target quotation id 2786"
"already_has_items","SB/QTN/16059-F/25-26","CENTRALIZED MICRO DISTILLERY","10-Mar-2026","2455500","2455500","target quotation id 2787"
"already_has_items","SB/QTN/16061/2025-26","Alkaloids PVT LTD","10-Mar-2026","287200","235504","target quotation id 2788"
"already_has_items","SV/QTN/1290/2025-26","Kreative Organics Private Limited","09-Mar-2026","71352","58508.64","target quotation id 2789"
"already_has_items","SB/QTN/16028-R1-F/25-26","PROJECT PERFECT ENGINEERING WORKS","09-Mar-2026","1125000","1125000","target quotation id 2790"
"already_has_items","SB/QTN/16056/2025-26","Patil Group","09-Mar-2026","80750","80750","target quotation id 2791"
"already_has_items","SB/QTN/16054-F/25-26 ","Visakha Milk Products India Private Limited","08-Mar-2026","1167150","1167150","target quotation id 2792"
"already_has_items","SB/QTN/16053/2025-26","GUJJULA VAMSHI KRISHNA REDDY","07-Mar-2026","460000","460000","target quotation id 2793"
"already_has_items","SB/QTN/16048/25-26 ","VISHAKA DAIRY","05-Mar-2026","850000","850000","target quotation id 2794"
"already_has_items","SB/QTN/16049/2025-26","ATHENA PROCESS DESIGN & MANUFACTURING","05-Mar-2026","1530000","1530000","target quotation id 2795"
"already_has_items","STF/QTN/2315-R5-F/25-26","VIRCHOW BIOTECH P LTD","05-Mar-2026","7453750","7453750","target quotation id 2796"
"already_has_items","STF/QTN/2259-E-R1-F/2025-26","SRI MAHAVEER SPECIALITY PAPERS","03-Mar-2026","4000000","4000000","target quotation id 2797"
"already_has_items","STF/QTN/2120-BK/25-26","SREE INDUSTRIES","28-Feb-2026","750000","615000","target quotation id 2798"
"already_has_items","STF/QTN/16046/2025-26","GANESH BANE","28-Feb-2026","1875000","1875000","target quotation id 2799"
"already_has_items","STF/QTN/2324 F/2025-26","Green Garden Agro Products","27-Feb-2026","2835000","2835000","target quotation id 2800"
"already_has_items","SB/QTN/16045/2025-26-F","Suraj Labs","27-Feb-2026","6256","5129.92","target quotation id 2801"
"already_has_items","STF/QTN/2325/2025-26","DAYA ENGINEERING WORKS P LTD","27-Feb-2026","2025000","2025000","target quotation id 2802"
"already_has_items","SB/QTN/16044/2025-26","Smart feed industries Pvt Ltd","25-Feb-2026","2185000","2185000","target quotation id 2803"
"already_has_items","SB/QTN/16043/2025-26","Alkaloids PVT LTD","25-Feb-2026","110250","110250","target quotation id 2804"
"already_has_items","SB/QTN/16038/2025-26-R1-","Simberg Aquaspring Private Limited","24-Feb-2026","1251500","1026230","target quotation id 2805"
"already_has_items","STF/QTN/2321/2025-26","GAYATRI FLY ASH BRICKS & CLOCKS","24-Feb-2026","2700000","2700000","target quotation id 2806"
"already_has_items","STF/QTN/2319/2025-26","WINGSSKYMARK PRIVATE LIMITED","23-Feb-2026","5010000","5010000","target quotation id 2807"
"already_has_items","SB/QTN/16042/2025-26-F","Sri Sai Ram Seeds","23-Feb-2026","89462","73358.84","target quotation id 2808"
"already_has_items","STF/QTN/2306 BF/2025-26","Varapradda Construction & Developers","21-Feb-2026","3402000","3402000","target quotation id 2809"
"already_has_items","STF/QTN/2286-R3-NRP/25-25","Shodana Labs","21-Feb-2026","1323000","1323000","target quotation id 2810"
"already_has_items","SB/QTN/15931 B-R1-F/2025-26","STARCHIK FOOD PRIVATE LTD","21-Feb-2026","966200","966200","target quotation id 2811"
"already_has_items","SB/QTN/160039/2025-26","RENU TECHNO ENGINEERING","19-Feb-2026","375000","375000","target quotation id 2812"
"already_has_items","SB/QTN/16027-R2-F/2025-26","RIL","19-Feb-2026","906500","743330","target quotation id 2813"
"already_has_items","STF/QTN/2318/2025-26","SUNANDA KUMARI PANDA","18-Feb-2026","3838500","3147570","target quotation id 2814"
"already_has_items","SB/QTN/16037/2025-26","Srikar Laboratories","18-Feb-2026","127500","104550","target quotation id 2815"
"already_has_items","SB/QTN/15768-R10-F/2025-26","CRESCENT FORMULATION","18-Feb-2026","2932100","2932100","target quotation id 2816"
"already_has_items","STF/QTN/2316/2025-26","SAHABADI INDUSTRIES","16-Feb-2026","3350000","2747000","target quotation id 2817"
"already_has_items","STF/QTN/16036-R1-F/2025-26","VIRCHOW BIOTECH P LTD","15-Feb-2026","1782000","1782000","target quotation id 2818"
"already_has_items","SB/QTN/16035/2025-26","MAHINDRA FOODS LTD","14-Feb-2026","1830000","1830000","target quotation id 2819"
"already_has_items","SB/QTN/16031/2025-26","SHOBHA LIFE SCIENCES PVT LTD","13-Feb-2026","40000","40000","target quotation id 2820"
"already_has_items","STF/QTN/2308-F-F/25-26","SIGNOVA CROP SCIENCES PVT LTD","13-Feb-2026","5965250","5965250","target quotation id 2821"
"already_has_items","SB/QTN/16032 F /2025-26","KRISHAN KUMAR KAGRA","13-Feb-2026","922500","922500","target quotation id 2822"
"already_has_items","SB/QTN/16028 F/2025-26","PROJECT PERFECT ENGINEERING WORKS","10-Feb-2026","4198500","4198500","target quotation id 2823"
"already_has_items","STF/QTN/2313 F/2025-26","AL RAYAN EXPORS","09-Feb-2026","3690000","3690000","target quotation id 2824"
"already_has_items","SB/QTN/16026/2025-26","SANJEEB KUMAR MOHAPATRA","09-Feb-2026","400000","400000","target quotation id 2825"
"already_has_items","SB/QTN/16022-R1-F/2025-26","SMS PHARMACEUTICALS LTD","07-Feb-2026","306000","306000","target quotation id 2826"
"already_has_items","SB/QTN/16023 F/2025-26","SMS PHARMACEUTICALS LTD","07-Feb-2026","1210500","1210500","target quotation id 2827"
"already_has_items","SB/QTN/16024 F/2025-26","ADITYA PATEL","07-Feb-2026","472500","472500","target quotation id 2828"
"already_has_items","STF/QTN/2271-R1-F/25-26","ANITA DAIRY","07-Feb-2026","1400000","1400000","target quotation id 2829"
"already_has_items","SB/QTN/16025/2025-26-F","ChemSepT Engineering Pvt Ltd","07-Feb-2026","810000","810000","target quotation id 2830"
"already_has_items","STF/QTN/2310/2025-26","Anjaneya Bricks and cement","06-Feb-2026","2550000","2550000","target quotation id 2831"
"already_has_items","STF/QTN/2282 B-R1-NRP /2025-26-R1","VEPURI AGRO PRODUCTS","06-Feb-2026","3221000","3221000","target quotation id 2832"
"already_has_items","STF/QTN/2311 A/2025-26","ANIL UPADHAYA","06-Feb-2026","3650000","3650000","target quotation id 2833"
"already_has_items","STF/QTN/2311 B/2025-26","ANIL UPADHAYA","06-Feb-2026","3900000","3900000","target quotation id 2834"
"already_has_items","STF/QTB/2310/2025-26","Anjaneya Bricks and cement","06-Feb-2026","2244000","2244000","target quotation id 2835"
"already_has_items","STF/QTN/2309-R1-F/2025-26","OMM SMART BLOCKS","06-Feb-2026","2551000","2551000","target quotation id 2836"
"already_has_items","SB/QTN/16009/2025-26-R2","SNECOFRi","06-Feb-2026","1228000","1228000","target quotation id 2837"
"already_has_items","STF/QTN/2308 A/2025-26","SIGNOVA CROP SCIENCES PVT LTD","05-Feb-2026","4171500","4171500","target quotation id 2838"
"already_has_items","STF/QTN/2308 BF/2025-26","SIGNOVA CROP SCIENCES PVT LTD","05-Feb-2026","3666500","3666500","target quotation id 2840"
"already_has_items","STF/QTN/2307-D-F /25-26","SIGNOVA CROP SCIENCES PVT LTD","05-Feb-2026","6822500","6822500","target quotation id 2841"
"already_has_items","SB/QTN/16005-R2-F/2025-26","SRI DURGA WOOD TRADERS","04-Feb-2026","1080000","1080000","target quotation id 2842"
"already_has_items","SB/QTN/16005-R1-F/2025-26","SRI DURGA WOOD TRADERS","04-Feb-2026","1102500","1102500","target quotation id 2843"
"already_has_items","SB/QTN/16017/2025-26","Sree Balaji feeds","03-Feb-2026","1635000","1635000","target quotation id 2844"
"already_has_items","SB/QTN/16021 F/2025-26","Agrisol India Private Limited","03-Feb-2026","117000","117000","target quotation id 2845"
"already_has_items","SB/QTN/160019/2025-26","Mayoori Furniture","03-Feb-2026","1780000","1780000","target quotation id 2846"
"already_has_items","SB/QTN/16020/2025-26","HBL Power Systems Ltd","03-Feb-2026","7380","7380","target quotation id 2847"
"already_has_items","SB/QTN/16018/2025-26","Chhavi Nutricos Industries LLP","03-Feb-2026","775000","775000","target quotation id 2848"
"already_has_items","SB/QTN/16014 C-NRP/2025-26","Cubex tubings ltd ,Mr.Mohan Sharma","02-Feb-2026","551750","551750","target quotation id 2849"
"already_has_items","SB/QTN/16016-F/25-26","IMMEUREKA ANIMAL HEALTH PVT. LTD","02-Feb-2026","2489730","2489730","target quotation id 2850"
"already_has_items","SB/QTN/16011/2025-26","SK SWASTHIK","31-Jan-2026","755000","755000","target quotation id 2851"
"already_has_items","SB/QTN/16010/2025-26","Suraj Labs","31-Jan-2026","6630","6630","target quotation id 2852"
"already_has_items","STF/QTN/2305-F/25-26","QUALITEK PHARMA","28-Jan-2026","2381500","2381500","target quotation id 2853"
"already_has_items","SB/QTN/16007-F/25-26","PRAVAAR CAST INDUSTRIES","28-Jan-2026","2475000","2475000","target quotation id 2854"
"already_has_items","SB/QTN/16006 A/2025-26","Mformillet foods p ltd","23-Jan-2026","2525000","2525000","target quotation id 2855"
"already_has_items","SB/QTN/16005 A/2025-26","Mformillet foods p ltd","23-Jan-2026","2461000","2461000","target quotation id 2856"
"already_has_items","SB/QTN/16006 B/2025-26","Mformillet foods p ltd","23-Jan-2026","1480000","1480000","target quotation id 2857"
"already_has_items","SB/QTN/16005/2025-26","MOHAN SETHUPALLY","23-Jan-2026","1275000","1275000","target quotation id 2858"
"already_has_items","SB/QTN/16004/2025-26","Sri Laxmi Nivasa Ply and Boards","22-Jan-2026","135000","135000","target quotation id 2859"
"already_has_items","STF/QTN/2301-F/25-26","SWOSTI PUJAN MISTANNA BHANDAR","21-Jan-2026","2287750","2287750","target quotation id 2860"
"already_has_items","STF/QTN/2304-F/25-26","SRK ORGANICS PVT LTD","21-Jan-2026","3717250","3717250","target quotation id 2861"
"already_has_items","STF/QTN/2302-B-F/25-26","SUNITA MISHRA  - AAC Plant","21-Jan-2026","4999000","4999000","target quotation id 2862"
"already_has_items","SB/QRN/16002-F/25-26","CHORUS LABS","20-Jan-2026","403554","403554","target quotation id 2863"
"already_has_items","S/QTN/15998-R1/2025-26","PRATIK INDUSTRIES","20-Jan-2026","66000","66000","target quotation id 2864"
"already_has_items","STF/QTN/2299-F/25-26","Bio-Med Ingredients Pvt. Ltd.","19-Jan-2026","2990000","2990000","target quotation id 2865"
"already_has_items","SB/QTN/15979-R2-F NRP/2025-26","JSW LAUNDRY SOLUTIONS","19-Jan-2026","1895000","1895000","target quotation id 2866"
"already_has_items","SB/QTN/16000/-R12025-26","TAGOOR LABORATORIES PRIVATE LIMITED","19-Jan-2026","40000","32800","target quotation id 2867"
"already_has_items","SB/QTN/16001/2025-26","JAI FOODS","19-Jan-2026","167000","136940","target quotation id 2868"
"already_has_items","SB/15999/26","ISLAND VEERCHEMIE P LTD","19-Jan-2026","350000","287000","target quotation id 2869"
"already_has_items","SB/QTN/15997 BF/202526","Shri Swami Samarth Industries","19-Jan-2026","660000","660000","target quotation id 2870"
"already_has_items","SB/QTN/15997 A/2025-26","Shri Swami Samarth Industries","19-Jan-2026","673200","673200","target quotation id 2871"
"already_has_items","STF/QTN/2257-C-F/25-26","DUARS TIMBER CONCERNS","19-Jan-2026","2355000","2355000","target quotation id 2872"
"already_has_items","STF/QTN/2257-B-R1-F/2025-26","DUARS TIMBER CONCERNS","19-Jan-2026","3023000","3023000","target quotation id 2873"
"already_has_items","SB/QTN/15994/2025-26","Venkateshwara Coir Industry","17-Jan-2026","40000","32800","target quotation id 2874"
"already_has_items","SB/QTN/15995 B-R1-F/2025-26","Nitroalkanes Specialist Pvt Ltd","17-Jan-2026","1436250","1436250","target quotation id 2875"
"already_has_items","SB/QTN/15993/2025-26","SRI SAPTHAGIRI INDUSTRIES","16-Jan-2026","975000","975000","target quotation id 2876"
"already_has_items","SB/QTN/15989-F/25-26 ","Sai Venkateshwara Corrugators","15-Jan-2026","304000","304000","target quotation id 2877"
"already_has_items","SB/QTN/15990-F/25-26 ","AKASH PLYWOOD","15-Jan-2026","1241000","1241000","target quotation id 2878"
"already_has_items","SB/QTN/15987/2025-26","COTEC PHARMA","12-Jan-2026","820000","820000","target quotation id 2879"
"already_has_items","SB/QTN/15986/2025-26-F","NEOTECH ENERGY SYSTEMS PVT LTD","10-Jan-2026","943000","943000","target quotation id 2880"
"already_has_items","STF/QTN/1026-E-R3-NRP/ 25-26-NRP","UBIC LIFE SCIENCES","10-Jan-2026","3473500","3473500","target quotation id 2881"
"already_has_items","STF/QTN/2288/2025-26-R1","Regal Healthy Fine Foods Private Limited","09-Jan-2026","3325000","3325000","target quotation id 2882"
"already_has_items","SB/QTN/2297/2025-26","INGEX BOTANICALS LTD","08-Jan-2026","7605000","7605000","target quotation id 2883"
"already_has_items","SB/QTN/15985-B-F/25-26","SRI LAKSHMI VENKATESHWARA BEVERAGES","08-Jan-2026","1513000","1513000","target quotation id 2884"
"already_has_items","SB/QTN/15984 F/2025-26","BAJAJ CHEMICAL INDUSTRIES","07-Jan-2026","684000","684000","target quotation id 2885"
"already_has_items","SB/QTN/15975/2025-26-R1F","Torrent Pharma Ltd","07-Jan-2026","64800","64800","target quotation id 2886"
"already_has_items","SB/QTN/15983/2025-26","Bhavuk Singh","07-Jan-2026","2100000","2100000","target quotation id 2887"
"already_has_items","SB/QTN/15981/2025-26-F","Nosch Labs Private Limited","07-Jan-2026","29700","29700","target quotation id 2888"
"already_has_items","SB/QTN/15963 B/2025-26-R1","ROUT EDUCATION TRUST","06-Jan-2026","520700","520700","target quotation id 2889"
"already_has_items","SB/QTN/15963 A/2025-26-R1","ROUT EDUCATION TRUST","06-Jan-2026","430500","430500","target quotation id 2890"
"already_has_items","SB/QTN/15980/2025-26","SIDS FARM","06-Jan-2026","75000","75000","target quotation id 2891"
"already_has_items","QTN/STF/2295-R2-NRP-F-INDORE25-26","KAMMAC PROJECTS","06-Jan-2026","3070000","3070000","target quotation id 2892"
"already_has_items","SB/QTN/15978/2025-26-F-R2","GREENTECH LABORATORIES P LTD","01-Jan-2026","53302.6","43708.13","target quotation id 2893"
"already_has_items","STF/QTN/2290-B-F/25-26","PROJECT PERFECT ENGINEERING WORKS","01-Jan-2026","5287500","5287500","target quotation id 2894"
"already_has_items","SB/QTN/15977/2025-26","MMIT","30-Dec-2025","360000","360000","target quotation id 2895"
"already_has_items","SB/QTN/2294/2025-26-F","ALMAS LIFE SCIENCES","27-Dec-2025","1147500","1147500","target quotation id 2896"
"already_has_items","SB/QTN/15975/2025-26-F","Torrent Pharma Ltd","26-Dec-2025","19800","16236","target quotation id 2897"
"already_has_items","SB/QTN/15974/2025-26","GANGAA CATTLE FEED","25-Dec-2025","724500","724500","target quotation id 2898"
"already_has_items","SB/QTN/15973/2025-26","ABR ORGANICS","24-Dec-2025","4500","3690","target quotation id 2899"
"already_has_items","SB/QTN/15970 A/2025-26-F","Ujjain sahkari dairy","23-Dec-2025","2044250","2044250","target quotation id 2900"
"already_has_items","SB/QTN/15972/2025-26-F","Nosch Labs","23-Dec-2025","395250","324105","target quotation id 2901"
"already_has_items","SB/QTN/15970 B/2025-26-F","Ujjain sahkari dairy","23-Dec-2025","2150500","2150500","target quotation id 2902"
"already_has_items","STF/QTN/2292/2025-26-F","RENU TECHNO ENGINEERING","22-Dec-2025","595000","595000","target quotation id 2903"
"already_has_items","STF/QTN/2290-F/25-26","PROJECT PERFECT ENGINEERING WORKS","21-Dec-2025","3547700","3547700","target quotation id 2904"
"already_has_items","STF/QTN/2292-F/25-26","PROJECT PERFECT ENGINEERING WORKS","21-Dec-2025","2043000","2043000","target quotation id 2905"
"already_has_items","STF/QTN/2291-F/25-26 ","PROJECT PERFECT ENGINEERING WORKS","21-Dec-2025","994500","994500","target quotation id 2906"
"already_has_items","SB/QTN/15968/2025-26","SS Engineers India","19-Dec-2025","694500","694500","target quotation id 2907"
"already_has_items","SB/QTN/15969/2025-26","Chandan Natural dairy","19-Dec-2025","725000","725000","target quotation id 2908"
"already_has_items","STF/QTN/2277-R2-F/2025-26-F","Shri Durga udhyog","17-Dec-2025","1736000","1423520","target quotation id 2909"
"already_has_items","STF/QTN/2289-F/25-26","Maa Kali Modern Rice Mill","17-Dec-2025","3208500","3208500","target quotation id 2910"
"already_has_items","SB/QTN/15965/2025-26","LALIT INDUSTRIES","16-Dec-2025","1520000","1520000","target quotation id 2911"
"already_has_items","SB/QTN/15964 A/2025-26","RENU MILK PRODUCTS","16-Dec-2025","725000","725000","target quotation id 2912"
"already_has_items","SB/QTN/15964 B/2025-26","RENU MILK PRODUCTS","16-Dec-2025","880000","880000","target quotation id 2913"
"already_has_items","STF/QTN/15962/2025-26","VILASITHA FARMS & FEEDS PVT LTD","13-Dec-2025","260000","260000","target quotation id 2914"
"already_has_items","STF/QTN/2287-F/25-26","Modicrete India LLP","12-Dec-2025","1572500","1572500","target quotation id 2915"
"already_has_items","STF/QTN/2100-C-F/24-25 ","Modicrete India LLP","12-Dec-2025","5801250","5801250","target quotation id 2916"
"already_has_items","STF/QTN/2284/2025-26-F-NRP","ALPHA PET EXPORTS","11-Dec-2025","975000","975000","target quotation id 2917"
"already_has_items","STF/QTN/2285-NRP/25-26 ","RS Food Chain","11-Dec-2025","1242700","1242700","target quotation id 2918"
"already_has_items","STF/QTN/2283/2025-26","AMMA RICE MILL","11-Dec-2025","3102500","3102500","target quotation id 2919"
"already_has_items","SB/QTN/15960-D-R1-F/25-26-NRP","TONGUE TINKLERS","08-Dec-2025","2272500","1863450","target quotation id 2920"
"already_has_items","STF/QTN/2225-C-F /2025-26","Elina Farm House","06-Dec-2025","2713500","2713500","target quotation id 2921"
"already_has_items","SB/QTN/15960-C-F/25-26","TONGUE TINKLERS","05-Dec-2025","1710000","1710000","target quotation id 2922"
"already_has_items","STF/QTN/2282/2025-26","VEPURI AGRO PRODUCTS","05-Dec-2025","3795000","3795000","target quotation id 2923"
"already_has_items","SB/QTN/15958 B/2025-26","CONCORD DRUGS LTD","02-Dec-2025","600000","600000","target quotation id 2924"
"already_has_items","STF/QTN/2281/2025-26","PRAJWAL REDDY","01-Dec-2025","3630000","3630000","target quotation id 2925"
"already_has_items","SB/QTN/15956/2025-26","Shradha Dairy","29-Nov-2025","775000","775000","target quotation id 2926"
"already_has_items","STF/QTN/2280/2025-26","VELAN MODERN RICE MILL","29-Nov-2025","4265000","4265000","target quotation id 2927"
"already_has_items","SB/QTN/15955/2025-26","Rygen Bio Pharma P Ltd","27-Nov-2025","225000","225000","target quotation id 2928"
"already_has_items","SB/QTN/15953/2025-26","Surya dairy","26-Nov-2025","900000","900000","target quotation id 2929"
"already_has_items","SB/QTN/15954/2025-26","SUNRISE AGRO FOOD PRODUCTS","26-Nov-2025","15000","15000","target quotation id 2930"
"already_has_items","STF/QTN/2279/2025-26","VAMSHI MUDAVATH","25-Nov-2025","3390000","3390000","target quotation id 2931"
"already_has_items","STF/QTN/2278-F/25-26","GIRIDHARI LAL AND SONS","23-Nov-2025","2083500","2083500","target quotation id 2932"
"already_has_items","SB/QTN/15951-R1-F/25-26","Fresh Milk Products","23-Nov-2025","1168750","1168750","target quotation id 2933"
"already_has_items","SB/QTN/15918 C/2025-26","MATRI WATER PRODUCTS(P) LTD","21-Nov-2025","1905000","1905000","target quotation id 2934"
"already_has_items","SB/QTN/15918 B/2025-26","MATRI WATER PRODUCTS(P) LTD","21-Nov-2025","1905000","1905000","target quotation id 2935"
"already_has_items","STF/QTN/2273-B-R1-F/2025-26-F","CHLORINA  ORGANICS INDUSTRIES","18-Nov-2025","1820000","1820000","target quotation id 2936"
"already_has_items","SB/QTN/15947-B-NRP/25-26","Morena Kirshore Kripa Cold","18-Nov-2025","1355750","1355750","target quotation id 2937"
"already_has_items","STF/QTN/2275-F/25-26","United Engineering","17-Nov-2025","1224000","1224000","target quotation id 2938"
"already_has_items","STF/QTN/2276/25-26","ASTA LAKSHMI AGRO PRODUCTS","17-Nov-2025","5540000","5540000","target quotation id 2939"
"already_has_items","STF/QTN/2274-F/25-26","United Engineering","16-Nov-2025","6642000","6642000","target quotation id 2940"
"already_has_items","SB/QTN/15945/2025-26","WASH CLUB","15-Nov-2025","22000","22000","target quotation id 2941"
"already_has_items","SB/QTN/15946/25-26","Vikrama Innovative Technologies","15-Nov-2025","1365500","1365500","target quotation id 2942"
"already_has_items","SB/QTN/15930-R2-F/25-26","CHANDRA LIFE SCIENCES","13-Nov-2025","51510","51510","target quotation id 2943"
"already_has_items","STF/QTN/2273 AF/2025-26-F","CHLORINA  ORGANICS INDUSTRIES","13-Nov-2025","2025000","2025000","target quotation id 2944"
"already_has_items","SBH/15943/2025-26","Mallikarjuna Agencies","13-Nov-2025","360000","360000","target quotation id 2945"
"already_has_items","SBH/15942/2025-26","Sri Satya Sai Engineering","10-Nov-2025","252000","252000","target quotation id 2946"
"already_has_items","SB/15941/2025-26","Manotri Pharma Pvt Ltd","08-Nov-2025","1005000","1005000","target quotation id 2947"
"already_has_items","SB/QTN/15939/2025-26","BEST SOLUTION ENTERPRISE","07-Nov-2025","35700","35700","target quotation id 2948"
"already_has_items","SBH/2250A/2025-26","MAHATHI GROUP GLOBAL EPC SOLUTIONS","07-Nov-2025","19567500","19567500","target quotation id 2949"
"already_has_items","SBH/15938/2025-26","M/s Dalai Enterprises","06-Nov-2025","3920000","3920000","target quotation id 2950"
"already_has_items","SBH/2270/2025-26","ALIRAM","04-Nov-2025","2325000","2325000","target quotation id 2951"
"already_has_items","SBH-15935-2025-26","MANUKONDA PRAVEEN BABU","04-Nov-2025","3042500","3042500","target quotation id 2952"
"already_has_items","SB/QTN/15931 C/2025-26","STARCHIK FOOD PRIVATE LTD","03-Nov-2025","1655000","1655000","target quotation id 2953"
"already_has_items","STF/QTN/1028/-BK/24-25","VANNSH LIFE SCIENCES Pvt. Ltd.","01-Nov-2025","5950000","4879000","target quotation id 2954"
"already_has_items","SB/QTN/15875-R1-F ","Corobus Alcobevs","31-Oct-2025","3850000","3850000","target quotation id 2955"
"already_has_items","SBH/2268/2025-26","SRAVANAM PHARMACEUTICALS PVT LTD","29-Oct-2025","3831600","3831600","target quotation id 2956"
"already_has_items","SBH-15928-2025-26","Raghavendra Industries","29-Oct-2025","1710000","1710000","target quotation id 2957"
"already_has_items","SB/QTN/15926/2025-26","SWISSBAKE ZAMBIA LTD","29-Oct-2025","1800000","1800000","target quotation id 2958"
"already_has_items","SBH-15927-2025-26","COY DSC ODF MK","29-Oct-2025","1321430","1321430","target quotation id 2959"
"already_has_items","SBH/2267/2025-26","Swastik Calico","27-Oct-2025","1597500","1597500","target quotation id 2960"
"already_has_items","SB/QTN/15924/2025-26","Sree fruit beverages","27-Oct-2025","2000","1640","target quotation id 2961"
"already_has_items","SB/QTN/15922/2025-26","Sri Venkatarajeshwari Engineering Works","25-Oct-2025","740000","740000","target quotation id 2962"
"already_has_items","SB/15918/2025-26","MATRI WATER PRODUCTS(P) LTD","25-Oct-2025","949050","949050","target quotation id 2963"
"already_has_items","SB/QTN/15921-F/25-26","MAHESHWARI OILS","24-Oct-2025","59490","59490","target quotation id 2964"
"already_has_items","STF/QTN/1054/25-26-R3-F-NRP","Nitri industries pvt limited","24-Oct-2025","2562500","2562500","target quotation id 2965"
"already_has_items","STF/QTN/2266/2025-26-F","BIJU RICE MILL","24-Oct-2025","2961000","2961000","target quotation id 2966"
"already_has_items","STF/QTN/2265 F/2025-26-F","Mathivanan","23-Oct-2025","2403000","2403000","target quotation id 2967"
"already_has_items","SBH/15918/25-26","MATRI WATER PRODUCTS(P) LTD","23-Oct-2025","859050","859050","target quotation id 2968"
"already_has_items","SB/QTN/15919/2025-26-F","KARWAN COMPANY","23-Oct-2025","1377000","1377000","target quotation id 2969"
"already_has_items","STF/QTN/2263/2025-26","Mid Make developer Private Limited","22-Oct-2025","3950000","3950000","target quotation id 2970"
"already_has_items","SB/QTN/15917-F/25-26","Veda Engineering","22-Oct-2025","175000","175000","target quotation id 2971"
"already_has_items","STF/QTN/2262/2025-26-BK","SRI SANGAMESHWARA RICE INDUSTRIES","21-Oct-2025","3500000","3500000","target quotation id 2972"
"already_has_items","SB/QTN/15915/2025-26","Prashant Shri Sai Electrical & Automation","21-Oct-2025","825000","825000","target quotation id 2973"
"already_has_items","SB/QTN/15914/2025-26","S G KING","21-Oct-2025","580000","580000","target quotation id 2974"
"already_has_items","SBH/15913/25-26","M and T Engineering Technologies","18-Oct-2025","892500","892500","target quotation id 2975"
"already_has_items","SB/QTN/15911/-R12025-26-r1","ARNAV POLYMER","17-Oct-2025","155550","127551","target quotation id 2976"
"already_has_items","SB/QTN/15912/2025-26","Nosch Labs Private Limited","17-Oct-2025","133500","109470","target quotation id 2977"
"already_has_items","SB/QTN/15911/2025-26","ARNAV POLYMER","17-Oct-2025","185000","151700","target quotation id 2978"
"already_has_items","SB/QTN/15910/2025-26","Botanic Healthcare p ltd","17-Oct-2025","30000","24600","target quotation id 2979"
"already_has_items","STF/QTN/1063 B R2F/2025-26","Tarini Chemical Industries","17-Oct-2025","2111500","2111500","target quotation id 2980"
"already_has_items","SBH/2260/2025-26","MAHABALA AGRO INDUSTRIES","16-Oct-2025","2125000","2125000","target quotation id 2981"
"already_has_items","SBH/15874B/2025-26","Carmal Matha Polymers","16-Oct-2025","1555760","1555760","target quotation id 2982"
"already_has_items","STF/QTN/2257 A/2025-26","DUARS TIMBER CONCERNS","14-Oct-2025","4150000","4150000","target quotation id 2983"
"already_has_items","SB/QTN/15908-F/25-26","DWARAKAMAAYE ENGINEERING ASSOCIATES","14-Oct-2025","567375","567375","target quotation id 2984"
"already_has_items","SB/QTN/15909/2025-26","Vijaya Chemical Industries","13-Oct-2025","2965000","2965000","target quotation id 2985"
"already_has_items","SB/QTN/15907/2025-26-F","Bagalkot Cement & Industries Limited","11-Oct-2025","8955","8955","target quotation id 2986"
"already_has_items","SB/QTN/15906/2025-26","Karimnagar Dairy","11-Oct-2025","40272","33023.04","target quotation id 2987"
"already_has_items","SB/QTN/15882/25-26-R1-F","MALABAR VANEERS","11-Oct-2025","68690","64431.22","target quotation id 2988"
"already_has_items","STF/QTN/15904/25-26 ","ABDIN LEATHER CONCERIA PVT LTD","10-Oct-2025","1000000","1000000","target quotation id 2989"
"already_has_items","SB/QN/15905-F/25-26","OM Kareshwaar Agro Industries","10-Oct-2025","258300","258300","target quotation id 2990"
"already_has_items","SB/QTN/15905-CP-F/25-26","OM Kareshwaar Agro Industries","10-Oct-2025","341168.75","341168.75","target quotation id 2991"
"already_has_items","STF/QTN/1063 B R1F/2025-26","Tarini Chemical Industries","09-Oct-2025","2150500","2150500","target quotation id 2992"
"already_has_items","SBH/15898/2025-26","Dr. Dalavais Laboratories Private Limited","05-Oct-2025","2757000","2757000","target quotation id 2993"
"already_has_items","SB/15882/25-26","MALABAR VANEERS","04-Oct-2025","63700","59750.6","target quotation id 2994"
"already_has_items","SB/15881/25-26","Gloster Cables Limited","03-Oct-2025","83000","68060","target quotation id 2995"
"already_has_items","STF/QTN/2172-B-R1-F/2025-26","Bakelite Hylam Limited.","01-Oct-2025","3892500","3892500","target quotation id 2996"
"already_has_items","STF/2255/2025-26","Tc Energy Solutions","30-Sep-2025","1110000","1110000","target quotation id 2997"
"already_has_items","SBH/2249B/2025-26","LNB GROUP OF COMPANIES","30-Sep-2025","16551000","16551000","target quotation id 2998"
"already_has_items","SFT/2254/2025-26","DSR DESIGN SOLUTIONS","27-Sep-2025","3065000","3065000","target quotation id 2999"
"already_has_items","SB/2241C/2025-26","Aryan precisions Pvt Ltd","27-Sep-2025","4825000","4825000","target quotation id 3000"
"already_has_items","SB/QTN/15894/2025-26-R1","SINTREX PHARMA P LTD","26-Sep-2025","101120","101120","target quotation id 3001"
"already_has_items","STF/QTN/2251/2025-26","Sri Lakshmi Venkata Sai Rice Mill","25-Sep-2025","2315000","2315000","target quotation id 3002"
"already_has_items","SB/QTN/15879 B-R2-NRP /2025-26-NRP","ENCORE FABRICS P LTD","25-Sep-2025","688800","688800","target quotation id 3003"
"already_has_items","STF/QTN/2250-B/2025-26","Mahathi Infra Services Pvt Ltd","25-Sep-2025","5680000","5680000","target quotation id 3004"
"already_has_items","SB/QTN/15892/2025-26-R1","HEMA LABORATORIES","24-Sep-2025","18900","15498","target quotation id 3005"
"already_has_items","SB/QTN/15889/2025-26-R1","PISTA HOUSE","23-Sep-2025","728000","728000","target quotation id 3006"
"already_has_items","STF/QTN/2247/2025-26","Triveni Intermediates Pvt Ltd","19-Sep-2025","2850000","2850000","target quotation id 3007"
"already_has_items","SB/QTN/15890/2025-26","M/s. REDGIANT IMMPEX","19-Sep-2025","1855000","1855000","target quotation id 3008"
"already_has_items","STF/QTN/2245-A/2025-26","SKICORP GROUP","18-Sep-2025","9585000","9585000","target quotation id 3009"
"already_has_items","SB/QTN/15885 F/2025-26","BML GROUP & INDUSTRIES","16-Sep-2025","2612500","2612500","target quotation id 3010"
"already_has_items","SBH/2245/2025-26","SKICORP GROUP","15-Sep-2025","11850000","11850000","target quotation id 3011"
"already_has_items","SB/QTN/15884/2025-26","Bhavyas Pharmaceuticals Pvt Ltd","15-Sep-2025","1750500","1750500","target quotation id 3012"
"already_has_items","15882-2025-26","CREAMLINE DAIRY","13-Sep-2025","200000","200000","target quotation id 3013"
"already_has_items","2241B-R1-2025-26","Aryan precisions Pvt Ltd","12-Sep-2025","1362500","1362500","target quotation id 3014"
"already_has_items","2241A-R1-2025-26","Aryan precisions Pvt Ltd","12-Sep-2025","2025000","2025000","target quotation id 3015"
"already_has_items","STF/QTN/1063 B/2025-26-F","Tarini Chemical Industries","11-Sep-2025","2530000","2530000","target quotation id 3016"
"already_has_items","SB/QTN/15880/2025-26","Taj Engineering Works","11-Sep-2025","135000","110700","target quotation id 3017"
"already_has_items","B/QTN/15881/2025-26","Best Engineering Works","11-Sep-2025","1177500","1177500","target quotation id 3018"
"already_has_items","SB/15801BR3 FINAL/2025-26","SRIVILLAS HYDROTECH PVT LTD","10-Sep-2025","1304750","1304750","target quotation id 3019"
"already_has_items","STF/QTN/2244/2025-26-F","Dubey Perfumes","09-Sep-2025","5643750","5643750","target quotation id 3020"
"already_has_items","SB/QTN/15733/2025-26-R2","FRESH BOWL HORTICULTURE PRIVATE LTD","08-Sep-2025","875000","717500","target quotation id 3021"
"already_has_items","SB/QTN/15877/2025-26","Vijayasri organics Pvt Ltd","08-Sep-2025","16500","16500","target quotation id 3022"
"already_has_items","SB/QTN/15876/2025-26","Sai Cooltech Industry","08-Sep-2025","475000","475000","target quotation id 3023"
"already_has_items","SB/QTN/15874/2025-26-R1","CARMAL MATHA POLYMERS","05-Sep-2025","1612000","1773200","target quotation id 3024"
"already_has_items","SB/2242/2025-26","M/S - Upure Agro Foods","05-Sep-2025","2225000","2225000","target quotation id 3025"
"already_has_items","SB/QTN/15873/2025-26-F","SRI DURGA AGROTECH","05-Sep-2025","2083500","2083500","target quotation id 3026"
"already_has_items","SBH/2243/2025-26","Rishka Enterprises","05-Sep-2025","2325000","2325000","target quotation id 3027"
"already_has_items","SB/QTN/15871/2025-26-NRP","Solar Dryers & Foods Pvt. Ltd","05-Sep-2025","1075000","1075000","target quotation id 3028"
"already_has_items","SB/QTN/15869/2025-26","BRUNDAVAN LABORATORIES PRIVATE LTD","04-Sep-2025","314212.5","314212.5","target quotation id 3029"
"already_has_items","SB/QTN/15862-F/25-26","Mounika Seeds","02-Sep-2025","15450","12669","target quotation id 3030"
"already_has_items","SB/QTN/15865/2025-26","Kuber Lakshmi Overseas","02-Sep-2025","747500","747500","target quotation id 3031"
"already_has_items","SB/2241/2025-26","Aryan precisions Pvt Ltd","02-Sep-2025","3025000","3025000","target quotation id 3032"
"already_has_items","SB/15851R2/2025-26","BOTANIC SUPPLEMENTS P LTD","02-Sep-2025","1150500","1150500","target quotation id 3033"
"already_has_items","SB/QTN/15863/2025-26","TAGOOR LABORATORIES PRIVATE LIMITED","02-Sep-2025","10375","10375","target quotation id 3034"
"already_has_items","SB/15864/2025-26","M/s Seutic Pharma Pvt Ltd & M/s Seutic Labs Pvt Ltd","02-Sep-2025","1275000","1275000","target quotation id 3035"
"already_has_items","SBH/2239/2025-26","Giridhari sizing n dyeing works","01-Sep-2025","3127000","3127000","target quotation id 3036"
"already_has_items","STF/QTN/2240-2025-26","Gurudeva Oils Private Limited","01-Sep-2025","6015000","6015000","target quotation id 3037"
"already_has_items","SB/QTN/15858/2025-26","Sourav Ghosh","28-Aug-2025","1184000","1184000","target quotation id 3038"
"already_has_items","SB/QTN/15859/2025-26","Suryanarayan Foods","28-Aug-2025","252000","252000","target quotation id 3039"
"already_has_items","SB/QTN/15857/2025-26","Empire Jute mill","28-Aug-2025","775000","775000","target quotation id 3040"
"already_has_items","STF/QTN/2238/2025-26","Corobus Alcobevs","28-Aug-2025","3790000","3790000","target quotation id 3041"
"already_has_items","SB/QTN/15854/2025-26","MAA DURGA DYEING","25-Aug-2025","1325000","1325000","target quotation id 3042"
"already_has_items","STF/2233/2025-26","AMBICA INDUSTRIES","22-Aug-2025","1380000","1380000","target quotation id 3043"
"already_has_items","SB/QTN/15849-F/25-26 ","Sri Vishnu Seeds","22-Aug-2025","102150","102150","target quotation id 3044"
"already_has_items","STF/QTN/2232/2025-26","VISAKHA MILK PRODUCTS INDIA PRIVATE LTD","21-Aug-2025","5080000","5080000","target quotation id 3045"
"already_has_items","STF/2230F/2025-26","Sri Mythri Rotopack","21-Aug-2025","1000400","1000400","target quotation id 3046"
"already_has_items","SB/QTN/15852/2025-26","Lakshmi AAC Blocks","21-Aug-2025","250000","250000","target quotation id 3047"
"already_has_items","SB/15851/2025-26","Botanic Healthcare p ltd","21-Aug-2025","697500","697500","target quotation id 3048"
"already_has_items","SB/14951A/2025-26","Kuber Lakshmi Overseas","21-Aug-2025","758500","758500","target quotation id 3049"
"already_has_items","STF/QTN/2231/2025-26","Pavan Laminates Pvt Ltd","21-Aug-2025","3715000","3715000","target quotation id 3050"
"already_has_items","SB/QTN/15850-F/2025-26","R K SEEDS","20-Aug-2025","558000","558000","target quotation id 3051"
"already_has_items","STF/QTN/2229/25-26","RIYANSH INDUSTRIES PRIVATE LIMITED","20-Aug-2025","7250000","7250000","target quotation id 3052"
"already_has_items","STF/QTN/2203-R2-NRP/2025-26","Laxmi Agro Tech Pvt Ltd.","19-Aug-2025","4410000","4410000","target quotation id 3053"
"already_has_items","SB/QTN/15848/2025-26","SB Alisha Rice Mill","19-Aug-2025","25600","25600","target quotation id 3054"
"already_has_items","2228/2025-26","Sree Nandini Polymers","19-Aug-2025","2790000","2790000","target quotation id 3055"
"already_has_items","14951R3/2025-26","Kuber Lakshmi Overseas","19-Aug-2025","617250","617250","target quotation id 3056"
"already_has_items","SB/QTN/14847 B/2025-26","Krijan Biotech Private Limited","19-Aug-2025","2355000","2355000","target quotation id 3057"
"already_has_items","SB/QTN/15847 A/2025-26","Krijan Biotech Private Limited","19-Aug-2025","2230000","2230000","target quotation id 3058"
"already_has_items","STF/QTN/2227-F/25-26","Manikiran ginning delinting and processing unit","19-Aug-2025","4972000","4972000","target quotation id 3059"
"already_has_items","STF/QTN/2226/2025-26","Nirmaan Aoudhyogik Rasayan Private Limited","18-Aug-2025","3280000","3280000","target quotation id 3060"
"already_has_items","STF/QTN/15845/25-26","Anay Industries","18-Aug-2025","1093500","1093500","target quotation id 3061"
"already_has_items","SB/QTN/15846/2025-26","Ravi Gupta","18-Aug-2025","775000","775000","target quotation id 3062"
"already_has_items","SB/QTN/15843/2025-26","BSSNR Global Trade","16-Aug-2025","1690000","1690000","target quotation id 3063"
"already_has_items","SB/QTN/15842/2025-26","Milk Masti Dairy Products","16-Aug-2025","775000","775000","target quotation id 3064"
"already_has_items","SB/QTN/1584","BSSNR Global Trade","16-Aug-2025","240000","240000","target quotation id 3065"
"already_has_items","SB/QTN/15147-R1-NRP/25-26","Bharat Zeocat LLP","16-Aug-2025","495000","495000","target quotation id 3066"
"already_has_items","STF/QTN/2224 B/2025-26","RAYALSEEMA CONCRETE SLEEPERS PVT LTD","15-Aug-2025","2075000","2075000","target quotation id 3067"
"already_has_items","STF/QTN/2224 A/2025-26","RAYALSEEMA CONCRETE SLEEPERS PVT LTD","15-Aug-2025","2250000","2250000","target quotation id 3068"
"already_has_items","STF/QTN/2116/2025-26-NRP","Fortune Engineering Works","14-Aug-2025","3100000","3100000","target quotation id 3069"
"already_has_items","SBH/2222A/2025-26","Murali Consultant","14-Aug-2025","4995000","4995000","target quotation id 3070"
"already_has_items","STF/QTN/2221-F/25-26 ","Surya Agro Industries","11-Aug-2025","1462500","1462500","target quotation id 3071"
"already_has_items","SB/QTN/15836/2025-26-NRP-R1","Wood Land Timber","11-Aug-2025","23550","23550","target quotation id 3072"
"already_has_items","STF/QTN/2213-C--R1-F/2025-26","Gourmet Popcornica LLP","11-Aug-2025","6028000","6028000","target quotation id 3073"
"already_has_items","STF/QTN/2220/2025-26","Salus Laboratories Pvt Ltd","11-Aug-2025","3055000","3055000","target quotation id 3074"
"already_has_items","SB/QTN/15832-C-F/25-26","DRS Technologies","11-Aug-2025","800000","800000","target quotation id 3075"
"already_has_items","SB/QTN/15833 B/2025-26","SAHAJ MARG","08-Aug-2025","1340000","1340000","target quotation id 3076"
"already_has_items","SB/QTN/15833 C/2025-26","SAHAJ MARG","08-Aug-2025","535000","535000","target quotation id 3077"
"already_has_items","SB/QTN/15832-F/25-26","DRS Technologies","08-Aug-2025","552500","552500","target quotation id 3078"
"already_has_items","SB/QTN/15833 A/2025-26","SAHAJ MARG","08-Aug-2025","1017500","1017500","target quotation id 3079"
"already_has_items","SB/2218A/2025-26","Jasoda Agro Foods","07-Aug-2025","2325000","2325000","target quotation id 3080"
"already_has_items","SB/QTN/2217/2025-26","RAMADEVI FOODS PVT LTD","07-Aug-2025","2325000","2325000","target quotation id 3081"
"already_has_items","SBH/2218B/2025-26","Jasoda Agro Foods","07-Aug-2025","2999250","2999250","target quotation id 3082"
"already_has_items","STF/QTN/2216/2025-26","PANKAJ IMPEX","06-Aug-2025","3665000","3665000","target quotation id 3083"
"already_has_items","STF/QTN/2209 B/2025-26","ARVAIS NATURES PRODUCTS PVT LTD","06-Aug-2025","2851200","2851200","target quotation id 3084"
"already_has_items","STF/QTN/2215/2025-26","I.F.F.D.C. Krishak Seva Kendra","04-Aug-2025","2315000","2315000","target quotation id 3085"
"already_has_items","STF/QTN/2196 -R1-F-NRP2025-26-R1","SRI NIJA SEEDS","01-Aug-2025","4315000","4315000","target quotation id 3086"
"already_has_items","SB/QTN/15824-B-R2-F/2025-26","AMBICA CASHEW PRODUCTS","01-Aug-2025","1086250","1086250","target quotation id 3087"
"already_has_items","STF/QTN/2205 B/2025-26-F-NRP","SRI KASI ANNAPURNA SEEDS","01-Aug-2025","5900000","5900000","target quotation id 3088"
"already_has_items","SB/15805B/2025-26","Premier Explosive Ltd","31-Jul-2025","1431000","1431000","target quotation id 3089"
"already_has_items","SBH/2214/2025-26","S2 Engineering Industry Pvt Ltd.","31-Jul-2025","907500","907500","target quotation id 3090"
"already_has_items","STF/QTN/2190-R1-F/2025-26","Sri Sai Ram Seeds","30-Jul-2025","4708000","4708000","target quotation id 3091"
"already_has_items","15133R2-F-2025-26","Suryas Exports Pvt Ltd","30-Jul-2025","1549500","1549500","target quotation id 3092"
"already_has_items","SB/QTN/15824/2025-26","AMBICA CASHEW PRODUCTS","30-Jul-2025","995000","995000","target quotation id 3093"
"already_has_items","SB/QTN/15823 F/2025-26-R1","SESHA SAI CHEMICALS","30-Jul-2025","180000","180000","target quotation id 3094"
"already_has_items","SB/QTN/15825/2025-26","Kreative Organics Private Limited","30-Jul-2025","42000","42000","target quotation id 3095"
"already_has_items","SB/QTN/15822/2025-26","Shilpa Pharma Lifesciences Limited","30-Jul-2025","5400","4428","target quotation id 3096"
"already_has_items","SB/15805R1/2025-26","Premier Explosive Ltd","29-Jul-2025","1869600","1869600","target quotation id 3097"
"already_has_items","STF/QTN/2212/2025-26","SAI RAGHAVA SEEDS","28-Jul-2025","7560000","7560000","target quotation id 3098"
"already_has_items","STF/QTN/2205-R2-NRP/25-26","Sri Ram Seeds","28-Jul-2025","5700000","5700000","target quotation id 3099"
"already_has_items","STF/QTN/2210/2025-26","SOLIDD CARTONS","26-Jul-2025","4965000","4965000","target quotation id 3100"
"already_has_items","STF/QTN/2208/2025-26-F","Best Engineering Works","25-Jul-2025","7056000","7056000","target quotation id 3101"
"already_has_items","STF/QTN/2209/2025-26","ARVAIS NATURES PRODUCTS PVT LTD","25-Jul-2025","3865000","3865000","target quotation id 3102"
"already_has_items","STF/QTN/2211/2025-26","TIRUMALA SEEDS","25-Jul-2025","4305000","4305000","target quotation id 3103"
"already_has_items","SB/QTN/15819/2025-26-F","Best Engineering Works","25-Jul-2025","1665000","1665000","target quotation id 3104"
"already_has_items","SB/QTN/15817/2025-26-F","Bhagya Lakshmi Enterprises","24-Jul-2025","1102500","1102500","target quotation id 3105"
"already_has_items","STF/QTN/2207/2025-26","SRI KUSUM ARANABA SEEDS","24-Jul-2025","6935000","6935000","target quotation id 3106"
"already_has_items","SB/QTN/15818/2025-26-F","JAI LARA DRUGS PVT LTD","24-Jul-2025","53300","53300","target quotation id 3107"
"already_has_items","STF/QTN/2206/2025-26-F","DPM Green Bricks","24-Jul-2025","5049900","5049900","target quotation id 3108"
"already_has_items","SBH/I5814/2025-2026","Salicylates and Chemicals","23-Jul-2025","1402500","1402500","target quotation id 3111"
"already_has_items","STF/QTN/2180-B-F/2025-26","Progressive Agro Products","19-Jul-2025","6484550","6484550","target quotation id 3112"
"already_has_items","STF/QTN/2192 B/2025-26-F-NRP","Harita Corn Conditioning Unit","19-Jul-2025","5875000","5875000","target quotation id 3113"
"already_has_items","STF/QTN/2188-R5-/25-26","Aditya Seeds","17-Jul-2025","10747998","10747998","target quotation id 3114"
"already_has_items","STF/QTN/2192 B/2025-26","Harita Corn Conditioning Unit","17-Jul-2025","7375000","7375000","target quotation id 3115"
"already_has_items","STF/QTN/2193-R1-F/2025-26-NRP","Kurnool Seeds P. Ltd","17-Jul-2025","3200000","3200000","target quotation id 3116"
"already_has_items","SBH/220B-R1-F/2025-26","GBR SEEDS","17-Jul-2025","6137700","6137700","target quotation id 3117"
"already_has_items","STF/QTN/2187-R3-F /25-26","Sri Venkateshwara Seeds","17-Jul-2025","10585998","10585998","target quotation id 3118"
"already_has_items","SB/QTN/15023/2025-26-R2-NRP","Jaya Chickes Co. Pvt. Ltd","17-Jul-2025","1127500","1127500","target quotation id 3119"
"already_has_items","SB/QTN/15810/2025-26","S R GARMENTS & FOOTWEAR","16-Jul-2025","1270000","1270000","target quotation id 3120"
"already_has_items","STF/QTN/2202/25-26","Kammac Projects","15-Jul-2025","5890000","5890000","target quotation id 3121"
"already_has_items","STF/QTN/2171-B-R3-F/2025-26","Sri Yaganti Ped Ramaiah Agros","14-Jul-2025","5600000","5600000","target quotation id 3122"
"already_has_items","SBH/15808/2025-26","laxmi rail infra pvt ltd","14-Jul-2025","85050","85050","target quotation id 3123"
"already_has_items","SB/QTN/15809 B/2025-26","BEST ENGINEERING TECHNOLOGIES","14-Jul-2025","1900000","1900000","target quotation id 3124"
"already_has_items","SB/QTN/15809 A/2025-26","BEST ENGINEERING TECHNOLOGIES","14-Jul-2025","2475000","2475000","target quotation id 3125"
"already_has_items","SBH/2201/2025-26","Limagrain India Private Limited","12-Jul-2025","6525000","6525000","target quotation id 3126"
"already_has_items","STF/QTN/2199/2025-26","EPITOCHEM PHARMA Pvt Ltd","11-Jul-2025","3785000","3785000","target quotation id 3127"
"already_has_items","STF/QTN/2200/2025-26","Ujala Mill Stores","11-Jul-2025","2565000","2565000","target quotation id 3128"
"already_has_items","SB/QTN/15806/2025-26","BIMAL KUMAR KEDIA","11-Jul-2025","1690000","1690000","target quotation id 3129"
"already_has_items","SBH/15805/2025-26","Premier Explosive Ltd","10-Jul-2025","2052000","2052000","target quotation id 3130"
"already_has_items","15806/2025-26","GODREJ  JERSEY - CDPL","10-Jul-2025","14500","14500","target quotation id 3131"
"already_has_items","SBH/221/2025-26","Sai Srinivasa Agro","09-Jul-2025","2308500","2308500","target quotation id 3132"
"already_has_items","SBH/14673DR1-FF/2025-26","Lorven Biologics Pvt Ltd","09-Jul-2025","700000","700000","target quotation id 3133"
"already_has_items","SBH/15803/2025-26","BACTOLAC NUTRACEUTICAL PVT LTD.","09-Jul-2025","1715000","1715000","target quotation id 3134"
"already_has_items","15802-SBH-OF-2025-26","APPIDI Technologies Pvt. Ltd.","09-Jul-2025","2185000","2185000","target quotation id 3135"
"already_has_items","SBH/220/2025-26","GBR SEEDS","09-Jul-2025","5296500","5296500","target quotation id 3136"
"already_has_items","SBH/15801/25-26","M/s. Srivilas Hydrotech Private Limited","09-Jul-2025","1188000","1188000","target quotation id 3137"
"already_has_items","STF/QTN/2198/2025-26","AL WAFI AGRI FOODS P LTD","08-Jul-2025","3988400","3988400","target quotation id 3138"
"already_has_items","STF/QTN/2197-B/2025-26","PVR Seeds","08-Jul-2025","6490000","6490000","target quotation id 3139"
"already_has_items","STF/QTN/2195-F/25-26","Ganesh Fly Ash Bricks","08-Jul-2025","4981000","4981000","target quotation id 3140"
"already_has_items","STF/QTN/2197-A/2025-26","PVR Seeds","08-Jul-2025","5082000","5082000","target quotation id 3141"
"already_has_items","STF/QTN/2196/2025-26","VVR Seeds Pvt Ltd","08-Jul-2025","4554000","4554000","target quotation id 3142"
"already_has_items","STF/QTN/2194/2025-26-R1","Dubey Perfumes","05-Jul-2025","4950000","4950000","target quotation id 3143"
"already_has_items","SBH/15799/2025-26","FLEMING LABORATORIES LIMITED","04-Jul-2025","1237500","1237500","target quotation id 3144"
"already_has_items","SB/QTN/15798/2025-26","SMS PHARMACEUTICALS LTD","03-Jul-2025","56760","56760","target quotation id 3145"
"already_has_items","STF/QTN/2191/2025-26","Sun Agro Foods & Exports Limited","03-Jul-2025","2315000","2315000","target quotation id 3146"
"already_has_items","SB/QTN/15797-R1-F/25-26 ","Nosch Labs","03-Jul-2025","176553","144773.46","target quotation id 3147"
"already_has_items","STF/QTN/2192-F/2025-26","Harita Corn Conditioning Unit","03-Jul-2025","5002250","5002250","target quotation id 3148"
"already_has_items","SBH/14673D-F/2025-2026","Lorven Biologics Pvt Ltd","03-Jul-2025","814750","814750","target quotation id 3149"
"already_has_items","14951R4-SB-SF-50/25-26","Kuber Lakshmi Overseas","02-Jul-2025","863500","863500","target quotation id 3150"
"already_has_items","2190B/SB/MF/2025-26","M/S MILAZO DAIRY PRODUCTS PVT LTD","02-Jul-2025","5358000","5358000","target quotation id 3151"
"already_has_items","SB/QTN/15795/2025-26-F","ANITHA DAIRY","01-Jul-2025","1462500","1462500","target quotation id 3152"
"already_has_items","STF/QTN/2185-F/25-26","Sri Sai Ram Seeds","30-Jun-2025","5296500","5296500","target quotation id 3153"
"already_has_items","STF/QTN/2186-F/25-26","Epic Crop Sciences","30-Jun-2025","5296500","5296500","target quotation id 3154"
"already_has_items","SB/QTN/15793-B-F/25-26 ","NUTECH BIOSCIENCES INDIA PRIVATE LIMITED","28-Jun-2025","1750500","1750500","target quotation id 3155"
"already_has_items","SB/QTN/15792-F/25-26","HBL POWER SYSTEMS LTD","25-Jun-2025","132000","108240","target quotation id 3156"
"already_has_items","STF/QTN/2184/2025-26-F","Panchratna Packaging","24-Jun-2025","3546000","3546000","target quotation id 3157"
"already_has_items","SB/QTN/15790/2025-26","Mane Electrical","24-Jun-2025","2700000","2700000","target quotation id 3158"
"already_has_items","SB/QTN/15771/2025-26-R1-NRP","Stresscon Industries Ltd","24-Jun-2025","1575000","1575000","target quotation id 3159"
"already_has_items","STF/QTN/2174/2025-26","M/s Sathavahana Breeding & Hatcheries P Ltd","21-Jun-2025","3924000","3924000","target quotation id 3161"
"already_has_items","15787-SB-BH-72/2025-26","Botanic Healthcare p ltd","21-Jun-2025","1410750","1410750","target quotation id 3162"
"already_has_items","SB/QTN/15785/2025-26","SS Food Products","21-Jun-2025","650000","650000","target quotation id 3163"
"already_has_items","15784-SB-SF-100-2025-26","Indian Bio Tech Enterprises","21-Jun-2025","1489500","1489500","target quotation id 3164"
"already_has_items","2181A-FINAL","AVS DRUGS","20-Jun-2025","2132000","2132000","target quotation id 3165"
"already_has_items","SB/QTN/15768 F/2025-26-R1","CRESCENT FORMULATION","19-Jun-2025","1714950","1714950","target quotation id 3166"
"already_has_items","SBH/2176/R32025-26","Invicta Agritech India Pvt Ltd","17-Jun-2025","4644850","4644850","target quotation id 3167"
"already_has_items","SB/QTN/2179 F/2025-26","Sri Rama Agri Genetics (I) Pvt Ltd","17-Jun-2025","4964000","4964000","target quotation id 3168"
"already_has_items","SB/QTN/15780/2025-26","ACTIS GENERICS PRIVATE LIMITED","17-Jun-2025","1430000","1430000","target quotation id 3169"
"already_has_items","2043-SBH-2025-26","Bhalkeswar Sugars","17-Jun-2025","4229750","4229750","target quotation id 3170"
"already_has_items","SBH/2175/2025-26","House Of Oils","17-Jun-2025","2970250","2970250","target quotation id 3171"
"already_has_items","SB/QTN/15781/2025-26","Sunil Juwar","16-Jun-2025","1690000","1690000","target quotation id 3172"
"already_has_items","STF/QTN/2174/2025-26","M/s Sathavahana Breeding & Hatcheries P Ltd","16-Jun-2025","2955000","2955000","target quotation id 3160"
"already_has_items","SB/QTN/2170/2025-26","Wynn Chem Adhesives","13-Jun-2025","1105000","1105000","target quotation id 3173"
"already_has_items","STF/QTN/2168/2025-26","Holocene Ecosolutions Pvt Ltd","12-Jun-2025","9000000","9000000","target quotation id 3174"
"already_has_items","SB/QTN/15779/2025-26-BK","MEGHANA FOODS","12-Jun-2025","2125000","2125000","target quotation id 3175"
"already_has_items","SB/QTN/15778/2025-26-BK","Kamalanara Stitchings Pvt Ltd","12-Jun-2025","1530000","1530000","target quotation id 3176"
"already_has_items","SB/QTN/15778/2025-26-NRP","Kamalanara Stitchings Pvt Ltd","12-Jun-2025","1035000","1035000","target quotation id 3177"
"already_has_items","SB/QTN/2167/2025-26","A K AGRO FOOD PROCESSING P LTD","11-Jun-2025","3200000","3200000","target quotation id 3178"
"already_has_items","SB/QTN/15773-F/25-26 ","Mechotech","09-Jun-2025","697500","697500","target quotation id 3179"
"already_has_items","SB/QTN/15773/2025-26","Shri Tulsi Phosphate Ltd","09-Jun-2025","625000","625000","target quotation id 3180"
"already_has_items","STF/QTN/2166-B/2025-26","TINARA FOODS LLP","07-Jun-2025","3290000","3290000","target quotation id 3181"
"already_has_items","STF/QTN/2164/25-26","SB Alisha Rice Mill","06-Jun-2025","2083500","2083500","target quotation id 3182"
"already_has_items","SB/QTN/15758-B/2025-26-R1","Dwarka Sea Foods","06-Jun-2025","1725500","1725500","target quotation id 3183"
"already_has_items","1098BR1-Final/2025-26","Sree Nandini Polymers","06-Jun-2025","2700000","2700000","target quotation id 3184"
"already_has_items","STF/QTN/2166-A/2025-26","TINARA FOODS LLP","06-Jun-2025","2365000","2365000","target quotation id 3185"
"already_has_items","SB/QTN/15769/2025-26","PardhaSaradhi","05-Jun-2025","400000","400000","target quotation id 3186"
"already_has_items","SB/QTN/15768 F/2025-26","CRESCENT FORMULATION","05-Jun-2025","924000","924000","target quotation id 3187"
"already_has_items","STF/QTN/2160/25-26-R3","SRI VYSHNAVI FOODS PVT LTD","02-Jun-2025","1815000","1815000","target quotation id 3188"
"already_has_items","SB/QTN/15765/2025-26","MAHINDRA FOODS LTD","02-Jun-2025","1821000","1821000","target quotation id 3189"
"already_has_items","1098R2/2025-2026","Sree Nandini Polymers","02-Jun-2025","3150000","3150000","target quotation id 3190"
"already_has_items","2104B/2025-2026","KORE CHEMICAL INDUSTRIES","02-Jun-2025","4927500","4927500","target quotation id 3191"
"already_has_items","STF/QTN/2105-BK//2024-25","BLYPIN ENTERPRISES PRIVATELIMITED","01-Jun-2025","6310000","5174200","target quotation id 3192"
"already_has_items","STF/QTN/2163/2025-26","VIKAS RUBBER","30-May-2025","850000","850000","target quotation id 3193"
"already_has_items","SBH/2160/25-26-R-1","SRI VYSHNAVI FOODS PVT LTD","29-May-2025","1815000","1815000","target quotation id 3194"
"already_has_items","STF/QTN/2044-R2- F/2024-25","Sai Venkateshwara Packaging","28-May-2025","4550000","4550000","target quotation id 3195"
"already_has_items","1098B-SBH/BAG/2025-26","Sree Nandini Polymers","27-May-2025","1390000","1390000","target quotation id 3196"
"already_has_items","STF/QTN/1072-R2-F/24-25","Ravoos Laboratories Pvt Ltd","26-May-2025","7599000","7599000","target quotation id 3197"
"already_has_items","SBH/1098R2/2025-26","Sree Nandini Polymers","26-May-2025","3135000","3135000","target quotation id 3198"
"already_has_items","SB/QTN/15763/2025-26","HBL POWER SYSTEMS LTD","26-May-2025","32000","32000","target quotation id 3199"
"already_has_items","SB/QTN/15764/2025-26","MLR INSTITUTE OF TECHNOLOGY","26-May-2025","1285000","1285000","target quotation id 3200"
"already_has_items","SBH/15720 R1/2025-26","Hiranya Cellulose Products","24-May-2025","4702700","4702700","target quotation id 3201"
"already_has_items","SBH/1098R1/2025-26","Sree Nandini Polymers","24-May-2025","4423900","4423900","target quotation id 3202"
"already_has_items","STF/QTN/2161/2025-26","FENOPLAST P.LTD","23-May-2025","4250000","4250000","target quotation id 3203"
"already_has_items","SB/QTN/15758/2025-26-R2","I-TECH EQUIPMENTS","21-May-2025","2030000","2030000","target quotation id 3204"
"already_has_items","SB/QTN/15748 B/2025-26","MLR INSTITUTE OF TECHNOLOGY","21-May-2025","810000","810000","target quotation id 3205"
"already_has_items","SB/QTN/14982-R1-BK /24-25-BK","Sidhi Vinayak Plastic Industry","20-May-2025","1450000","1450000","target quotation id 3206"
"already_has_items","SB/QTN/15760/2025-26","VSR Dairy","20-May-2025","675000","675000","target quotation id 3207"
"already_has_items","SB/QTN/15762/2025-26","tpsr milk products","20-May-2025","975000","975000","target quotation id 3208"
"already_has_items","SB/QTN/15759/2025-26","Deepak Insulations","19-May-2025","775000","775000","target quotation id 3209"
"already_has_items","SB/QTN/15758/2025-26","Dwarka Sea Foods","19-May-2025","1475000","1475000","target quotation id 3210"
"already_has_items","SBH-SF-1098R1/25-26","Sree Nandini Polymers","19-May-2025","4173500","4173500","target quotation id 3211"
"already_has_items","STF/QTN/2125-R2/2025-26","JEBAJEYAM FLY ASH BRICK INDUSTRIES","16-May-2025","3725000","3725000","target quotation id 3212"
"already_has_items","STF/QTN/2157 B/2025-26","S.S. VENEERS","12-May-2025","3950000","3950000","target quotation id 3213"
"already_has_items","SB/QTN/15756/25-26","Telliepact Global","12-May-2025","1845000","1845000","target quotation id 3214"
"already_has_items","SB/QTN/15755/2025-26","WINDSTON SPRINGS P.LTD","12-May-2025","775000","775000","target quotation id 3215"
"already_has_items","STF/QTN/15756 A/2025-26","Raipur Tar Products","12-May-2025","1040000","1040000","target quotation id 3216"
"already_has_items","STF/QTN/2122 AF/2025-26-R1","Hotel Maharana Pratap","12-May-2025","4265000","4265000","target quotation id 3217"
"already_has_items","SB/QTN/15753/2025-26","liha life Science pvt ltd","12-May-2025","2125","2125","target quotation id 3218"
"already_has_items","SB/QTN/15754/2025-26","Shree Sitaram Enterprises","12-May-2025","375000","375000","target quotation id 3219"
"already_has_items","SB/QTN/15750/2025-26","MANGAL SINGH","09-May-2025","660000","660000","target quotation id 3220"
"already_has_items","SB/QTN/15747/2025-26","UNITECH LASER","08-May-2025","3165000","3165000","target quotation id 3221"
"already_has_items","SB/QTN/15744/2025-26","RAYALSEEMA CONCRETE SLEEPERS PVT LTD","06-May-2025","340000","340000","target quotation id 3222"
"already_has_items","SB/QTN/15741-A-F/25-26","Batolac Neutraceuticals Pvt Ltd","05-May-2025","1242025","1242025","target quotation id 3223"
"already_has_items","SB/QTN/15742/2025-26","Fours International","05-May-2025","1690000","1690000","target quotation id 3224"
"already_has_items","SB/QTN/15737-R1-F/2025-26","CEYONE LIFE SCIENCES PVT LTD","03-May-2025","19592","19592","target quotation id 3225"
"already_has_items","STF/QTN/2123-D/ 2025-26","Chiclam Pvt Ltd","02-May-2025","9645000","9645000","target quotation id 3226"
"already_has_items","SB/QTN/15739/2025-26","Subodh  Sah","30-Apr-2025","425040","425040","target quotation id 3227"
"already_has_items","STF/QTN/2124-F/25-26 ","SPECTRAA TECHNOLOGY SOLUTIONS LIMITED","28-Apr-2025","7666500","7666500","target quotation id 3228"
"already_has_items","STF/QTN/2124/2024-25","SPECTRAA TECHNOLOGY SOLUTIONS LIMITED","28-Apr-2025","3825000","3825000","target quotation id 3229"
"already_has_items","SB/QTN/15715-R1-F/2025-26","SIVA SHAKTI CURD INDUSTRY","26-Apr-2025","425000","425000","target quotation id 3230"
"already_has_items","SB/QTN/15158-R1-F/2024-25","HUDSON FOODS P LTD","25-Apr-2025","806000","806000","target quotation id 3231"
"already_has_items","SB/QTN/15736/2025-26","Tirumala Milk Products Pvt Ltd","24-Apr-2025","54400","54400","target quotation id 3232"
"already_has_items","SB/QTN/15735/2025-26","SMS PHARMACEUTICALS LTD","24-Apr-2025","379500","379500","target quotation id 3233"
"already_has_items","SB/QTN/15734/2025-26","Amrutam","24-Apr-2025","925000","925000","target quotation id 3234"
"already_has_items","SB/QTN/15733/2025-26","FRESH BOWL HORTICULTURE PRIVATE LTD","23-Apr-2025","900000","900000","target quotation id 3235"
"already_has_items","STF/QTN/2119-D-/24-25","Gaytri Industries","22-Apr-2025","7424750","7424750","target quotation id 3236"
"already_has_items","STF/QTN/2123/2025-26","Chiclam Pvt Ltd","22-Apr-2025","7005000","7005000","target quotation id 3237"
"already_has_items","STF/QTN/2122 A/2025-26","Hotel Maharana Pratap","21-Apr-2025","6115000","6115000","target quotation id 3238"
"already_has_items","STF/QTN/2122 B/2025-26","Hotel Maharana Pratap","21-Apr-2025","6890000","6890000","target quotation id 3239"
"already_has_items","STF/QTN/2041-D-F/2025-26","SARKAR PLYWOOD","21-Apr-2025","5175000","5175000","target quotation id 3240"
"already_has_items","SB/QTN/15731/2025-26","NSL KRISHNAVENI SUGARS LIMITED","18-Apr-2025","7400","6068","target quotation id 3244"
"already_has_items","SBH/2102 B/24-25","Salicilates and  Chemicals","17-Apr-2025","570000","570000","target quotation id 3250"
"already_has_items","STF/QTN/2118/2025-26","Lalit Industries","15-Apr-2025","2680000","2680000","target quotation id 3258"
"already_has_items","SB/QTN/15724 F/2025-26","SHOBHA LIFE SCIENCES PVT LTD","14-Apr-2025","2125","2125","target quotation id 3259"
"already_has_items","SB/QTN/15725/2025-26","Yuvan Food Products","14-Apr-2025","286195","286195","target quotation id 3260"
"already_has_items","STF/QTN/2111-R1-F/24-25","Kammac Projects","14-Apr-2025","1650000","1650000","target quotation id 3261"
"already_has_items","STF/QTN/2117/2025-26","Best Engineering Technologies","12-Apr-2025","4045000","4045000","target quotation id 3262"
"already_has_items","15723A","I TECH EQUIPMENTS","11-Apr-2025","1450500","1450500","target quotation id 3263"
"already_has_items","STF/QTN/2116/2025-26","Fortune Engineering Works","11-Apr-2025","3010000","3010000","target quotation id 3264"
"already_has_items","15720","Kasyamana Silicates Pvt. Ltd.","11-Apr-2025","1175000","1175000","target quotation id 3265"
"already_has_items","SB/QTN/15718 BF/2025-26","Meena Enterprises","10-Apr-2025","1610250","1610250","target quotation id 3266"
"already_has_items","SB/QTN/15717/2025-26","STANDARD PRODUCT MANUCATURING","10-Apr-2025","2610","2610","target quotation id 3267"
"already_has_items","SB/QTN/15718 AF/2025-26","Meena Enterprises","10-Apr-2025","1444000","1444000","target quotation id 3272"
"already_has_items","14967C","M/s ATGC Biotech pvt ltd","10-Apr-2025","1094500","1094500","target quotation id 3273"
"already_has_items","SB/QTN/15716/2025-26","Sangam Milk Producer Company Limited","09-Apr-2025","375000","307500","target quotation id 3274"
"already_has_items","SB/QTN/15712 B/2025-26","Pandurangaiah","05-Apr-2025","400000","400000","target quotation id 3275"
"already_has_items","SB/QTN/15712/2024-25","Pandurangaiah","05-Apr-2025","650000","650000","target quotation id 3276"
"already_has_items","15711","Sri Balaji Metal Industries","05-Apr-2025","3337500","3337500","target quotation id 3277"
"already_has_items","STF/QTN/2114-F/25-26","PM FLY ASH BRICKS AND COMPANY","04-Apr-2025","3578500","3578500","target quotation id 3278"
"already_has_items","SB/QTN/15709 F/2025-26","CEYONE LIFE SCIENCES PVT LTD","04-Apr-2025","42500","42500","target quotation id 3279"
"already_has_items","STF/QTN/2113 F/2025-26","Chiclam Pvt Ltd","03-Apr-2025","5089500","5089500","target quotation id 3280"
"already_has_items","STF/QTN/2112 F/2024-25","Rohit Pandey","31-Mar-2025","2083500","2083500","target quotation id 3281"
"already_has_items","STF/QTN/2111-B-F/24-25","Kammac Projects","29-Mar-2025","2715750","2715750","target quotation id 3282"
"already_has_items","SB/QTN/15707-F/24-25-R1","Abhay Innovate Plastic Ltd","29-Mar-2025","93500","93500","target quotation id 3283"
"already_has_items","15702B","Hiranya Cellulose Products","29-Mar-2025","3708500","3708500","target quotation id 3284"
"already_has_items","SB/QTN/15688-R2-F/2024-25-R2","Kanwaria Chemical","27-Mar-2025","637750","637750","target quotation id 3285"
"already_has_items","SB/QTN/15706-F/24-25","Salicilates and  Chemicals","25-Mar-2025","1080000","1080000","target quotation id 3286"
"already_has_items","STF/QTN/2110-F/2024-25","Siddhi Papers","20-Mar-2025","3317600","3317600","target quotation id 3287"
"already_has_items","SB/QTN/15703/24-25","Granary Agro LLP","20-Mar-2025","15750","12915","target quotation id 3288"
"already_has_items","SBQTN/15701-F/2024-25","Padma Industries","20-Mar-2025","1711600","1711600","target quotation id 3289"
"already_has_items","15702","Hiranya Cellulose Products","20-Mar-2025","1909600","1909600","target quotation id 3290"
"already_has_items","STF/QTN/2088-B-F/2024-25","Lohiya Industry","19-Mar-2025","3172500","3172500","target quotation id 3291"
"already_has_items","SB/QTN/15700 F/2024-25","Trifolium Scientifics","19-Mar-2025","810000","810000","target quotation id 3292"
"already_has_items","STF/QTN/2109 AF/2024-25","Raja Kumar","19-Mar-2025","2083500","2083500","target quotation id 3293"
"already_has_items","STF/QTN/2109 BF/2024-25","Raja Kumar","19-Mar-2025","2308500","2308500","target quotation id 3294"
"already_has_items","SB/QTN/15697/24-25","Island Veer Chemie Pvt.Ltd,","18-Mar-2025","14725","14725","target quotation id 3295"
"already_has_items","2104A","KORE CHEMICAL INDUSTRIES","17-Mar-2025","4689000","4689000","target quotation id 3296"
"already_has_items","STF/QTN/2107 F/2024-25","Star Milk products pvt ltd","17-Mar-2025","2385000","2385000","target quotation id 3297"
"already_has_items","SB/QTN/15695 F/2024-25","EASHWAR LAUNDRY","17-Mar-2025","10200","10200","target quotation id 3298"
"already_has_items","STF/QTN/2106 F/2024-25","PATMOS INDUSTRIES","17-Mar-2025","2925000","2925000","target quotation id 3299"
"already_has_items","STF/QTN/2105-B-F/2024-25","BLYPIN ENTERPRISES PRIVATELIMITED","17-Mar-2025","4108500","4108500","target quotation id 3300"
"already_has_items","2103B","NIFTY LABS PVT LTD","15-Mar-2025","2565000","2565000","target quotation id 3301"
"already_has_items","STF/QTN/2101 AF/2024-25","GS Plywood Industries Pvt Ltd","13-Mar-2025","4857750","4857750","target quotation id 3304"
"already_has_items","SB/QTN/15690-F/24-25","Patil Rail","12-Mar-2025","105250","105250","target quotation id 3307"
"already_has_items","SB/QTN/15688 F/2024-25-R1","Kanwaria Chemical","11-Mar-2025","858500","858500","target quotation id 3308"
"already_has_items","STF/QTN/2099 F/2024-25","GREENTECH LABORATORIES P LTD","10-Mar-2025","2182500","2182500","target quotation id 3309"
"already_has_items","SB/QTN/15688 F/2024-25","Kanwaria Chemical","10-Mar-2025","1188000","1188000","target quotation id 3310"
"already_has_items","STF/QTN/2097 BF/2024-25","Kalki Agro Foods","10-Mar-2025","1516500","1516500","target quotation id 3311"
"already_has_items","15685","Hubert Healthcare Pvt. Ltd.","08-Mar-2025","981000","981000","target quotation id 3312"
"already_has_items","SB/QTN/14982-B-NRP/24-25","Sidhi Vinayak Plastic Industry","07-Mar-2025","637500","637500","target quotation id 3313"
"already_has_items","SB/QTN/15678-BF /24-25","KSR Modern Rice Mill","07-Mar-2025","289000","289000","target quotation id 3314"
"already_has_items","SB/QTN/15682 F/2024-25-NRP","Coromandel Concrete Products Pvt Ltd","06-Mar-2025","36080","36080","target quotation id 3315"
"already_has_items","SB/QTN/15681 F/2024-25","RAKESH BEHRA","05-Mar-2025","630000","630000","target quotation id 3316"
"already_has_items","15675 FINAL R2","M/s BEST ENGINEERING TECHNOLOGIES","04-Mar-2025","906875","906875","target quotation id 3319"
"already_has_items","SB/QTN/15679/2024-25","NSL SUGARS LTD","04-Mar-2025","14400","11808","target quotation id 3320"
"already_has_items","15675 FINAL R1","M/s BEST ENGINEERING TECHNOLOGIES","04-Mar-2025","946950","946950","target quotation id 3321"
"already_has_items","STF/QTN/2097 F/2024-25","Kalki Agro Foods","03-Mar-2025","1858500","1858500","target quotation id 3322"
"already_has_items","SB/QTN/15677 F/2024-25","Sri Ganapathy power laundry","03-Mar-2025","1300500","1300500","target quotation id 3325"
"already_has_items","SB/QTN/15676/2024+25","HBL Power Systems Ltd","03-Mar-2025","46000","46000","target quotation id 3326"
"already_has_items","15675","M/s BEST ENGINEERING TECHNOLOGIES","01-Mar-2025","961450","961450","target quotation id 3327"
"already_has_items","15144A&B-F-R2","Murthy Engineering Works","01-Mar-2025","1500000","1500000","target quotation id 3328"
"already_has_items","15144AR2","Murthy Engineering Works","01-Mar-2025","594500","594500","target quotation id 3329"
"already_has_items","SB/QTN/14806 B/2024-25/R-1","Empire Jute mill","28-Feb-2025","250000","250000","target quotation id 3330"
"already_has_items","STF/QTN/2096 F/2024-25","JUBLEE HILLS RESORT PVT LTD","28-Feb-2025","639000","639000","target quotation id 3331"
"already_has_items","SB/QTN/15673 BF/2024-25","JOTIRMOY DAS","27-Feb-2025","337500","337500","target quotation id 3332"
"already_has_items","SB/QTN/15673 F/2024-25","JOTIRMOY DAS","27-Feb-2025","360000","360000","target quotation id 3333"
"already_has_items","SB/QTN/15672 F/2024-25","Maanata Food Products","27-Feb-2025","968000","968000","target quotation id 3334"
"already_has_items","SB/QTN/15669 F/2024-25","FRUIT & VEGETABLE TECHNOLOGY DEPARTMENT","25-Feb-2025","477000","477000","target quotation id 3335"
"already_has_items","SB/QTN/15132-R2-F/2024-25-R1","Jeeva Organics Pvt Ltd","25-Feb-2025","526250","526250","target quotation id 3336"
"already_has_items","SB/QTN/15165F/2024-25","Sourav Ghosh","21-Feb-2025","783000","783000","target quotation id 3337"
"already_has_items","SB/QTN/15166-F/24-25","Vasundhara Rice Mill","21-Feb-2025","80850","66297","target quotation id 3338"
"already_has_items","SB/QTN/15667-F/24-25","East Coast Marine Products","21-Feb-2025","270000","270000","target quotation id 3339"
"already_has_items","STF/QTN/2091 F/2024-25","Raj Kishan Yadav","20-Feb-2025","1786500","1786500","target quotation id 3340"
"already_has_items","STF/QTN/2090 F/2024-25","Prajwal Insulations and  Packaging Industries","19-Feb-2025","2907000","2907000","target quotation id 3341"
"already_has_items","STF/QTN/2089 F/2024-25","Sano Pharma Private Limited","19-Feb-2025","3762000","3762000","target quotation id 3342"
"already_has_items","STF/QTN/2087/2024-25","HIGAIN FEEDS & FARMS P LTD","14-Feb-2025","3304000","3304000","target quotation id 3343"
"already_has_items","STF/QTN/2086/2024-25 NRP","KEVYS GENERICS P LTD","14-Feb-2025","2565000","2565000","target quotation id 3344"
"already_has_items","STF/QTN/2085-F/24-25","Shree Mallikarjuna Traders","13-Feb-2025","4351500","4351500","target quotation id 3345"
"already_has_items","SB/QTN/15159/24-25","FAST AND FRESH LAUNDRY SERVICES","13-Feb-2025","1545000","1545000","target quotation id 3346"
"already_has_items","2075BR1-F","Premier Explosive Ltd","13-Feb-2025","3300500","3300500","target quotation id 3347"
"already_has_items","SB/QTN/15157/2024-25 F","VEENA RUBBER INDUSTRIES","12-Feb-2025","389500","389500","target quotation id 3348"
"already_has_items","STF/QTN/2084-NRP/24-25","Kammac Projects","12-Feb-2025","2200000","2200000","target quotation id 3349"
"already_has_items","15156","HETSYM PHARMA PVT. LTD","10-Feb-2025","650000","650000","target quotation id 3350"
"already_has_items","STF/QTN/2034 F/2024-25-R1","M/S KAPROLL PETROLUBES","07-Feb-2025","675000","675000","target quotation id 3351"
"already_has_items","SB/QTN/15150/2024-25","Urban Rivet Clothing Co","07-Feb-2025","1135000","1135000","target quotation id 3352"
"already_has_items","STF/QTN/2078 -R2-F/2024-25","SRI VEEREENDAR FRUIT BARS","05-Feb-2025","1656750","1656750","target quotation id 3353"
"already_has_items","SB/QTN/15140-R2-F/2024-25","Sri Vinayaka Agro Food","05-Feb-2025","650000","533000","target quotation id 3354"
"already_has_items","STF/QTN/2082 F/2024-25","Pankaj Kumar","05-Feb-2025","2083500","2083500","target quotation id 3355"
"already_has_items","2075B","Premier Explosive Ltd","01-Feb-2025","6225000","6225000","target quotation id 3356"
"already_has_items","15144B","Murthy Engineering Works","01-Feb-2025","1257500","1257500","target quotation id 3357"
"already_has_items","2075A-R1","Premier Explosive Ltd","01-Feb-2025","5842500","5842500","target quotation id 3358"
"already_has_items","15144A","Murthy Engineering Works","01-Feb-2025","1028250","1028250","target quotation id 3359"
"already_has_items","SB/QTN/13375 A/2025-26","Sri Laxmi Food Products","31-Jan-2025","1650000","1650000","target quotation id 3360"
"already_has_items","STF/QTN/2080F/2024-25","PYRAMID WHITE CLOUD PRIVATE LTD","29-Jan-2025","3888000","3888000","target quotation id 3361"
"already_has_items","STF/QTN/2079-F/24-25","Suman Vatika Foods Products","28-Jan-2025","1804000","1804000","target quotation id 3362"
"already_has_items","STF/QTN/2077 F/2024-25","VITAL SYNTHETIC LABS","27-Jan-2025","900000","900000","target quotation id 3363"
"already_has_items","2075","Premier Explosive Ltd","25-Jan-2025","7615000","7615000","target quotation id 3364"
"already_has_items","STF/QTN/2072-F/24-25","Ravinder Kumar Jain","24-Jan-2025","3432000","3432000","target quotation id 3365"
"already_has_items","STF/QTN/2073 F/2024-25","PRADEEP SAHOO","24-Jan-2025","2083500","2083500","target quotation id 3366"
"already_has_items","STF/QTN/2061-B-F/24-25","Brahma Enterprise","24-Jan-2025","2470500","2470500","target quotation id 3367"
"already_has_items","2074","S2 Engineering Industry Pvt Ltd.","24-Jan-2025","9546000","9546000","target quotation id 3368"
"already_has_items","15133","Suryas Exports Pvt Ltd","24-Jan-2025","1632000","1632000","target quotation id 3369"
"already_has_items","STF/QTN/1027-R1BK/24-25","Maa Purna Rice Mill","23-Jan-2025","3635000","2980700","target quotation id 3370"
"already_has_items","STF/QTN/2071 F/2024-25","Hincha","23-Jan-2025","1134000","1134000","target quotation id 3371"
"already_has_items","SB/QTN/15131 AF/204-25","Hincha","23-Jan-2025","1660500","1660500","target quotation id 3372"
"already_has_items","14993R3","M/s Vidgas life sciences pvt ltd","23-Jan-2025","518750","518750","target quotation id 3373"
"already_has_items","STF/1027-R1-F/24-25","Maa Purna Rice Mill","22-Jan-2025","2095250","2095250","target quotation id 3374"
"already_has_items","SB/QTN/14826-C-R3/24-25","Project Perfect Engineering Works","18-Jan-2025","2396000","2396000","target quotation id 3375"
"already_has_items","STF/QTN/2068F/2024-25","Venkateshwara Silk Dyeing Work","18-Jan-2025","2223000","2223000","target quotation id 3376"
"already_has_items","2067","Nissi Energy Engineering Services","18-Jan-2025","3410000","3410000","target quotation id 3377"
"already_has_items","SB/QTN/15124 F/2024-25","Rajesh Kumar Gupta","17-Jan-2025","1521000","1521000","target quotation id 3378"
"already_has_items","STF/QTN/2061-F/24-25 ","Brahma Enterprise","14-Jan-2025","1122000","1122000","target quotation id 3379"
"already_has_items","SB/QTN/15118B- R2-F/2024-25","UBL AGRO PRODUCTS","14-Jan-2025","385000","385000","target quotation id 3380"
"already_has_items","STF/QTN/2062 F/2024-25","Priyanka Refinery Pvt. Ltd","13-Jan-2025","803250","803250","target quotation id 3381"
"already_has_items","SB/QTN/15119-CP-F/24-25","Omprakash  Nishad","12-Jan-2025","585000","585000","target quotation id 3382"
"already_has_items","SB/QTN/15095/2024-25-R2","KOMALA TRADERS","11-Jan-2025","1646950","1646950","target quotation id 3383"
"already_has_items","SB/QTN/15089-R2-F/24-25","Indus Mega Food Park Pvt Ltd","10-Jan-2025","462500","462500","target quotation id 3384"
"already_has_items","SB/QTN/15118 F/2024-25","UBL AGRO PRODUCTS","09-Jan-2025","562500","562500","target quotation id 3385"
"already_has_items","STF/QTN/2061 F/2024-25","Brahma Enterprise","09-Jan-2025","2025000","2025000","target quotation id 3386"
"already_has_items","STF/QTN/2059-R2-F/2024-25-R1","Pravasha Agro industry","09-Jan-2025","2810000","2810000","target quotation id 3387"
"already_has_items","SB/QTN/15113 DF/2024-25","PRO BIOTECH","08-Jan-2025","477000","477000","target quotation id 3388"
"already_has_items","STF/QTN/2046-BF/2024-25-R2","Vaishnavi Paper LLP","08-Jan-2025","5250000","5250000","target quotation id 3389"
"already_has_items","SB/QTN/15113 CF/2024-25","PRO BIOTECH","08-Jan-2025","256500","256500","target quotation id 3390"
"already_has_items","STF/QTN/2060F/2024-25","Chrome Pint Pack","08-Jan-2025","4153500","4153500","target quotation id 3391"
"already_has_items","2058","Srinivasa Industries","07-Jan-2025","1935000","1935000","target quotation id 3392"
"already_has_items","SB/QTN/15114 F/2024-25","Debabrata Pain","06-Jan-2025","697500","697500","target quotation id 3393"
"already_has_items","STF/QTN/2057 F/2024-25","ABHINANDAN DAS","06-Jan-2025","2218500","2218500","target quotation id 3394"
"already_has_items","SB/QTN/15113-BF/2024-25","PRO BIOTECH","06-Jan-2025","697500","697500","target quotation id 3395"
"already_has_items","SB/QTN/15116 F/2024-25","Wall Online Point","06-Jan-2025","1521000","1521000","target quotation id 3396"
"already_has_items","STF/QTN/2056 F/2024-25","Triumphant Industries","06-Jan-2025","2088000","2088000","target quotation id 3397"
"already_has_items","SB/QTN/15113 AF/2024-25-R1","PRO BIOTECH","06-Jan-2025","445500","445500","target quotation id 3398"
"already_has_items","SB/QTN/2055F/2024-25","Manish Kumar","06-Jan-2025","2695500","2695500","target quotation id 3399"
"already_has_items","SB/QTN/15113-AF/2024-25","PRO BIOTECH","06-Jan-2025","634500","634500","target quotation id 3400"
"already_has_items","SB/QTN/15115 F/2024-25","Jawed Garments","06-Jan-2025","1143000","1143000","target quotation id 3401"
"already_has_items","SB/QTN/15108F/2024-25","RB Hataryers","04-Jan-2025","256500","256500","target quotation id 3402"
"already_has_items","SB/QTN/15110F/2024-25","SAURAV BHARDWAJ","04-Jan-2025","35450","29069","target quotation id 3403"
"already_has_items","SB/QTN/15109F/2024-25","Veera Enterprises.","04-Jan-2025","697500","697500","target quotation id 3404"
"already_has_items","SB/QTN/15106F/2024-25","Brick Field","04-Jan-2025","697500","697500","target quotation id 3405"
"already_has_items","STF/QTN/2054F/2024-25","Vinod Sahu","04-Jan-2025","2169200","2169200","target quotation id 3406"
"already_has_items","STF/QTN/2053F/2024-25","RAMANTA OVERSEAS","04-Jan-2025","2025000","2025000","target quotation id 3407"
"already_has_items","STF/QTN/2053 F/2024-25","SHIVRAM AGRO INDUSTRIES","03-Jan-2025","207000","207000","target quotation id 3408"
"already_has_items","STF/QTN/2051 F/2024-25","Raj Kishan Yadav","31-Dec-2024","2083500","2083500","target quotation id 3409"
"already_has_items","STF/QTN/2050-F/2024-25","Sahu Traders","31-Dec-2024","2083500","2083500","target quotation id 3410"
"already_has_items","SB/QTN/15105 F/2024-25","Pintoo","31-Dec-2024","697500","697500","target quotation id 3411"
"already_has_items","STF/QTN/1060-B-R1-F/24-25","JE Innovative Enigneering Pvt Ltd","31-Dec-2024","1844500","1844500","target quotation id 3412"
"already_has_items","SB/QTN/15102 F/2024-25","Prem Singh","31-Dec-2024","15725","15725","target quotation id 3413"
"already_has_items","2053","laxmi rail infra pvt ltd","31-Dec-2024","1430000","1430000","target quotation id 3414"
"already_has_items","SB/QTN/150101 F/2024-25","MAMTA NANDI","30-Dec-2024","697500","697500","target quotation id 3415"
"already_has_items","SB/QTN/15100 F/2024-25","SAPOI TEA ESTATE","30-Dec-2024","1048500","1048500","target quotation id 3416"
"already_has_items","SB/QTN/1062-R4/24-25","COSMIC FOOD PRODUCTS","30-Dec-2024","1435000","1435000","target quotation id 3417"
"already_has_items","SB/QTN/15096/2024-25","Hoster Labs Pvt. Ltd.","27-Dec-2024","2520","2520","target quotation id 3418"
"already_has_items","STF/QTN/2018-B-R2-BK/24-25","JLS LABORATORIES P LTD","27-Dec-2024","4925000","4925000","target quotation id 3419"
"already_has_items","STF/QTN/2049 B F /2024-25","RAMANJENEYA RICE MILL","25-Dec-2024","2218500","2218500","target quotation id 3420"
"already_has_items","STF/QTN/2048 F/2024-25","NORTH BENGAL PLY","23-Dec-2024","5085000","5085000","target quotation id 3421"
"already_has_items","SB/QTN/15094 F/2024","Trimurti Foodtech Private Limited","23-Dec-2024","697500","697500","target quotation id 3422"
"already_has_items","SB/QTN/15090/24-25","Nosch Labs","19-Dec-2024","37400","30668","target quotation id 3423"
"already_has_items","SB/QTN/15091 F/ 2024-25","VANNSH LIFE SCIENCES Pvt. Ltd.","19-Dec-2024","84000","68880","target quotation id 3424"
"already_has_items","SB/QTN/15087 F/2024-25","GHANSHYAM CHEMICAL","18-Dec-2024","1143000","1143000","target quotation id 3425"
"already_has_items","SB/QTN/15088 F/2024-25","Oxygenta Pharmaceutical Ltd","18-Dec-2024","741000","607620","target quotation id 3426"
"already_has_items","STF/QTN/2045 AF/ 2024-25","Tulsi Fabric","13-Dec-2024","1435500","1435500","target quotation id 3427"
"already_has_items","SB/QTN/2045 BF/2024-25","Tulsi Fabric","13-Dec-2024","1786500","1786500","target quotation id 3428"
"already_has_items","STF/QTN/2041 BF/2024-25-R1","SARKAR PLYWOOD","13-Dec-2024","4500000","4500000","target quotation id 3429"
"already_has_items","1047B","M/s. Sri Monashi Life Sciences Pvt Ltd","12-Dec-2024","2144000","2144000","target quotation id 3430"
"already_has_items","15086","Salicilates and  Chemicals","12-Dec-2024","1273000","1273000","target quotation id 3431"
"already_has_items","STF/QTN/2042 F/2024-25","CO3 Enterprise Private Limited","11-Dec-2024","3168000","3168000","target quotation id 3432"
"already_has_items","SB/QTN/15084/24-25","Sree Vishnu Chemicals","10-Dec-2024","33087.5","27131.75","target quotation id 3433"
"already_has_items","STF/QTN/2041 BF/2024-25","SARKAR PLYWOOD","10-Dec-2024","5175000","5175000","target quotation id 3434"
"already_has_items","STF/QTN/2041 AF/2024-25","SARKAR PLYWOOD","10-Dec-2024","3928500","3928500","target quotation id 3435"
"already_has_items","2023R2","Zonetech","10-Dec-2024","5904000","5904000","target quotation id 3436"
"already_has_items","STF/QTN/2040 F/2024-25","Sai Sanjus Seeds","09-Dec-2024","3307500","3307500","target quotation id 3437"
"already_has_items","2011B-R3-FINAL NO REGRET ","Hygenus Bioceutical Pvt Ltd","07-Dec-2024","3813000","3813000","target quotation id 3438"
"already_has_items","2011B-R2","Hygenus Bioceutical Pvt Ltd","06-Dec-2024","4103750","4103750","target quotation id 3439"
"already_has_items","SB/QTN/14231B-R3/23-24","BEST ENGINEERING TECHNOLOGIES","04-Dec-2024","2527750","2527750","target quotation id 3440"
"already_has_items","2023R1","Zonetech","04-Dec-2024","6095750","6095750","target quotation id 3441"
"already_has_items","1082A-R1-FINAL","M/s.SAI NIKHIL PHARMA","04-Dec-2024","3776100","3776100","target quotation id 3442"
"already_has_items","2011B-R1","Hygenus Bioceutical Pvt Ltd","04-Dec-2024","4364750","4364750","target quotation id 3443"
"already_has_items","SB/QTN/15081B F/2024-25","Feedwala ( OPC ) Pvt Ltd","04-Dec-2024","2025000","2025000","target quotation id 3444"
"already_has_items","SB/QTN/15081A F/2024-25","Feedwala ( OPC ) Pvt Ltd","04-Dec-2024","1683000","1683000","target quotation id 3445"
"already_has_items","STF/QTN/2037 F/2024-25","Kartik Puri","02-Dec-2024","1935000","1935000","target quotation id 3446"
"already_has_items","SB/QTN/15062/2024-25","GOLDEN SEAM INDUSTRIES lTD","02-Dec-2024","470000","470000","target quotation id 3447"
"already_has_items","SB/QTN/15029B-F/24-25","Indrabhayi Industries Pvt Ltd","02-Dec-2024","765000","765000","target quotation id 3448"
"already_has_items","STF/QTN/2035 F/2024-25","Rakhumai Engineering services","29-Nov-2024","2790000","2790000","target quotation id 3449"
"already_has_items","STF/QTN/2020B F/2024-25","Healthy Honest Foods Pvt. Ltd.","29-Nov-2024","2299500","2299500","target quotation id 3450"
"already_has_items","STF/QTN/2034 F/2024-25","TS Kapoor Lubs","29-Nov-2024","675000","675000","target quotation id 3451"
"already_has_items","STF/QTN/2033 F/2024-25","Gandhi Mini Rice Mill","28-Nov-2024","1845000","1845000","target quotation id 3452"
"already_has_items","STF/QTN/2011 B/2024-25","Hygenus Bioceutical Pvt Ltd","28-Nov-2024","3915000","3915000","target quotation id 3453"
"already_has_items","SB/QTN/15059/2024-25","Suan Scientific Instruments & Equipments,","28-Nov-2024","850000","850000","target quotation id 3454"
"already_has_items","STF/QTN/2031/2024-25","SVS Industries","25-Nov-2024","2218500","2218500","target quotation id 3455"
"already_has_items","STF/QTN/2032 F/2024-25","Agro Syndicate","25-Nov-2024","2218500","2218500","target quotation id 3456"
"already_has_items","SB/QTN/14704-R2-F/23-24","JK LIFE CARE CENTERS","22-Nov-2024","1943500","1943500","target quotation id 3457"
"already_has_items","STF/QTN/2029 F/2024-25","Himalaya Wellness Company","22-Nov-2024","3118500","3118500","target quotation id 3458"
"already_has_items","SB/QTN/15053-F/2024-25","Madhu Engineering Work","22-Nov-2024","327250","327250","target quotation id 3459"
"already_has_items","SB/QTN/15050 F/2024-25","Yuvan Food Products","21-Nov-2024","1078000","1078000","target quotation id 3463"
"already_has_items","SB/QTN/150449/2024-25","SSB Bricks","21-Nov-2024","23100","23100","target quotation id 3464"
"already_has_items","SB/QTN/15052/24-25","Hoster Labs Pvt. Ltd.","21-Nov-2024","13000","13000","target quotation id 3465"
"already_has_items","SB/QTN/15046-F/2024-25-R1","SS Engineers India","20-Nov-2024","549900","549900","target quotation id 3466"
"already_has_items","STF/QTN/2002-B-F/2024-25","Premier Explosive Ltd","19-Nov-2024","3280500","3280500","target quotation id 3467"
"already_has_items","SB/QTN/15044/2024-25","Sri Vinayaka Textile Processors","19-Nov-2024","990000","990000","target quotation id 3468"
"already_has_items","SB/QTN/15042/2024-25","Nosch Labs","19-Nov-2024","105000","105000","target quotation id 3469"
"already_has_items","2025/24-25","Coastal Laboratories","18-Nov-2024","2780000","2780000","target quotation id 3470"
"already_has_items","STF/QTN/2024 F/ 2024-25","DEEPAK SEEDS","15-Nov-2024","4500000","4500000","target quotation id 3471"
"already_has_items","SB-MF-300-2023/24-25","Zonetech","14-Nov-2024","6967500","6967500","target quotation id 3472"
"already_has_items","STF/QTN/2022 F/2024-25","Shubh Labh  Milk Foods","14-Nov-2024","2083500","2083500","target quotation id 3473"
"already_has_items","STF/QTN/2021 F/2024-25","Ideal Detonators","14-Nov-2024","2065500","2065500","target quotation id 3474"
"already_has_items","STF/QTN/2022 F/2024-25-R1","Shubh Labh  Milk Foods","14-Nov-2024","1700000","1700000","target quotation id 3475"
"already_has_items","STF/QTN/2020 F/2024-25","Healthy Honest Foods Pvt. Ltd.","11-Nov-2024","3323500","3323500","target quotation id 3476"
"already_has_items","15032/QTN/2024-25","Sripati Labs","11-Nov-2024","4500","4500","target quotation id 3477"
"already_has_items","14274D-FINAL/24-25","chakra chem life science pvt ltd","11-Nov-2024","3160000","3160000","target quotation id 3478"
"already_has_items","SB/QTN/15038 F/2024-25","Swarnima Organics Pvt. Ltd.","08-Nov-2024","594000","594000","target quotation id 3479"
"already_has_items","SB/QTN/15035-F/24-25 ","Hetero infra ltd","08-Nov-2024","652500","652500","target quotation id 3480"
"already_has_items","15036F","Keshava Ganapathi  Ecosolutions","08-Nov-2024","1368050","1368050","target quotation id 3481"
"already_has_items","FINAL-2015/2024-2025","Nikhita Laboratories","07-Nov-2024","3164400","3164400","target quotation id 3483"
"already_has_items","STF/QTN/2018-A-F/24-25","JLS LABORATORIES P LTD","05-Nov-2024","2380000","2380000","target quotation id 3484"
"already_has_items","1067F-SBH-OF","Brilliant Bio Pharma Pvt Ltd,","04-Nov-2024","3735000","3735000","target quotation id 3485"
"already_has_items","1026A","UBIC LIFE SCIENCES","04-Nov-2024","4398500","4398500","target quotation id 3486"
"already_has_items","SB/QTN/15032-F/24-25","Sripati Labs","04-Nov-2024","4500","4500","target quotation id 3487"
"already_has_items","SB/QTN/15030-F/24-25","Progressive Agro Products","31-Oct-2024","337500","337500","target quotation id 3488"
"already_has_items","STF/QTN/2011-F/24-25","MOUNIKA SEEDS","30-Oct-2024","4500000","4500000","target quotation id 3489"
"already_has_items","1099B","Nasense Labs Private Limited","29-Oct-2024","2271400","2271400","target quotation id 3492"
"already_has_items","1099B","Nasense Labs Private Limited","28-Oct-2024","2271400","2271400","target quotation id 3491"
"already_has_items","2015","Nikhita Laboratories","26-Oct-2024","3511500","3511500","target quotation id 3493"
"already_has_items","SB/QTN/15025-F/24-25","VASPET RECYCLING PVT. LTD","25-Oct-2024","1153450","1153450","target quotation id 3494"
"already_has_items","15024","Kalpana Chemicals Pvt Ltd","24-Oct-2024","56250","56250","target quotation id 3495"
"already_has_items","SB/QTN/15023-F/24-25","Jaya Chickes Co. Pvt. Ltd","23-Oct-2024","1127500","1127500","target quotation id 3496"
"already_has_items","SB/QTN/15022-F/24-25","Harika Packaging","23-Oct-2024","117342","96220.44","target quotation id 3497"
"already_has_items","STF/QTN/2011/24-25","Hygenus Bioceutical Pvt Ltd","22-Oct-2024","3005000","2464100","target quotation id 3498"
"already_has_items","SB/QTN/15020-R1-F/24-25","Shri Girja Concrete Works","21-Oct-2024","2611000","2611000","target quotation id 3499"
"already_has_items","SB/QTN/15018-R1-F/24-25","Aditya Medi","19-Oct-2024","45920","46838.4","target quotation id 3500"
"already_has_items","15017B","DLP ENGG & ENTERPRISES","19-Oct-2024","286590","286590","target quotation id 3501"
"already_has_items","1096BR1","Coastal Foods","19-Oct-2024","1836000","1836000","target quotation id 3502"
"already_has_items","1067D-R1","Brilliant Bio Pharma Pvt Ltd,","18-Oct-2024","7638500","7638500","target quotation id 3503"
"already_has_items","14410R5","GHLS PRIVATE LIMITED","16-Oct-2024","2185000","2185000","target quotation id 3504"
"already_has_items","STF/QTN/2009/2024-25","New Genics Labs P  Ltd","16-Oct-2024","6740000","6740000","target quotation id 3505"
"already_has_items","1099 R2","Nasense Labs Private Limited","15-Oct-2024","1718000","1718000","target quotation id 3506"
"already_has_items","STF/QTN/2008-F/2024-25","Fineday Agro Private Limited","15-Oct-2024","1260000","1260000","target quotation id 3507"
"already_has_items","SB/QTN/15019-B-F/24-25","Sri Laxmi Trading Company","14-Oct-2024","1185750","1185750","target quotation id 3508"
"already_has_items","STF/QTN/2001-F/24-25 ","Best Engineering Technologies","14-Oct-2024","6705000","6705000","target quotation id 3509"
"already_has_items","STF/QTN/2002-F/24-25","Premier Explosive Ltd","14-Oct-2024","2354500","2354500","target quotation id 3510"
"already_has_items","1099A","Nasense Labs Private Limited","08-Oct-2024","4507750","4507750","target quotation id 3512"
"already_has_items","1099B","Nasense Labs Private Limited","05-Oct-2024","3843000","3843000","target quotation id 3490"
"already_has_items","1099A","Nasense Labs Private Limited","05-Oct-2024","3195000","3195000","target quotation id 3511"
"already_has_items","15016","Dayalal Jabwani","04-Oct-2024","931500","931500","target quotation id 3513"
"already_has_items","1098","Sree Nandini Polymers","01-Oct-2024","2475000","2475000","target quotation id 3516"
"already_has_items","10511B","Vikrama Innovative Technologies","01-Oct-2024","1472500","1472500","target quotation id 3517"
"already_has_items","1097","M/s MK POLYPET INDIA PVT LTD","30-Sep-2024","3309000","3309000","target quotation id 3518"
"already_has_items","15012","Shree Nidhi Oil Product","30-Sep-2024","954000","954000","target quotation id 3519"
"already_has_items","15013","Swarna Beverages","30-Sep-2024","2514900","2514900","target quotation id 3520"
"already_has_items","1096","Coastal Foods","30-Sep-2024","1872000","1872000","target quotation id 3524"
"already_has_items","1096","Coastal Foods","28-Sep-2024","1800000","1800000","target quotation id 3523"
"already_has_items","SB/QTN/15011/2024-25","Mr Ganesh Hullahalli","27-Sep-2024","1745000","1430900","target quotation id 3525"
"already_has_items","SB/QTN/15011 B/2024-25","Mr Ganesh Hullahalli","27-Sep-2024","1395000","1143900","target quotation id 3526"
"already_has_items","10511","Vikrama Innovative Technologies","26-Sep-2024","1691000","1691000","target quotation id 3527"
"already_has_items","14825R1","House Of Oils","26-Sep-2024","2808500","2808500","target quotation id 3528"
"already_has_items","STF/QTN/1088 B-F/2024-25","Vaishnavi Agro Industries","26-Sep-2024","4266000","4266000","target quotation id 3529"
"already_has_items","STF/QTN/1094-F/24-25","3SB INDUSTRIES PVT LTD","26-Sep-2024","3334500","3334500","target quotation id 3530"
"already_has_items","SB/QTN/15010-F/24-25","Supra Engineering","25-Sep-2024","47500","47500","target quotation id 3531"
"already_has_items","1092","Growell Agrochemical Industries","25-Sep-2024","4465000","4465000","target quotation id 3532"
"already_has_items","STF/QTN/1093-F/2024-25","Sun Agro Foods & Exports Limited","25-Sep-2024","2083500","2083500","target quotation id 3533"
"already_has_items","15009B","M/s. Srivilas Hydrotech Private Limited","25-Sep-2024","1499500","1499500","target quotation id 3534"
"already_has_items","1090","Vikrama Innovative Technologies","24-Sep-2024","2468750","2468750","target quotation id 3535"
"already_has_items","1091","Anwita Drugs and Chemicals Pvt Ltd","24-Sep-2024","1044000","1044000","target quotation id 3536"
"already_has_items","15008","Regional Agricultural Research Station,","24-Sep-2024","2412000","2412000","target quotation id 3537"
"already_has_items","STF/QTN/1089-B","Sri Sai Ram Packaging","23-Sep-2024","3600000","3600000","target quotation id 3538"
"already_has_items","STF/QTN/1062-R3-F/24-25","COSMIC FOOD PRODUCTS","23-Sep-2024","1830000","1830000","target quotation id 3539"
"already_has_items","SB/QTN/15006-F/2024-25","Ashish singh","23-Sep-2024","877500","877500","target quotation id 3540"
"already_has_items","STF/QTN/1079-B-F/2024-25","Ultra washtex pvt.ltd","20-Sep-2024","2517400","2517400","target quotation id 3541"
"already_has_items","1084R1","M/s Ganapathi Rice Industries","19-Sep-2024","2814750","2814750","target quotation id 3542"
"already_has_items","SB/QTN/15003-F/24-25","Enrich Biotech","18-Sep-2024","902250","902250","target quotation id 3543"
"already_has_items","SB/QTN/14994/2024-25","SRIVILLAS HYDROTECH PVT LTD","18-Sep-2024","125000","102500","target quotation id 3544"
"already_has_items","STF/QTN/1076-D-R3-F/2024-25","Shriram Frozen Foods","18-Sep-2024","3330000","3330000","target quotation id 3545"
"already_has_items","14993R1","M/s Vidgas life sciences pvt ltd","18-Sep-2024","1159500","1159500","target quotation id 3546"
"already_has_items","1084","M/s Ganapathi Rice Industries","17-Sep-2024","3127500","3127500","target quotation id 3547"
"already_has_items","STF/QTN/1083-F/24-25","Sri Vishnu Seeds","15-Sep-2024","4860000","4860000","target quotation id 3548"
"already_has_items","1082B","M/s.SAI NIKHIL PHARMA","14-Sep-2024","4493000","4493000","target quotation id 3549"
"already_has_items","STF/QTN/1049-R2-F/24-25","Sree Bharati Bio Generatics Pvt. Ltd","12-Sep-2024","2835000","2835000","target quotation id 3550"
"already_has_items","STF/QTN/1081-F/2024-25","Tanna Chemicals","12-Sep-2024","747000","747000","target quotation id 3551"
"already_has_items","SB/QTB/15001-F/2024-25","ACURE BIOSCIENCES PVT LTD","12-Sep-2024","1174500","1174500","target quotation id 3552"
"already_has_items","STF/QTN/1079-F/2024-25","Ultra Dimension Private Limited","12-Sep-2024","2088000","2088000","target quotation id 3553"
"already_has_items","SB/QTN/14999-F/2024-25","Kaveri Hardware","10-Sep-2024","697500","697500","target quotation id 3554"
"already_has_items","SB/QTN/14995-F/24-25","Naidu dairy","05-Sep-2024","450000","450000","target quotation id 3555"
"already_has_items","STF/QTN/1076-B-F/2024-25","Shriram Frozen Foods","05-Sep-2024","4671000","4671000","target quotation id 3556"
"already_has_items","14993-Commercial ","M/s Vidgas life sciences pvt ltd","05-Sep-2024","505000","505000","target quotation id 3557"
"already_has_items","SB/QTN/14991/24-25","Nosch Labs Private Limited","04-Sep-2024","16000","13120","target quotation id 3558"
"already_has_items","14992","OMALLOY CASTING","03-Sep-2024","2020000","2020000","target quotation id 3559"
"already_has_items","SB/QTN/14989/24-25","OMALLOY CASTING","31-Aug-2024","2080000","1705600","target quotation id 3560"
"already_has_items","STF/QTN/1072-B-F/24-25 ","Ravoos Laboratories Pvt Ltd","29-Aug-2024","5233500","5233500","target quotation id 3561"
"already_has_items","STF-QTN/1071-F/24-25","Indus Plywood","29-Aug-2024","2271400","2271400","target quotation id 3562"
"already_has_items","1067D","Brilliant Bio Pharma Pvt Ltd,","26-Aug-2024","9890000","10879000","target quotation id 3563"
"already_has_items","SB/QTN/14490-R6-F/24-25","Alkaloids Pvt Ltd","23-Aug-2024","1995000","1995000","target quotation id 3564"
"already_has_items","SB/QTN/14989-F/24-25","Paramount Communications Ltd.","23-Aug-2024","893250","893250","target quotation id 3565"
"already_has_items","14978B -R2","DEEPAK NITRITE LIMITED","21-Aug-2024","1051000","1051000","target quotation id 3566"
"already_has_items","1067C","Brilliant Bio Pharma Pvt Ltd,","20-Aug-2024","350000","350000","target quotation id 3567"
"already_has_items","STF/QTN/1070-F/24-25 ","Ramdhan Laundries","19-Aug-2024","2148000","2148000","target quotation id 3568"
"already_has_items","14247C","chakra chem life science pvt ltd","17-Aug-2024","1875000","1875000","target quotation id 3570"
"already_has_items","SB/QTN/14983-R-1-F/24-25","Flakely Polymers Pvt. Ltd","17-Aug-2024","780000","780000","target quotation id 3571"
"already_has_items","STF/QTN/1069-F/2024-25","K A BOARDS","16-Aug-2024","2310000","2310000","target quotation id 3572"
"already_has_items","STF/QTN/1065-B-F/2024-25","K A BOARDS","13-Aug-2024","2310000","2310000","target quotation id 3573"
"already_has_items","14247C","chakra chem life science pvt ltd","13-Aug-2024","3557500","3557500","target quotation id 3569"
"already_has_items","STF/QTN/1063/24-25","Tarini Chemical Industries","10-Aug-2024","1955000","1955000","target quotation id 3574"
"already_has_items","SB/QTN/14830 C-F/2024-25","ZIHWA FOODS PVT. LTD","10-Aug-2024","1628000","1628000","target quotation id 3575"
"already_has_items","STF/QTN/1061-R1-F /2024-25","Karimnagar Dairy","09-Aug-2024","1625000","1332500","target quotation id 3576"
"already_has_items","14978B -R1","DEEPAK NITRITE LIMITED","06-Aug-2024","1269000","1269000","target quotation id 3577"
"already_has_items","SB/QTN/15678-F /24-25","KSR Modern Rice Mill","03-Aug-2024","298760","244983.2","target quotation id 3578"
"already_has_items","SB/QTN/1053-R3-F/24-25","Maha Fresh Fruits Products","02-Aug-2024","2500000","2500000","target quotation id 3579"
"already_has_items","1013B","knovea pharmacutical","02-Aug-2024","1368500","1368500","target quotation id 3580"
"already_has_items","SB/QTN/14982-R1/24-25","Sidhi Vinayak Plastic Industry","31-Jul-2024","735000","602700","target quotation id 3581"
"already_has_items","STF/QTN/1059B-F/24-25","Neprofa Technologies Pvt. Ltd","31-Jul-2024","3924800","3924800","target quotation id 3582"
"already_has_items","SB/QTN/14982-F/24-25","Sidhi Vinayak Plastic Industry","31-Jul-2024","858500","858500","target quotation id 3583"
"already_has_items","STF/QTN/1059-F/24-25","Neprofa Technologies Pvt. Ltd","31-Jul-2024","3260400","3260400","target quotation id 3584"
"already_has_items","STF/QTN/1058-F/24-25","Dheeraj Kumar Dua","31-Jul-2024","2151600","2151600","target quotation id 3585"
"already_has_items","STF/QTN/1059-B-F/24-25 ","Neprofa Technologies Pvt. Ltd","31-Jul-2024","4936800","4936800","target quotation id 3586"
"already_has_items","SB/QTN/14898-R2-F/24-25","Samasti Foods","30-Jul-2024","3097900","3097900","target quotation id 3587"
"already_has_items","14978B","DEEPAK NITRITE LIMITED","30-Jul-2024","1179000","1179000","target quotation id 3588"
"already_has_items","STF/QTN/1056-F/24-25-R1","Shiv Ganga Namkeen","30-Jul-2024","1012500","1012500","target quotation id 3589"
"already_has_items","SB/QTN/14981-F/2024-25","BHUVAN BIO ENERGY INDIA PRIVATE LIMITED","29-Jul-2024","252000","252000","target quotation id 3590"
"already_has_items","STF/QTN/1055-F/24-25","Ecotweet Agriware Private Limited","26-Jul-2024","1777500","1777500","target quotation id 3591"
"already_has_items","14974C","HKM Charitable foundation","26-Jul-2024","739850","739850","target quotation id 3592"
"already_has_items","STF/QTN/1054-F/24-25","Nitri industries pvt limited","25-Jul-2024","3568840","3568840","target quotation id 3593"
"already_has_items","STF/QTN/1051-F/24-25","HETSYM PHARMA PVT. LTD","24-Jul-2024","4976400","4976400","target quotation id 3595"
"already_has_items","STF/QTN/1041-R4-F/24-25","Green Dhobi","23-Jul-2024","3239000","3239000","target quotation id 3596"
"already_has_items","STF-GF-300-1052","M/s Sampre Nutrition Limited","23-Jul-2024","3046500","3046500","target quotation id 3597"
"already_has_items","STF/QTN/1051-R1-F/24-25","AMK SILKS REELING FACTORY","23-Jul-2024","2109000","1729380","target quotation id 3600"
"already_has_items","STF/QTN/1051-F/24-25","HETSYM PHARMA PVT. LTD","23-Jul-2024","3802500","3802500","target quotation id 3594"
"already_has_items","STF/1048-F/24-25","Radha Rani Plywood Industries","20-Jul-2024","2727000","2727000","target quotation id 3601"
"already_has_items","14978A R1","DEEPAK NITRITE LIMITED","20-Jul-2024","1515900","1515900","target quotation id 3602"
"already_has_items","14749R1","M/s VIWYN PHARMA PVT LTD","20-Jul-2024","3450300","3450300","target quotation id 3603"
"already_has_items","14978A","DEEPAK NITRITE LIMITED","19-Jul-2024","3157000","3157000","target quotation id 3604"
"already_has_items","SB/QTN/14975/24-25","Sai Bhagvan Life Science","19-Jul-2024","73040","59892.8","target quotation id 3605"
"already_has_items","14974B","HKM Charitable Trust","19-Jul-2024","889637.5","889637.5","target quotation id 3606"
"already_has_items","SB/QTN/14976 B/24-25","RAITABANDHU AHHARODYAM PVT LTD","19-Jul-2024","1420000","1164400","target quotation id 3607"
"already_has_items","SB/QTN/14970/24-25","SSB BRICKS","18-Jul-2024","80500","66010","target quotation id 3608"
"already_has_items","14972","Inovative Engineers","18-Jul-2024","1276000","1276000","target quotation id 3609"
"already_has_items","STF/QTN/1047-F/2024-25","Alif Enterprises","18-Jul-2024","2263500","2263500","target quotation id 3610"
"already_has_items","STF/QTN/1047-F/24-25","Alif Enterprises","18-Jul-2024","2398500","2398500","target quotation id 3611"
"already_has_items","14974","HKM Charitable foundation","18-Jul-2024","1065785","1065785","target quotation id 3612"
"already_has_items","1045","Unar Sheek Nadhu","18-Jul-2024","2393600","2393600","target quotation id 3613"
"already_has_items","SB/14970-F/24-25","AES Thermal Engineering Pvt Ltd","18-Jul-2024","602800","602800","target quotation id 3614"
"already_has_items","SB/QTN/14956-R1-F/24-25","AES Thermal Engineering Pvt Ltd","17-Jul-2024","560000","560000","target quotation id 3615"
"already_has_items","SB/QTN/14969/24-25","Vijay Durga Rice Mill","17-Jul-2024","85000","90950","target quotation id 3616"
"already_has_items","SB/QTN/14968/24-25","Aradhana Industries","17-Jul-2024","2061250","1690225","target quotation id 3617"
"already_has_items","14966","M/s Mercury Synthsis","17-Jul-2024","616000","505120","target quotation id 3618"
"already_has_items","14961","HKM Charitable foundation","17-Jul-2024","1189600","1189600","target quotation id 3619"
"already_has_items","14967","M/s ATGC Biotech pvt ltd","17-Jul-2024","774500","774500","target quotation id 3620"
"already_has_items","SB/QTN/14964/24-25","SHOBHA LIFE SCIENCE PVT LTD","16-Jul-2024","3280","2689.6","target quotation id 3621"
"already_has_items","SB/QTN/14962/24-25","Genetics Biosolutions","16-Jul-2024","4115000","4115000","target quotation id 3622"
"already_has_items","SB/QTN/14961-F/24-25","Shri Ram Diary","16-Jul-2024","646800","646800","target quotation id 3623"
"already_has_items","STF/QTN/1042/24-25","Genetics Biosolutions","16-Jul-2024","4115000","4115000","target quotation id 3624"
"already_has_items","SB/QTN/14960/24-25","Kamat Rice Mill","16-Jul-2024","1685000","1685000","target quotation id 3625"
"already_has_items","SB/QTN/14960-F/24-25","Kamat Rice Mill","16-Jul-2024","1487200","1487200","target quotation id 3626"
"already_has_items","SB/QTN/14951-A-F/24-25","JDRS AGRO FOODS PRIVATE LIMITED","15-Jul-2024","675000","553500","target quotation id 3629"
"already_has_items","SB/QTN/14958-F/24-25","Sunrise Agro","13-Jul-2024","105300","105300","target quotation id 3630"
"already_has_items","SV/QUO/1236/2024-25","Sunrise Agro","13-Jul-2024","154500","154500","target quotation id 3631"
"already_has_items","14876R1","M/S. SCOAT PHARMA PVT LTD","12-Jul-2024","2080000","1705600","target quotation id 3632"
"already_has_items","SB/QTN/14957/2024-25","Kodiyarasu","12-Jul-2024","700000","700000","target quotation id 3633"
"already_has_items","STF/QTN/1040/24-25","Sandeep Kumar","11-Jul-2024","755000","755000","target quotation id 3634"
"already_has_items","SB/QTN/14955/2024-25","Zeus audio","11-Jul-2024","1690000","1690000","target quotation id 3635"
"already_has_items","SB/QTN/14954/2024-25","SRINIVASA ENGINEERING WORK","10-Jul-2024","295000","295000","target quotation id 3636"
"already_has_items","SB/QTN/14953/24-25","Kanti And Traders","09-Jul-2024","400000","400000","target quotation id 3637"
"already_has_items","SB/QTN/14950/24-25","Jalaram Khamand","08-Jul-2024","1048500","859770","target quotation id 3638"
"already_has_items","SB/QTN/14952-F/24-25","SSRI  LAXMI SAIPRIYA","08-Jul-2024","112176","112176","target quotation id 3639"
"already_has_items","SV/QUO/1235/2024-25","KARIMNAGAR DAIRY","08-Jul-2024","10500","8610","target quotation id 3640"
"already_has_items","1047","M/s. Sri Monashi Life Sciences Pvt Ltd","08-Jul-2024","1800000","2016000","target quotation id 3641"
"already_has_items","SB/QTN/14951/24-25","JDRS AGRO FOODS PRIVATE LIMITED","08-Jul-2024","112176","112176","target quotation id 3644"
"already_has_items","STF/QTN/1038/24-25","Ramesh Saroganvi","03-Jul-2024","2095000","2095000","target quotation id 3645"
"already_has_items","SB/QTN/14945-F/24-25-R1","Ideal Natural Extracts","02-Jul-2024","1406750","1406750","target quotation id 3646"
"already_has_items","SB/QTN/14947-F/24-25 ","Derivate Labs Ltd","02-Jul-2024","641080","641080","target quotation id 3647"
"already_has_items","SB/QTN/14946-R1-F/24-25","Plywood Bengal","01-Jul-2024","175000","143500","target quotation id 3648"
"already_has_items","STF/QTN/1037-F/24-25","Maa Essential Products","29-Jun-2024","1280000","1280000","target quotation id 3649"
"already_has_items","SB/QTN/14945-F/24-25","Ideal Natural Extracts","29-Jun-2024","1015750","1015750","target quotation id 3650"
"already_has_items","STF/QTN/1036-B-F/24-25","Lalitha Doors and Ply","29-Jun-2024","1829500","1829500","target quotation id 3651"
"already_has_items","STF/QTN/1036/24-25","Ramesh Prasad Dangal","27-Jun-2024","3290000","2697800","target quotation id 3652"
"already_has_items","SB/QTN/14930 A/24-25","Zihwa foods pvt ltd","27-Jun-2024","1143000","937260","target quotation id 3653"
"already_has_items","SB/QTN/14931/25-26-R1","Jetti Advance Engineering Pvt Ltd","27-Jun-2024","820000","672400","target quotation id 3654"
"already_has_items","STF/QTN/1035/24-25","Godavari Coconut Associate","27-Jun-2024","3215000","2636300","target quotation id 3655"
"already_has_items","STF/QTN/1034/24-25","Mohammed Anwar Hussain","27-Jun-2024","1220000","1000400","target quotation id 3656"
"already_has_items","SB/QTN/14932/24-25","Jetti Advance Engineering Pvt Ltd","27-Jun-2024","1270000","1270000","target quotation id 3657"
"already_has_items","SB/QTN/14930 B/24-25","Zihwa foods pvt ltd","27-Jun-2024","1597500","1309950","target quotation id 3658"
"already_has_items","SB/QTN/14928/24-25","DEBABRATA PAIN","25-Jun-2024","750000","615000","target quotation id 3659"
"already_has_items","SB/QTN/14927/24-25","Latifi Silk Exports LLP","25-Jun-2024","651000","533820","target quotation id 3660"
"already_has_items","SB/QTN/14926-R2-F-24-25","RENUKA ENGINEERING COMPONENETS","24-Jun-2024","2563600","2563600","target quotation id 3661"
"already_has_items","STF/QTN/1024-R1-F/24-25","Akshay Cashew","24-Jun-2024","611000","611000","target quotation id 3662"
"already_has_items","2222","Micro Lite Technology","24-Jun-2024","37540","30782.8","target quotation id 3663"
"already_has_items","STF/QTN/1034-B-F/24-25","RENUKA ENGINEERING COMPONENETS","24-Jun-2024","1848000","1848000","target quotation id 3664"
"already_has_items","SB/QTN/14925/24-25","Prompt Packing","24-Jun-2024","121500","99630","target quotation id 3665"
"already_has_items","STF/QTN/1033/24-25","Marathi kukkadapu","22-Jun-2024","3475000","2849500","target quotation id 3666"
"already_has_items","STF/QTN/1032/24-25","Kartik Kumar","22-Jun-2024","1275000","1045500","target quotation id 3667"
"already_has_items","SB/QTN/14923/24-25","Kartik Kumar","22-Jun-2024","790000","647800","target quotation id 3668"
"already_has_items","SB/QTN/14922/24-25","Jaiswal Solar","22-Jun-2024","750000","615000","target quotation id 3669"
"already_has_items","SB/QTN/14924/24-25","Marathi kukkadapu","22-Jun-2024","515000","422300","target quotation id 3670"
"already_has_items","SB/QTN/14924-F/24-25","Chariot Cement","22-Jun-2024","58695","48129.9","target quotation id 3671"
"already_has_items","SB/QTN/14894 A/24-25","Udupi Upahar","20-Jun-2024","750000","615000","target quotation id 3672"
"already_has_items","STF/QTN/1030-R2-F/24-25 ","Build Block Company","20-Jun-2024","3625000","3625000","target quotation id 3673"
"already_has_items","STF/QTN/1031/24-25","Able Brick Industries","19-Jun-2024","1625000","1332500","target quotation id 3674"
"already_has_items","STF/QTN/1018 A/24-25","Aditya Dhoni","19-Jun-2024","2875000","2357500","target quotation id 3675"
"already_has_items","SB/QTN/14916/24-25","Jodharam","19-Jun-2024","750000","615000","target quotation id 3676"
"already_has_items","SB/QTN/14915/24-25","Power Tech Electricals And Enterprises","19-Jun-2024","750000","615000","target quotation id 3677"
"already_has_items","STF/QTN/1030/24-25","Vishnu Chemicals","19-Jun-2024","1010000","828200","target quotation id 3678"
"already_has_items","SB/QTN/14914/24-25","Sachin","19-Jun-2024","530000","434600","target quotation id 3679"
"already_has_items","SB/QTN/14919/24-25","Able Brick Industries","19-Jun-2024","840000","688800","target quotation id 3680"
"already_has_items","STF/QTN/1029/24-25","Sachin","19-Jun-2024","1275000","1045500","target quotation id 3681"
"already_has_items","STF/QTN/1017 A R1 - F/24-25","Satyanarayan Timber Industries","18-Jun-2024","2250000","1845000","target quotation id 3682"
"already_has_items","SB/QTN/14828 A R1 F/24-25","Satyanarayan Timber Industries","18-Jun-2024","198000","162360","target quotation id 3683"
"already_has_items","STF/QTN/1026-C-F/24-25","Satish Power Laundry","18-Jun-2024","1080000","1080000","target quotation id 3684"
"already_has_items","STF/QTN/1029-F/24-25","Maha Fresh Fruits Products","17-Jun-2024","1430000","1430000","target quotation id 3685"
"already_has_items","SB/QTN/14910/24-25","VANNSH LIFE SCIENCES Pvt. Ltd.","15-Jun-2024","3085000","2529700","target quotation id 3686"
"already_has_items","SB/QTN/14806 D R1 - F /24-25","Empire Jute mill","12-Jun-2024","348500","285770","target quotation id 3687"
"already_has_items","SB/QTN/14842-R3-F/24-25","Akshay Cashew","11-Jun-2024","720150","590523","target quotation id 3688"
"already_has_items","STF/QTN/1024-F/24-25","Camaac Projects","11-Jun-2024","1755600","1755600","target quotation id 3689"
"already_has_items","SB/QTN/14904-F/24-25 ","Camaac Projects","11-Jun-2024","1051600","1051600","target quotation id 3690"
"already_has_items","SB/QTN/14806/24-25","Empire Jute mill","11-Jun-2024","596000","488720","target quotation id 3692"
"already_has_items","STF/QTN/1025/24-25","Vikash Kumar, Harshbardhan","11-Jun-2024","3600000","2952000","target quotation id 3693"
"already_has_items","SB/QTN/14842 R3 F/24-25","Akshay Cashew","11-Jun-2024","125000","102500","target quotation id 3694"
"already_has_items","SB/QTN/14903/24-25","Vikash Kumar, Harshbardhan","11-Jun-2024","445000","364900","target quotation id 3695"
"already_has_items","SB/QTN/13756R2/24-25","Ananda Group","10-Jun-2024","420750","345015","target quotation id 3696"
"already_has_items","SB/QTN/14902/24-25","Shreyakon Chemicals P Ltd","08-Jun-2024","130000","106600","target quotation id 3697"
"already_has_items","SB/QTN/13756R1/24-25","Ananda Group","08-Jun-2024","378000","309960","target quotation id 3698"
"already_has_items","SB/QTN/14901/24-25","NMC Engineering","07-Jun-2024","445000","364900","target quotation id 3699"
"already_has_items","SB/QTN/14900/24-25","Azaj Ahmad","07-Jun-2024","3690000","3025800","target quotation id 3700"
"already_has_items","SB/QTN/14130 R3-F/23-24","Vinayaga Modern Rice Mill","07-Jun-2024","1521000","1247220","target quotation id 3701"
"already_has_items","d11112","duplicate","07-Jun-2024","250000","250000","target quotation id 3702"
"already_has_items","d11111","duplicate","07-Jun-2024","2150000","1763000","target quotation id 3703"
"already_has_items","14410R4","GHLS PRIVATE LIMITED","07-Jun-2024","2751100","2751100","target quotation id 3704"
"already_has_items","STF/QTN/1022/24-25","NMC Engineering","07-Jun-2024","1875000","1537500","target quotation id 3705"
"already_has_items","SB/QTN/1016- F/24-25","PH Packaging","06-Jun-2024","2608250","2608250","target quotation id 3706"
"already_has_items","SB/QTN/14898/24-25","Samasti Foods","06-Jun-2024","1050000","1050000","target quotation id 3707"
"already_has_items","SB/QTN/14895/24-25","Deon Taptes Industries","04-Jun-2024","1245000","1020900","target quotation id 3708"
"already_has_items","SB/QTN/14896/24-25","M Kadam","04-Jun-2024","150000","123000","target quotation id 3709"
"already_has_items","SB/QTN/14894/24-25","Udupi Upahar","03-Jun-2024","425000","348500","target quotation id 3710"
"already_has_items","SB/QTN/14893/24-25","Aditya Dhoni","03-Jun-2024","240000","196800","target quotation id 3711"
"already_has_items","SB/QTN/14890/24-25","Areia Agro Tech","03-Jun-2024","265000","217300","target quotation id 3712"
"already_has_items","SB/QTN/14886/24-25","Dande Sravan Kumar","31-May-2024","265000","217300","target quotation id 3713"
"already_has_items","STF/QTN/1012/24-25","Dande Sravan Kumar","31-May-2024","2050000","1681000","target quotation id 3714"
"already_has_items","SBH-STF-DF-40 V -14879A","M/s Abhiruchi Swagruha Foods","30-May-2024","1122750","1122750","target quotation id 3715"
"already_has_items","14881-COMMERCIAL ","Sri industries","30-May-2024","864000","864000","target quotation id 3716"
"already_has_items","14879C-COMMON -STF-SCT","M/s Abhiruchi Swagruha Foods","30-May-2024","453500","453500","target quotation id 3717"
"already_has_items","14879","M/s Abhiruchi Swagruha Foods","30-May-2024","2798500","2798500","target quotation id 3718"
"already_has_items","SB/QTN/14882 R3/24-25","Vishwa Supply Private Limited","30-May-2024","1355000","1111100","target quotation id 3719"
"already_has_items","SBH-SCT-DF-85-14879B","M/s Abhiruchi Swagruha Foods","30-May-2024","1280250","1280250","target quotation id 3720"
"already_has_items","14984-CUM","M/s Sarvani Laboratory","28-May-2024","955000","955000","target quotation id 3721"
"already_has_items","SB/QTN/14874-F/24-25","Microlight Tech","28-May-2024","994500","994500","target quotation id 3722"
"already_has_items","STF/QTN/1008-F/24-25","Microlight Tech","28-May-2024","2125000","2125000","target quotation id 3723"
"already_has_items","STF/QTN/1009-B-F/24-25","PH Packaging","28-May-2024","3404750","3404750","target quotation id 3724"
"already_has_items","STF/QTN/1009-F/24-25","PH Packaging","28-May-2024","3574750","3574750","target quotation id 3725"
"already_has_items","STF/QTN/1010-F/24-25","Effykon","28-May-2024","2804400","2804400","target quotation id 3726"
"already_has_items","STF/QTN/1006 B/24-25","Khanna Group","27-May-2024","2875000","2357500","target quotation id 3727"
"already_has_items","STF/QTN/1007-F/24-25 ","Jai Durga Industries","27-May-2024","3297250","3297250","target quotation id 3728"
"already_has_items","SB/QTN/14873/24-25","Khanna Group","27-May-2024","655000","537100","target quotation id 3729"
"already_has_items","SB/QTN/14872/24-25","Sri Laxmi Vishnu Foods","27-May-2024","46125","37822.5","target quotation id 3730"
"already_has_items","SB/QTN/14871/24-25","LINKWELL TELESYSTEMS PVT LTD","27-May-2024","34884.08","28604.95","target quotation id 3731"
"already_has_items","SB/QTN/14865/24-25","Power Sol Infrastructure Pvt Ltd","24-May-2024","6120000","6120000","target quotation id 3732"
"already_has_items","14869","SNG ENGINEERING PVT LTD","24-May-2024","2741250","2741250","target quotation id 3733"
"already_has_items","SB/QTN/14864/24-25","Power Sol Infrastructure Pvt Ltd","24-May-2024","3775000","3775000","target quotation id 3734"
"already_has_items","SB/QTN/14866/24-25","SRI KALKI ENGINEERING WORKS","24-May-2024","637500","522750","target quotation id 3735"
"already_has_items","SB/QTN/14859 R2/24-25","Sahu Stone Truser","23-May-2024","3210000","2632200","target quotation id 3736"
"already_has_items","SB/QTN/14862R3-F/24-25","Vishwa Supply Private Limited","23-May-2024","1900000","1558000","target quotation id 3737"
"already_has_items","SB/QTN/14862-F/24-25","Vishwa Supply Private Limited","22-May-2024","2004900","2004900","target quotation id 3738"
"already_has_items","SB/QTN/14852/24-25","Abhainandan Das","21-May-2024","2465000","2021300","target quotation id 3739"
"already_has_items","SB/QTN/14859/24-25","Sahu Stone Truser","21-May-2024","2675000","2193500","target quotation id 3744"
"already_has_items","SB/QTN/14857/24-25","Sujit Parjapati","21-May-2024","711000","583020","target quotation id 3745"
"already_has_items","SB/QTN/14856/24-25","Satnam Food Products","21-May-2024","587500","481750","target quotation id 3746"
"already_has_items","SB/QTN/14584/24-25","Mangesh Dhakane Milk products","21-May-2024","1270000","1041400","target quotation id 3749"
"already_has_items","SB/QTN/14851/24-25","MODERN FOOD","20-May-2024","12325","10106.5","target quotation id 3750"
"already_has_items","SB/QTN/14848 R1/24-25","Harika Packaging","18-May-2024","36975","30319.5","target quotation id 3751"
"already_has_items","SB/QTN/14839/24-25","Gautami Ecolites Blocks","16-May-2024","58500","47970","target quotation id 3752"
"already_has_items","SB/QTN/14838/24-25","Karimnagar Dairy","16-May-2024","15498","12708.36","target quotation id 3753"
"already_has_items","SB/QTN/14801 BK/24-25","Khan Polypet india private limited","14-May-2024","1735000","1422700","target quotation id 3756"
"already_has_items","SB/QTN/14826 R2/24-25","Project Perfect Engineering Works","14-May-2024","1678500","1376370","target quotation id 3757"
"already_has_items","SB/QTN/14835/24-25","Sujit Parjapati","14-May-2024","711000","583020","target quotation id 3760"
"already_has_items","SB/QTN/14834/24-25","Mahalaxmi Suppliers","14-May-2024","2560000","2099200","target quotation id 3761"
"already_has_items","SB/QTN/14829/24-25","Dinesh","14-May-2024","1100000","902000","target quotation id 3762"
"already_has_items","SB/QTN/14832/24-25","Rubber Board","14-May-2024","680000","557600","target quotation id 3763"
"already_has_items","SB/QTN/14831/24-25","Vishwa Supply Private Limited","14-May-2024","1100000","902000","target quotation id 3764"
"already_has_items","SB/QTN/14830/24-25","Shiv Samar Electrical","14-May-2024","2335000","1914700","target quotation id 3765"
"already_has_items","SB/QTN/14828-C-F/24-25","M/S Satyanarayan Timber industries.","13-May-2024","2862000","2346840","target quotation id 3766"
"already_has_items","SB/QTN/14828 A/24-25","M/S Satyanarayan Timber industries.","11-May-2024","3735000","3062700","target quotation id 3767"
"already_has_items","SB/QTN/14827/24-25","Chickago Foods India Private Limited","11-May-2024","750000","615000","target quotation id 3768"
"already_has_items","14825","M/s . Reybier Alco Bev Pvt Ltd","09-May-2024","769500","769500","target quotation id 3769"
"already_has_items","SB/QTN/14823/24-25","Mahi Granite Pvt Ltd","07-May-2024","58900","48298","target quotation id 3770"
"already_has_items","14824-CUM ","Siddeswara","07-May-2024","2400000","2400000","target quotation id 3771"
"already_has_items","SB/QTN/14805 R2/24-25","WashClub Fabraction Pvt Ltd","06-May-2024","218280","178989.6","target quotation id 3772"
"already_has_items","SB/QTN/14822/24-25","Gannon Dunkerley  Co Ltd","06-May-2024","2045000","1676900","target quotation id 3773"
"already_has_items","SB/QTN/14821B/24-25","Amruth Foundation","06-May-2024","854250","700485","target quotation id 3774"
"already_has_items","SB/QTN/14806 B/24-25","Empire Jute mill","04-May-2024","335000","274700","target quotation id 3775"
"already_has_items","SB/QTN/14792/24-25","Star Milk products pvt ltd","04-May-2024","755000","619100","target quotation id 3777"
"already_has_items","SB/QTN/14817/24-25","Ghm Rice mill","04-May-2024","3290000","2697800","target quotation id 3778"
"already_has_items","SB/QTN/14819/23-24","Shanti rice Group","04-May-2024","4420000","3624400","target quotation id 3779"
"already_has_items","SB/QTN/14820/24-25","The Bro Poultry","04-May-2024","715000","586300","target quotation id 3780"
"already_has_items","SB/QTN/14811/24-25","Rajesh Kumar Gupta","02-May-2024","985000","807700","target quotation id 3781"
"already_has_items","SB/QTN/14813/24-25","maa gayatri namkeen udyog","02-May-2024","930000","762600","target quotation id 3782"
"already_has_items","SB/QTN/14812/24-25","Sri Amogh Mineral Water","02-May-2024","2250000","1845000","target quotation id 3783"
"already_has_items","SB/QTN/14801 R2/24-25","Khan Polypet india private limited","02-May-2024","1160000","951200","target quotation id 3784"
"already_has_items","SB/QTN/14815/24-25","The Bro Poultry","02-May-2024","715000","586300","target quotation id 3785"
"already_has_items","SB/QTN/14814/24-25","Imaan Rice Industry","02-May-2024","1625000","1332500","target quotation id 3786"
"already_has_items","SB/QTN/14807/24-25","Spectraa Technologies","30-Apr-2024","6215000","6215000","target quotation id 3787"
"already_has_items","SB/QTN/14806/24-25","Empire Jute mill","30-Apr-2024","482500","395650","target quotation id 3691"
"already_has_items","SB/QTN/14805/24-25","WashClub Fabraction Pvt Ltd","30-Apr-2024","3465","2841.3","target quotation id 3788"
"already_has_items","SB/QTN/14804/24-25","Nosch Labs Private Limited","30-Apr-2024","641367.5","525921.35","target quotation id 3789"
"already_has_items","SB/QTN/14795 R1 /24-25","Kan chem","30-Apr-2024","1768000","1449760","target quotation id 3790"
"already_has_items","SB/QTN/14808 R1/24-25","Bhagwati Gruh Udyog","30-Apr-2024","1695000","1389900","target quotation id 3791"
"already_has_items","SB/QTN/14809/24-25","SKY UDAAN En-FEB Pvt. Ltd","30-Apr-2024","285000","233700","target quotation id 3792"
"already_has_items","SB/QTN/14801/24-25","Khan Polypet india private limited","26-Apr-2024","1010000","828200","target quotation id 3793"
"already_has_items","SB/QTN/14800/24-25","usha cashew industry","26-Apr-2024","335000","274700","target quotation id 3794"
"already_has_items","SB/QTN/14802 R1/24-25","JOY JAGADAMBA UDYOG","26-Apr-2024","2690000","2205800","target quotation id 3795"
"already_has_items","SB/QTN/14799/24-25","Dang Pharmaceuticals","26-Apr-2024","830000","680600","target quotation id 3796"
"already_has_items","SB/QTN/14792/24-25","Star Milk products pvt ltd","24-Apr-2024","1835000","1504700","target quotation id 3776"
"already_has_items","SB/QTN/14796/24-25","Maheshwari Dairy Farm","24-Apr-2024","634500","520290","target quotation id 3797"
"already_has_items","SB/QTN/14795/24-25","Kan chem","24-Apr-2024","2000000","1640000","target quotation id 3798"
"already_has_items","SB/QTN/14794/24-25","Amax Blocks Pvt. Ltd.","24-Apr-2024","1595000","1307900","target quotation id 3799"
"already_has_items","SB/QTN/14793/24-25","Roopa industries limited","24-Apr-2024","930000","762600","target quotation id 3800"
"already_has_items","SB/QTN/14792-F/24-25","Sumana Enterprises","23-Apr-2024","2170000","2170000","target quotation id 3801"
"already_has_items","SB/QTN/14791-F/24-25","Shivaji Foods","23-Apr-2024","2095250","2095250","target quotation id 3802"
"already_has_items","SB/QTN/14791/24-25","SUMANA ENTERPRISES","22-Apr-2024","2675000","2193500","target quotation id 3803"
"already_has_items","SB/QTN/14790/24-25","NEOTECH ENERGY SYSTEMS PVT LTD","22-Apr-2024","1075000","881500","target quotation id 3804"
"already_has_items","SB/QTN/14786 /24-25","Apple Industries","20-Apr-2024","2770000","2271400","target quotation id 3805"
"already_has_items","SB/QTN/14789/24-25","Balamuralikrishna B S","20-Apr-2024","750000","615000","target quotation id 3806"
"already_has_items","SB/QTN/14785 /24-25","JIttu","19-Apr-2024","2465000","2021300","target quotation id 3807"
"already_has_items","SB/QTN/14783 B/24-25","Pradip Yadav","19-Apr-2024","3290000","2697800","target quotation id 3808"
"already_has_items","SB/QTN/14782/24-25","Tirumala engineering college","19-Apr-2024","625000","512500","target quotation id 3809"
"already_has_items","SB/QTN/14784/24-25","Vijaykumar","19-Apr-2024","1540000","1262800","target quotation id 3810"
"already_has_items","SB/QTN/14781/24-25","GK ENGINEERING & FABRICATIONS","19-Apr-2024","50400","41328","target quotation id 3811"
"already_has_items","SB/QTN/14780/24-25","Gwala Dairy","18-Apr-2024","1270000","1041400","target quotation id 3812"
"already_has_items","SB/QTN/14780/23-24","Gwala Dairy","18-Apr-2024","1079500","885190","target quotation id 3813"
"already_has_items","SB/QTN/14779-F/23-24","Re Sustainability IWM Solutions Ltd","18-Apr-2024","213150","213150","target quotation id 3814"
"already_has_items","SB/QTN/14778/24-25","Shivam Agro Farm","17-Apr-2024","2315000","1898300","target quotation id 3815"
"already_has_items","1440R2","GHLS PRIVATE LIMITED","16-Apr-2024","3739000","3739000","target quotation id 3816"
"already_has_items","SB/QTN/14660-B-R1-F/23-24","Kammac Projects","15-Apr-2024","3500000","3500000","target quotation id 3817"
"already_has_items","SB/QTN/14777/24-25","SHREE VINAYAK DAIRY","15-Apr-2024","1070000","877400","target quotation id 3818"
"already_has_items","SB/QTN/14772/24-25","Mahalaxmi Plywood Pvt Ltd","13-Apr-2024","2770000","2271400","target quotation id 3821"
"already_has_items","SB/QTN/14483D/24-25","RND Laboratories Pvt. Ltd","13-Apr-2024","1112500","912250","target quotation id 3822"
"already_has_items","SB/QTN/14775-R1-F/24-25","SS Engineers India","13-Apr-2024","3058900","3058900","target quotation id 3823"
"already_has_items","SB/QTN/14770/24-25","Amit Oraon","12-Apr-2024","1690000","1385800","target quotation id 3824"
"already_has_items","SB/QTN/14765/24-25","Shubham","11-Apr-2024","2465000","2021300","target quotation id 3825"
"already_has_items","SB/QTN/14758/24-25","Surya","10-Apr-2024","2470000","2025400","target quotation id 3826"
"already_has_items","SB/QTN/14764/24-25","Shri Sawai Sahib Food Product","10-Apr-2024","1220000","1000400","target quotation id 3827"
"already_has_items","SB/QTN/14762/24-25","NEOTECH ENERGY SYSTEMS PVT LTD","10-Apr-2024","2200000","1804000","target quotation id 3828"
"already_has_items","SB/QTN/14759/24-25","Self Sie Food","10-Apr-2024","2465000","2021300","target quotation id 3829"
"already_has_items","SB/QTN/14763/24-25","MADAN SAHANI","10-Apr-2024","750000","615000","target quotation id 3830"
"already_has_items","SB/QTN/14752/23-24","NEOTECH ENERGY SYSTEMS PVT LTD","06-Apr-2024","400000","328000","target quotation id 3831"
"already_has_items","SB/QTN/14754/24-25","PRZM Organics & Chemicals","06-Apr-2024","550000","451000","target quotation id 3832"
"already_has_items","SB/QTN/14753 B/24-25","Leeladevi Agro Pvt. Ltd.","06-Apr-2024","675000","553500","target quotation id 3833"
"already_has_items","14785-SF-200-CUM","Sun Shine Laundry Services","05-Apr-2024","2865000","2865000","target quotation id 3834"
"already_has_items","SB/QTN/14750 /23-24","NEOTECH ENERGY SYSTEMS PVT LTD","04-Apr-2024","765000","627300","target quotation id 3835"
"already_has_items","SB/QTN/14749/23-24","Atul industries","04-Apr-2024","1220000","1000400","target quotation id 3836"
"already_has_items","SB/QTN/14746/24-25","NEOTECH ENERGY SYSTEMS PVT LTD","02-Apr-2024","3355000","2751100","target quotation id 3837"
"already_has_items","SB/QTN/14744/23-24","Southern Minerals & Chemicals","01-Apr-2024","970000","795400","target quotation id 3838"
"already_has_items","14410-R1","GHLS PRIVATE LIMITED","30-Mar-2024","1947500","1947500","target quotation id 3839"
"already_has_items","SB/QTN/14661-B/23-24","West Coast Polymers Pvt Ltd","24-Mar-2024","5155000","5155000","target quotation id 3840"
"already_has_items","SB/QTN/14735 F/23-24","EPIC Agro Products Pvt Ltd","23-Mar-2024","652500","535050","target quotation id 3841"
"already_has_items","SB/QTN/14374-F/23-24","Vidir Human Care Pvt Ltd","23-Mar-2024","2476000","2476000","target quotation id 3842"
"already_has_items","SB/QTN/14736/23-24","SS Engineers India","23-Mar-2024","715000","586300","target quotation id 3843"
"already_has_items","SB/QTN/14729/23-24","Spectra Technologies","20-Mar-2024","5830000","5830000","target quotation id 3844"
"already_has_items","SB/QTN/14728/23-24","NEOTECH ENERGY SYSTEMS PVT LTD","19-Mar-2024","3510000","2878200","target quotation id 3845"
"already_has_items","SB/QTN/14723/23-24","Swift Construction","16-Mar-2024","4275000","3505500","target quotation id 3846"
"already_has_items","SB/QTN/14724/23-24","Spectrum Technologies","16-Mar-2024","4035000","3308700","target quotation id 3847"
"already_has_items","SB/QTN/14721/23-24","CREAMLINE DAIRY","16-Mar-2024","8160","6691.2","target quotation id 3848"
"already_has_items","SB/QTN/14608-R2-F/23-24","Pavan Laminates Pvt Ltd","15-Mar-2024","3500000","3500000","target quotation id 3849"
"already_has_items","SB/QTN/14719/23-24","Prem Singh","14-Mar-2024","682000","559240","target quotation id 3850"
"already_has_items","14096R6-CUM","NAMI LIFE SCIENCES PVT LTD","14-Mar-2024","1950000","1950000","target quotation id 3853"
"already_has_items","SB/QTN/14718/23-24","AEROTECH ENERGY SOLUTION","14-Mar-2024","2050000","1681000","target quotation id 3854"
"already_has_items","SB/QTN/14715/23-24","Kalpana Foods","13-Mar-2024","750000","615000","target quotation id 3855"
"already_has_items","14712CUM-MF-300","Zonetech","11-Mar-2024","5490000","4501800","target quotation id 3856"
"already_has_items","SB/QTN/14713/23-24","MM Cashew Traders","11-Mar-2024","470000","385400","target quotation id 3857"
"already_has_items","SB/QTN/14711/23-24","Lakhotia India Pvt Ltd","11-Mar-2024","1875000","1537500","target quotation id 3858"
"already_has_items","14697","M/s.YVM Drugs","01-Mar-2024","1687000","1687000","target quotation id 3859"
"already_has_items","14673C-COMMERCIAL ","Lorven Biologics Pvt Ltd","28-Feb-2024","637500","522750","target quotation id 3862"
"already_has_items","SB/QTN/14692/23-24","Hari Om Industries","27-Feb-2024","2065000","1693300","target quotation id 3863"
"already_has_items","14689-CUM","SRI MAHAVEER SPECIALTY PAPERS","26-Feb-2024","8095000","8095000","target quotation id 3864"
"already_has_items","SB/QTN/14166 R2/23-24","Sri Nitya Feeds","26-Feb-2024","2545000","2545000","target quotation id 3865"
"already_has_items","SB/QTN/14687/23-24","Vasudha Pharma Chem Ltd.","23-Feb-2024","62000","50840","target quotation id 3866"
"already_has_items","SB/QTN/14685/23-24","Nosch Labs Private Limited","23-Feb-2024","99500","81590","target quotation id 3867"
"already_has_items","SB/QTN/14682/23-24","BEST ENGINEERING TECHNOLOGIES","22-Feb-2024","1731000","1419420","target quotation id 3868"
"already_has_items","SB/QTN/14683/23-24","Icon Sleeper Track Pvt. Ltd","22-Feb-2024","18000","14760","target quotation id 3869"
"already_has_items","SB/QTN/14684/23-24","Habio Conifer","22-Feb-2024","5265000","4317300","target quotation id 3870"
"already_has_items","SB/QTN/14675 R3-F/23-24","SRI SURYA DEEPTHI AQUA FEEDS","21-Feb-2024","636450","521889","target quotation id 3871"
"already_has_items","SB/QTN/14673-R2/23-24","Sri Surya Lakshmi Spinning Mills","15-Feb-2024","553600","553600","target quotation id 3872"
"already_has_items","SB/QTN/14671 R2 /23-24","Ganga Cattle Feed","14-Feb-2024","1255000","1029100","target quotation id 3873"
"already_has_items","SB/QTN/14664 B/23-24","Neela Enterprises","14-Feb-2024","3285000","2693700","target quotation id 3874"
"already_has_items","SB/QTN/14638-EXP-R5-F/23-24","Spectraa Technology Solutions","14-Feb-2024","1796800","1796800","target quotation id 3875"
"already_has_items","14670-CUM","Sai Srinivasa agro industries","12-Feb-2024","1087500","1087500","target quotation id 3876"
"already_has_items","SB/QTN/14661/23-24","West Coast Polymers Pvt Ltd","09-Feb-2024","5270000","4321400","target quotation id 3877"
"already_has_items","SB/QTN/14664 A/23-24","Neela Enterprises","09-Feb-2024","3690000","3025800","target quotation id 3878"
"already_has_items","SB/QTN/14657 B/23-24","Shreenath Global","08-Feb-2024","3615000","2964300","target quotation id 3880"
"already_has_items","SB/QTN/14657 B/23-24","Shreenath Global","07-Feb-2024","3065000","2513300","target quotation id 3879"
"already_has_items","SB/QTN14652-R1-F/23-24","Madhav Agro Chem Pvt Ltd","06-Feb-2024","640000","640000","target quotation id 3881"
"already_has_items","14656-A-CUM","M/S. PRAKASH PAPER AGENCY","06-Feb-2024","1100000","1100000","target quotation id 3882"
"already_has_items","SB/QTN/14579-R1-F/23-24-CP","Rayassh Eco Blocks Pvt. Ltd","06-Feb-2024","3642000","3642000","target quotation id 3883"
"already_has_items","SB/QTN/14652-R1-F/23-24","BIMIX MACHINES PVT LTD","06-Feb-2024","3642000","2986440","target quotation id 3884"
"already_has_items","SB/QTN/CP 14653/23-24","Mittal Packaging","03-Feb-2024","2820000","2820000","target quotation id 3885"
"already_has_items","SB/QTN/14649/23-24","Santosh Kumar Sahoo","31-Jan-2024","1605000","1316100","target quotation id 3886"
"already_has_items","SB/QTN/14648/23-24","Thermo Fab Engineering","31-Jan-2024","1945000","1594900","target quotation id 3887"
"already_has_items","SB/QTN/1464623-24","Artisan and Bejo Foundation","31-Jan-2024","2570000","2107400","target quotation id 3888"
"already_has_items","SB/QTN/14647/23-24","Ingex Botanicals Private Limited","31-Jan-2024","15675","12853.5","target quotation id 3889"
"already_has_items","14096R5","NAMI LIFE SCIENCES PVT LTD","31-Jan-2024","1997250","1997250","target quotation id 3890"
"already_has_items","SB/QTN/14645/23-24","Atul industries","30-Jan-2024","1615000","1324300","target quotation id 3891"
"already_has_items","SB/QTN/14619 R1/23-24","Rabindra Raju","30-Jan-2024","986233.75","808711.67","target quotation id 3892"
"already_has_items","SB/QTN/14644/23-24","Mrinmoy Ghosh","30-Jan-2024","2475000","2029500","target quotation id 3893"
"already_has_items","SB/QTN/14105-R2-F/23-24","BEST ENGINEERING TECHNOLOGIES","30-Jan-2024","3000000","3000000","target quotation id 3894"
"already_has_items","SB/QTN/14322R4/23-24","Arvais Natures Products Pvt. Ltd","29-Jan-2024","1107","1107","target quotation id 3895"
"already_has_items","SB/QTN/14563 R1/23-24","Artho Biotech Pvt. Ltd","29-Jan-2024","26592","21805.44","target quotation id 3896"
"already_has_items","SB/QTN/14594/23-24","Kamroop Timber","29-Jan-2024","24780","20319.6","target quotation id 3897"
"already_has_items","SB/QTN/14628/23-24","Auburn Design Private Limited","29-Jan-2024","8700","7134","target quotation id 3898"
"already_has_items","SB/QTN/14564 R1/23-24","Shilpa Pharma Lifescience Ltd.","29-Jan-2024","9370","7683.4","target quotation id 3899"
"already_has_items","SB/QTN/14642 R1/23-24","ALMAS LIFE SCIENCES","27-Jan-2024","213200","174824","target quotation id 3900"
"already_has_items","SB/QTN/14642/23-24","ALMAS LIFE SCIENCES","25-Jan-2024","260000","213200","target quotation id 3901"
"already_has_items","SB/QTN/14641/23-24","SS Engineers India","25-Jan-2024","425000","348500","target quotation id 3902"
"already_has_items","SB/QTN/14639/23-24","Mounika Seeds","25-Jan-2024","162800","133496","target quotation id 3903"
"already_has_items","SB/QTN/14636/23-24","Shilpa Pharma Lifesciences Limited","24-Jan-2024","1500000","1230000","target quotation id 3904"
"already_has_items","SB/QTN/14637/23-24","Singhania Foods International","24-Jan-2024","4260000","4260000","target quotation id 3905"
"already_has_items","SB/QTN/14237-R2/23-24","Nirman Enterprises","22-Jan-2024","3300000","3300000","target quotation id 3906"
"already_has_items","SB/QTN/14630/23-24","Kamroop Timber","22-Jan-2024","16800","13776","target quotation id 3907"
"already_has_items","14621-CUM","Indian Wood & Wood Products","19-Jan-2024","1760000","1760000","target quotation id 3908"
"already_has_items","14621R1--CUM","Indian Wood & Wood Products","19-Jan-2024","1355750","1355750","target quotation id 3909"
"already_has_items","SB/QTN/14622/23-24","Prayas Infra Industries LLP","18-Jan-2024","4975000","4975000","target quotation id 3910"
"already_has_items","SB/QTN/14619/23-24","Rabindra Raju","17-Jan-2024","1044000","856080","target quotation id 3911"
"already_has_items","SB/QTN/14618/23-24","SRI SURYA DEEPTHI AQUA FEEDS","17-Jan-2024","775000","635500","target quotation id 3912"
"already_has_items","SB/QTN/14617 /23-24","Sharna Food Products","16-Jan-2024","61752","50636.64","target quotation id 3913"
"already_has_items","SB/QTN/14616 R1- F/23-24","SHAKTI ENGINEERING WORKS & SERVICES","13-Jan-2024","78080","64025.6","target quotation id 3914"
"already_has_items","14552-CF-R4-CUM","M/s. Tibro Pharmaceuticals Pvt Ltd","12-Jan-2024","2875100","2875100","target quotation id 3915"
"already_has_items","SB/QTN/14607/23-24","Megatrends Inc,","11-Jan-2024","2500000","2050000","target quotation id 3916"
"already_has_items","SB/QTN/14611/23-24","Anjali Traders","11-Jan-2024","3290000","2697800","target quotation id 3917"
"already_has_items","14613A-CUM ","M/s.  Lilasons Alcobev Pvt Ltd","11-Jan-2024","8405000","8405000","target quotation id 3918"
"already_has_items","SB/QTN/14610/23-24","Mega Fusion India Private Limited","11-Jan-2024","3290000","2697800","target quotation id 3919"
"already_has_items","SB/QTN/14609/23-24","Ferrox Chemicals","11-Jan-2024","38500","31570","target quotation id 3920"
"already_has_items","14606-CUM ","Santo Righello Private Limited","10-Jan-2024","2145000","2145000","target quotation id 3921"
"already_has_items","SB/QUO/14315 R1/23-24 ","Patil Rail Infra","10-Jan-2024","121600","99712","target quotation id 3922"
"already_has_items","SB/QTN/14374/-RII-F/23-24","DERIVATE LABS PVT LTD","10-Jan-2024","3966375","3966375","target quotation id 3923"
"already_has_items","SB/QTN/14603/23-24","NEOTECH ENERGY SYSTEMS PVT LTD","08-Jan-2024","3385000","2775700","target quotation id 3924"
"already_has_items","SB/QTN/14602 A/23-24","OMKAR FERTILIZER","08-Jan-2024","3385000","2775700","target quotation id 3925"
"already_has_items","SB/QTN/14597-R2-F/23-24","KAMAAC PROJECTS & ENGINEERING PVT LTD","08-Jan-2024","3301000","3301000","target quotation id 3926"
"already_has_items","SB/14596-R2-F/23-24","KAMAAC PROJECTS & ENGINEERING PVT LTD","08-Jan-2024","3073200","3073200","target quotation id 3927"
"already_has_items","14096R4-F","NAMI LIFE SCIENCES PVT LTD","08-Jan-2024","2341750","1920235","target quotation id 3928"
"already_has_items","14096R3","NAMI LIFE SCIENCES PVT LTD","05-Jan-2024","0","0","target quotation id 3929"
"already_has_items","14597A-Commercial ","M/S. COTTON WORLD","03-Jan-2024","1525000","1525000","target quotation id 3930"
"already_has_items","14096R2-COMMERCIAL ","NAMI LIFE SCIENCES PVT LTD","02-Jan-2024","2418750","2418750","target quotation id 3931"
"already_has_items","SB/QTN/14593-B/23-24 ","Sri Virender Food Products","02-Jan-2024","2025000","2025000","target quotation id 3932"
"already_has_items","SB/QTN/14593/23-24","Sri Virender Food Products","02-Jan-2024","1775000","1775000","target quotation id 3933"
"already_has_items","SB/QTN/14592/23-24","Aditya","02-Jan-2024","2445000","2004900","target quotation id 3934"
"already_has_items","SB/QTN/14130 R1/23-24","Vinayaga Modern Rice Mill","02-Jan-2024","2015000","1652300","target quotation id 3935"
"already_has_items","14593B","M/S FOURTUNE ENGINEERS","02-Jan-2024","3387250","3387250","target quotation id 3936"
"already_has_items","SB/QTN/14587-CP-F/23-24","Vyshnavi Foods","01-Jan-2024","616000","616000","target quotation id 3937"
"already_has_items","SB/QTN/14166 R1/23-24","Sri Nitya Feeds","01-Jan-2024","2655000","2177100","target quotation id 3938"
"already_has_items","SB/QTN/14588-CP-F/23-24","Purohit Foods","01-Jan-2024","616000","616000","target quotation id 3939"
"already_has_items","SB/QTN/14587/23-24","Sri Nitya Feeds","01-Jan-2024","1945000","1594900","target quotation id 3940"
"already_has_items","SB/QTN/14587-F-CP/23-24","Vyshnavi Foods","01-Jan-2024","616000","616000","target quotation id 3941"
"already_has_items","SB/QTN/14583/23-24","Sri Jayalakshmi Venkata Narasimha Rice Mill","30-Dec-2023","2465000","2021300","target quotation id 3942"
"already_has_items","SB/QTN/14450-B-F/23-24","MANIXIL BIO-ORGANICS","29-Dec-2023","855000","855000","target quotation id 3943"
"already_has_items","SB/QTN/14483-C-R1-F/23-24","RND Laboratories Pvt. Ltd","29-Dec-2023","1016050","833161","target quotation id 3944"
"already_has_items","SB/QTN/141579-F/23-24 ","Rayassh Eco Blocks Pvt. Ltd","28-Dec-2023","5618500","5618500","target quotation id 3947"
"already_has_items","SB/QTN/14578/23-24","Dadus","28-Dec-2023","3980000","3980000","target quotation id 3948"
"already_has_items","SB/QTN/14572/23-24","Kemwell Biopharma Pvt. Ltd.","28-Dec-2023","8570000","8570000","target quotation id 3949"
"already_has_items","SB/QTN/14551-B/23-24","Aerotech Energy Solutions","28-Dec-2023","2513300","2513300","target quotation id 3950"
"already_has_items","SB/QTN/14577/23-24","Sun Earth Cashew Industries","27-Dec-2023","420000","344400","target quotation id 3951"
"already_has_items","SB/QTN/14575/23-24","Anand","26-Dec-2023","2315000","1898300","target quotation id 3952"
"already_has_items","SB/QTN/14574/23-24","Ruchi Hardware","26-Dec-2023","2465000","2021300","target quotation id 3953"
"already_has_items","SB/QTN/14568/23-24","DWARAKAMAAYE ENGINEERING ASSOCIATES","23-Dec-2023","1411000","1157020","target quotation id 3956"
"already_has_items","SB/QTN/14570/23-24","Sree fruit beverages","23-Dec-2023","7500","7500","target quotation id 3957"
"already_has_items","SB/QTN/14560-CP-F/23-24","KKR Synergy Pvt Ltd","22-Dec-2023","5408000","5408000","target quotation id 3958"
"already_has_items","SB/QTN/14564/23-24","ISLAND VEER CHEMIE PRIVATE LIMITED","22-Dec-2023","5000","4100","target quotation id 3959"
"already_has_items","SB/QTN/14559-F/23-24","Rayassh Eco Blocks Pvt. Ltd","21-Dec-2023","4483000","4483000","target quotation id 3960"
"already_has_items","SB/QTN/14559/23-24","BEST ENGINEERING TECHNOLOGIES","20-Dec-2023","403000","330460","target quotation id 3961"
"already_has_items","SB/QTN/14560/23-24","Jai bhawani industries","20-Dec-2023","2465000","2021300","target quotation id 3962"
"already_has_items","SB/QTN/14557/23-24","SS Engineers India","19-Dec-2023","1900000","1558000","target quotation id 3963"
"already_has_items","SB/QTN/14545 R1/23-24","N.A.AGRO RICE INDUSTRIES","18-Dec-2023","1565000","1283300","target quotation id 3964"
"already_has_items","14552 R2-Commercial ","M/s. Tibro Pharmaceuticals Pvt Ltd","16-Dec-2023","7742500","7742500","target quotation id 3965"
"already_has_items","SB/QTN/14553/23-24","Premali Wallace Pvt. Ltd","16-Dec-2023","3450000","3450000","target quotation id 3966"
"already_has_items","SB/QTN/14545/23-24","N.A.AGRO RICE INDUSTRIES","14-Dec-2023","2133000","1749060","target quotation id 3967"
"already_has_items","SB/QTN/14544 /23-24","T.M.CASHEW","14-Dec-2023","3960","3247.2","target quotation id 3968"
"already_has_items","SB/QTN/14541 R1/23-24","Apple Polymers","14-Dec-2023","10800","8856","target quotation id 3969"
"already_has_items","14515","M/s AUBURN DESIGNS PVT LTD","14-Dec-2023","2025000","1660500","target quotation id 3970"
"already_has_items","SB/QTN/14509 B R1/23-24","S.A.V EXPERTS","14-Dec-2023","2490400","2042128","target quotation id 3971"
"already_has_items","SB/QTN/14507 R1/23-24","R J herbal","13-Dec-2023","30150","24723","target quotation id 3972"
"already_has_items","SB/QTN/14431 R5 F/23-24","PARASHAKTHI POLES INDUSTRY","13-Dec-2023","1600000","1600000","target quotation id 3973"
"already_has_items","SB/QTN/14543/23-24","Hoster Labs Pvt. Ltd.","13-Dec-2023","3240","3240","target quotation id 3974"
"already_has_items","SB/QTN/13901-R2/22-23","NEOTECH ENERGY SYSTEMS PVT LTD","12-Dec-2023","3009200","3009200","target quotation id 3975"
"already_has_items","SB/QTN/14540/23-24","LAKSHMI GANAPATI AGRO PRODUCTS","12-Dec-2023","650000","533000","target quotation id 3976"
"already_has_items","SB/QTN/14541/23-24","Apple Polymers","12-Dec-2023","12000","9840","target quotation id 3977"
"already_has_items","SB/QTN/14535/23-24","Flow Line Engineering","10-Dec-2023","1400000","1400000","target quotation id 3978"
"already_has_items","SB/QTN/14500-R1-F/23-24","Sri Surya Lakshmi Spinning Mills","10-Dec-2023","2198500","2198500","target quotation id 3979"
"already_has_items","SB/QTN/14440-R3-F-CP/23-24 ","Pratham Oil Industries","08-Dec-2023","2221000","2221000","target quotation id 3982"
"already_has_items","SB/QTN/14534/23-24","Resha Veneer And Plywood","07-Dec-2023","2395000","1963900","target quotation id 3983"
"already_has_items","SB/QTN/14526-R1-F/23-24","Usha International","07-Dec-2023","3800000","3800000","target quotation id 3984"
"already_has_items","SB/QTN/14533/23-24","FLOWLINE ENGINEERING SERVICES","07-Dec-2023","650000","533000","target quotation id 3985"
"already_has_items","SB/QTN/14532/23-24","M/s IMAGE ENGINEERING","06-Dec-2023","3975000","3259500","target quotation id 3986"
"already_has_items","SB/QTN/14531/23-24","Varasi Packaging Industry","05-Dec-2023","7345000","7345000","target quotation id 3987"
"already_has_items","SB/QTN/14509 B/23-24","S.A.V EXPERTS","02-Dec-2023","2830000","2320600","target quotation id 3988"
"already_has_items","SB/QTN/14525/23-24","Mahalaxmi Industries","02-Dec-2023","1040000","852800","target quotation id 3989"
"already_has_items","SB/QTN/14519 /23-24","Torrent Pharma","01-Dec-2023","511500","419430","target quotation id 3990"
"already_has_items","SB/QTN/14521B/23-24","BEST ENGINEERING TECHNOLOGIES","29-Nov-2023","1086000","890520","target quotation id 3991"
"already_has_items","SB/QTN/14514/23-24","NAGRI BOARDS","28-Nov-2023","2150000","2150000","target quotation id 3993"
"already_has_items","14520","M/s Thermotech Solutions","28-Nov-2023","140000","140000","target quotation id 3994"
"already_has_items","SB/QTN/14517 /23-24","SRH Rubber Industries Pvt. Ltd","28-Nov-2023","4795000","3931900","target quotation id 3995"
"already_has_items","SB/QTN/14511 B/23-24","DLP Engg & Enterprises","28-Nov-2023","729500","598190","target quotation id 3996"
"already_has_items","SB/QTN/14516/23-24","SG ENVIROTECH","28-Nov-2023","1332500","1092650","target quotation id 3997"
"already_has_items","SB/QTN/14509/23-24","S.A.V EXPERTS","27-Nov-2023","2475000","2029500","target quotation id 3998"
"already_has_items","STF/QTN/1086-R1-F/24-25","Gourmet Popcornica LLP","27-Nov-2023","4986000","4986000","target quotation id 3999"
"already_has_items","SB/QTN/14511/23-24","DLP Engg & Enterprises","27-Nov-2023","514500","421890","target quotation id 4000"
"already_has_items","SB/QTN/14504/23-24","Telangana Foods","25-Nov-2023","5500","4510","target quotation id 4001"
"already_has_items","14505A-Commercial","M/s Thermotech Solutions","25-Nov-2023","2222320","2444552","target quotation id 4002"
"already_has_items","SB/QTN/14507/23-24","R J herbal","25-Nov-2023","33500","27470","target quotation id 4003"
"already_has_items","SB/QTN/14508/23-24","Thermotech Solution","25-Nov-2023","2297320","2297320","target quotation id 4004"
"already_has_items","SB/QTN/14503/23-24","Jai Mata Di Dyeing","24-Nov-2023","1955000","1603100","target quotation id 4005"
"already_has_items","SB/QTN/14444 R2/23-24","Bera Enterprise","24-Nov-2023","990000","811800","target quotation id 4006"
"already_has_items","14511B","M/s.CHEES4ALL","23-Nov-2023","6210000","6210000","target quotation id 4007"
"already_has_items","SB/QTN/14473-C/23-24","Volfram System (I) Pvt Ltd","23-Nov-2023","821100","821100","target quotation id 4008"
"already_has_items","14505-COmmercial -DB","SNG ENGINEERING PVT LTD","22-Nov-2023","2765000","2765000","target quotation id 4009"
"already_has_items","13849D CUM","M/s. Adaarsh Pharmacon","22-Nov-2023","1957400","1957400","target quotation id 4010"
"already_has_items","SB/QTN/14500/23-24","Swastik Plywoods","21-Nov-2023","87000","87000","target quotation id 4011"
"already_has_items","14499A-CUM","M/S SARACCA LABS","19-Nov-2023","1985000","1985000","target quotation id 4012"
"already_has_items","14495-CUM","M/s Womenova","18-Nov-2023","3400000","3400000","target quotation id 4013"
"already_has_items","SB/QTN/14497/23-24","Sri Surya Lakshmi Spinning Mills","18-Nov-2023","354000","290280","target quotation id 4014"
"already_has_items","14458R1-Commercial ","Hare Krishna Movement Charitable Foundation","17-Nov-2023","1389900","1389900","target quotation id 4015"
"already_has_items","SB/QTN/14489/23-24","Patil Group","15-Nov-2023","46059.4","37768.71","target quotation id 4016"
"already_has_items","SB/QTN/14485/23-24","Vijay choudhary","14-Nov-2023","900000","738000","target quotation id 4017"
"already_has_items","SB/QTN/14486/23-24","MSK FLAVOURS","14-Nov-2023","59500","48790","target quotation id 4020"
"already_has_items","13849D","M/s. Adaarsh Pharmacon","13-Nov-2023","1265000","1265000","target quotation id 4021"
"already_has_items","SB/QTN/14475 R1 /23-24","Chemtech Alkoxides private limited","10-Nov-2023","124500","102090","target quotation id 4022"
"already_has_items","SB/QTN/14477/23-24","Regal Healthy Fine Foods Pvt. Ltd","07-Nov-2023","4675000","4675000","target quotation id 4023"
"already_has_items","SB/QTN/14775 /23-24","Chemtech Alkoxides private limited","06-Nov-2023","140000","114800","target quotation id 4024"
"already_has_items","SB/QTN/14473/23-24","FLOWLINE ENGINEERING SERVICES","04-Nov-2023","490000","401800","target quotation id 4025"
"already_has_items","SB/QTN/14205 B-R1-F/23-24","Gaurav Singh","03-Nov-2023","603500","494870","target quotation id 4026"
"already_has_items","SB/QTN/14466 CP B/23-24","ADF FOODS","02-Nov-2023","2795000","2291900","target quotation id 4027"
"already_has_items","SB/QTN/14465/23-24","NEOTECH ENERGY SYSTEMS PVT LTD","02-Nov-2023","2855000","2341100","target quotation id 4028"
"already_has_items","SB/QTN/14381 R2/23-24","FLOWLINE ENGINEERING SERVICES","01-Nov-2023","718250","588965","target quotation id 4029"
"already_has_items","SB/QTN/14340 Final/23-24","Asia Brown Bleachchem (P)Ltd.","01-Nov-2023","2125000","1742500","target quotation id 4030"
"already_has_items","SB/QTN/14451-24","VIJAYA ARODHYAMA RICE MILL","31-Oct-2023","990000","990000","target quotation id 4031"
"already_has_items","14455A","SRI BALAJI PARBOLED RICE INDUSTRIES","30-Oct-2023","2150000","2472500","target quotation id 4032"
"already_has_items","14455B","SRI BALAJI PARBOLED RICE INDUSTRIES","30-Oct-2023","2875000","3306250","target quotation id 4033"
"already_has_items","14454","M/S Flow line","28-Oct-2023","935000","766700","target quotation id 4034"
"already_has_items","SBH/SF/50/14458-CUM","Hare Krishna Movement Charitable Foundation","28-Oct-2023","1695000","1949250","target quotation id 4035"
"already_has_items","14450A-CUM ","Acetech Heavy Fab Private LTD","27-Oct-2023","4450000","4450000","target quotation id 4036"
"already_has_items","SB/QTN/14453/23-24","GOWARDHAN ENTERPRISES","27-Oct-2023","3485000","2857700","target quotation id 4037"
"already_has_items","SB/QTN/14444 R1/23-24","Bera Enterprise","27-Oct-2023","700000","574000","target quotation id 4038"
"already_has_items","14453","M/S Flow line","27-Oct-2023","690000","565800","target quotation id 4039"
"already_has_items","SB/QTN/14447/23-24","Mohini agro processors","26-Oct-2023","2465000","2021300","target quotation id 4040"
"already_has_items","SB/QTN/14446/23-24","SK Tinku","26-Oct-2023","2052000","1682640","target quotation id 4041"
"already_has_items","SB/QTN/14445/23-24","Sugreev Kumar","26-Oct-2023","886500","726930","target quotation id 4042"
"already_has_items","SB/QTN/14444/23-24","Bera Enterprise","26-Oct-2023","886500","726930","target quotation id 4043"
"already_has_items","SB/QTN/14439/23-24","Chinmay Apparels Private Limited","25-Oct-2023","2755000","2259100","target quotation id 4044"
"already_has_items","SB/QTN/14442/23-24","Navya Enterprises","25-Oct-2023","886500","726930","target quotation id 4045"
"already_has_items","SB/QTN/14441-F/23-24","Ashwariya Seeds","25-Oct-2023","4800000","4800000","target quotation id 4046"
"already_has_items","SB/QTN/14440-F-CP/23-24","Pratham Oil Industries","25-Oct-2023","2295000","1881900","target quotation id 4047"
"already_has_items","SB/QTN/14424 R1/23-24","Emcor Packaging Private Limited","21-Oct-2023","867500","711350","target quotation id 4048"
"already_has_items","SB/QTN/14433/23-24","Vagesh Bk","21-Oct-2023","1561500","1280430","target quotation id 4049"
"already_has_items","SB/QTN/14438/23-24","FLOWLINE ENGINEERING SERVICES","21-Oct-2023","69610","57080.2","target quotation id 4050"
"already_has_items","SBH/SF/150-C14436","Victoria foods","21-Oct-2023","2170000","1779400","target quotation id 4051"
"already_has_items","14429B-CUM","GreenPark Hotels","20-Oct-2023","350000","350000","target quotation id 4052"
"already_has_items","SBH-SCT-OF-10-14429","GreenPark Hotels","19-Oct-2023","579500","475190","target quotation id 4053"
"already_has_items","SB/QTN/14431/23-24","PARASHAKTHI POLES INDUSTRY","19-Oct-2023","1455000","1193100","target quotation id 4054"
"already_has_items","SB/QTN/14426/23-24","FLOWLINE ENGINEERING SERVICES","19-Oct-2023","2180000","1787600","target quotation id 4055"
"already_has_items","SB/QTN/14421 /23-24","Jasmine Agro Pvt Ltd","18-Oct-2023","620000","508400","target quotation id 4056"
"already_has_items","SB/QTN/14424/23-24","Emcor Packaging Private Limited","18-Oct-2023","669000","548580","target quotation id 4059"
"already_has_items","SB/QTN/14420 R1/23-24","Sri Rajeshwari Dairy Products","18-Oct-2023","343500","281670","target quotation id 4060"
"already_has_items","SB/QTN/14421 B/23-24","Jasmine Agro Pvt Ltd","18-Oct-2023","990000","811800","target quotation id 4061"
"already_has_items","SB/QTN/14419/23-24","Rajeev Ranjan","17-Oct-2023","2965000","2431300","target quotation id 4062"
"already_has_items","SB/QTN/14411/23-24","Maa Bhagwati Rice Mills","11-Oct-2023","2563500","2102070","target quotation id 4063"
"already_has_items","14410","GHLS PRIVATE LIMITED","10-Oct-2023","3520000","3520000","target quotation id 4064"
"already_has_items","SB/QTN/14409/23-24","BANA ECO WORKS LLP","07-Oct-2023","3950000","3239000","target quotation id 4065"
"already_has_items","SB/QTN/14337 R1/23-24","Kriti Enterprises","06-Oct-2023","2961000","2428020","target quotation id 4066"
"already_has_items","SB/QTN/14404/23-24","Maa Dwarsuni","06-Oct-2023","1521000","1247220","target quotation id 4067"
"already_has_items","SB/QTN/14398/23-24","Gem Aromatics Pvt Ltd","04-Oct-2023","6660000","6660000","target quotation id 4070"
"already_has_items","SB/QTN/14397-F/23-24","Akash Agrotech","04-Oct-2023","1811750","1811750","target quotation id 4071"
"already_has_items","SB/QTN/14030-R4-F/23-24","Maartan Fine Chem Private Limited","03-Oct-2023","3341750","3341750","target quotation id 4072"
"already_has_items","SB/QTN/14392-C-F/23-24","Gourmet Popcornica LLP","03-Oct-2023","4985000","4985000","target quotation id 4073"
"already_has_items","SB/QTN/14396 B F/23-24","MBF Furniture","03-Oct-2023","2273750","1864475","target quotation id 4074"
"already_has_items","SB/QTN/14395 F/23-24","Sri Lakshmi Narasimha soaps and oil manufactures","03-Oct-2023","1040000","852800","target quotation id 4075"
"already_has_items","SB/QTN/14390/23-24","Viajaya Food & Nutraceuticals Pvt Ltd","30-Sep-2023","795000","651900","target quotation id 4076"
"already_has_items","SB/QTN/14385/23-24","nivetha  jus","29-Sep-2023","1939500","1590390","target quotation id 4077"
"already_has_items","SB/QTN/14388/23-24","THOMSON ELASTOMERS","29-Sep-2023","1107000","907740","target quotation id 4078"
"already_has_items","SB/QTN/14386/23-24","Jai bhawani industries","29-Sep-2023","2083500","1708470","target quotation id 4079"
"already_has_items","SB/QTN/14380/23-24","Schon Pharmaceuticals Limited","27-Sep-2023","629500","516190","target quotation id 4082"
"already_has_items","SB/QTN/14381/23-24","FLOWLINE ENGINEERING SERVICES","27-Sep-2023","781000","640420","target quotation id 4083"
"already_has_items","SB/QTN/14379/23-24","Nuovo Prime Ventures","26-Sep-2023","589500","483390","target quotation id 4084"
"already_has_items","SB/QTN/14378/23-24","Sulaiman","26-Sep-2023","2961000","2428020","target quotation id 4085"
"already_has_items","SB/QTN/14030 R2-F/23-24","Maartan Fine Chem Private Limited","26-Sep-2023","2829000","2829000","target quotation id 4088"
"already_has_items","SB/QTN/14375/23-24","NBP Nirman Bharat Panels LLP","25-Sep-2023","1775000","1455500","target quotation id 4089"
"already_has_items","SB/QTN/14374/23-24","DERIVATE LABS PVT LTD","23-Sep-2023","7975000","7975000","target quotation id 4090"
"already_has_items","SB/QTN/14372/23-24","FLOWLINE ENGINEERING SERVICES","22-Sep-2023","4225000","3464500","target quotation id 4091"
"already_has_items","SB/QTN/14322R3/23-24","Arvais Natures Products Pvt. Ltd","22-Sep-2023","62400","51168","target quotation id 4092"
"already_has_items","SB/QTN/14365/23-24","SARADA METALS & ALLOYS LIMITED","21-Sep-2023","589680","483537.6","target quotation id 4093"
"already_has_items","SB/QTN/14363/23-24","BEST ENGINEERING TECHNOLOGIES","21-Sep-2023","575000","471500","target quotation id 4094"
"already_has_items","SB/QTN/14367/23-24","Jatin Rawal","21-Sep-2023","1494000","1225080","target quotation id 4095"
"already_has_items","SB/QTN/14364/23-24","HTPL","21-Sep-2023","117000","95940","target quotation id 4096"
"already_has_items","SB/QTN/14366/23-24","Mahabali construction","21-Sep-2023","2605500","2136510","target quotation id 4097"
"already_has_items","SB/QTN/14358/23-24","Ajay Choudhary","19-Sep-2023","2961000","2428020","target quotation id 4098"
"already_has_items","SB/QTN/14359/23-24","Parvez Sagor","19-Sep-2023","2315000","1898300","target quotation id 4099"
"already_has_items","SB/QTN/14361/23-24","Aryan Dairy Products","19-Sep-2023","1270000","1041400","target quotation id 4100"
"already_has_items","SB/QTN/14360/23-24","X-2 / V R Process","19-Sep-2023","837500","686750","target quotation id 4101"
"already_has_items","SB/QTN/14357/23-24","Nikhil","16-Sep-2023","1925000","1578500","target quotation id 4102"
"already_has_items","SB/QTN/14356/23-24","NAGANA GOUDA","16-Sep-2023","3253000","2667460","target quotation id 4103"
"already_has_items","SB/QTN/14352/23-24","Jobi Manufacturers","12-Sep-2023","2407500","1974150","target quotation id 4104"
"already_has_items","SB/QTN/14347/23-24","Spectra Technology Solutions Ltd","09-Sep-2023","2682000","2199240","target quotation id 4105"
"already_has_items","SB/QTN/14343/23-24","Shoba Rice Mill","08-Sep-2023","2083500","1708470","target quotation id 4106"
"already_has_items","SB/QTN/14341-R1/23-24","Jiya Natura Herbs","07-Sep-2023","1584500","1584500","target quotation id 4107"
"already_has_items","SB/QTN/14294 R1-F/23-24","Shreyakon Chemicals P Ltd","07-Sep-2023","800000","656000","target quotation id 4108"
"already_has_items","SB/QUO/14340/23-24","Asia Brown Bleachchem (P)Ltd.","06-Sep-2023","2705000","2705000","target quotation id 4109"
"already_has_items","13570C-14bar ","M/s LOTUS CHOCOLATE","05-Sep-2023","3685000","3685000","target quotation id 4110"
"already_has_items","SB/QTN/14338/23-24","FLOWLINE ENGINEERING SERVICES","05-Sep-2023","1837960","1507127.2","target quotation id 4111"
"already_has_items","SB/QUO/14339-F/23-24 ","Navneet Ultralite","05-Sep-2023","2421000","2421000","target quotation id 4112"
"already_has_items","SB/QUO/14335/23-24 ","Sri Monika Seeds","04-Sep-2023","133200","133200","target quotation id 4113"
"already_has_items","SB/QTN/14331B/23-24","Rajesh building metrical","04-Sep-2023","2200500","1804410","target quotation id 4116"
"already_has_items","SB/QTN/14311-R1-F /23-24","Sharad Gupta ji","04-Sep-2023","1890000","1890000","target quotation id 4117"
"already_has_items","SB/QTN/14333/23-24","SS Engineers India","04-Sep-2023","460000","377200","target quotation id 4118"
"already_has_items","SB/QTN/14337/23-24","Kriti Enterprises","04-Sep-2023","2218500","1819170","target quotation id 4119"
"already_has_items","SB/QTN/14329/23-24","Abdul Samad","04-Sep-2023","1462500","1199250","target quotation id 4120"
"already_has_items","SB/QTN/14331A/23-24","Rajesh building metrical","04-Sep-2023","1561500","1280430","target quotation id 4121"
"already_has_items","SB/QTN/14322R1/23-24","Arvais Natures Products Pvt. Ltd","01-Sep-2023","54000","44280","target quotation id 4122"
"already_has_items","SB/QTN/14242-R4-F/23-24","Sri Maruthi Builders","01-Sep-2023","1983000","1983000","target quotation id 4123"
"already_has_items","SB/QTN/13688-R1-F22-23","Patil Rail Infra","26-Aug-2023","37400","30668","target quotation id 4124"
"already_has_items","SB/QUO/14315/23-24","Patil Rail Infra","25-Aug-2023","115200","115200","target quotation id 4125"
"already_has_items","14304A","Pratibha Biotech","23-Aug-2023","1103500","1103500","target quotation id 4126"
"already_has_items","SB/QTN/14308/23-24","Fortune Engineering Works","22-Aug-2023","2780000","2279600","target quotation id 4127"
"already_has_items","SB/QTN/14301/23-24","BEST ENGINEERING TECHNOLOGIES","21-Aug-2023","1535000","1258700","target quotation id 4128"
"already_has_items","14305","NEOTECH","21-Aug-2023","6425000","6425000","target quotation id 4129"
"already_has_items","14245B","Prosafe Biologicals","21-Aug-2023","2960000","2960000","target quotation id 4131"
"already_has_items","13583C","UBIC LIFE SCIENCES","21-Aug-2023","3460000","3875200","target quotation id 4132"
"already_has_items","SB/QTN/14300/23-24","VARSH TECHNO IND-EQUIP PVT LTD","19-Aug-2023","3500000","2870000","target quotation id 4133"
"already_has_items","SB/QTN/14294/23-24","Shreyakon Chemicals P Ltd","17-Aug-2023","697500","571950","target quotation id 4134"
"already_has_items","SB/QTN/14294 B /23-24","Shreyakon Chemicals P Ltd","17-Aug-2023","1620000","1328400","target quotation id 4135"
"already_has_items","14245B","Prosafe Biologicals","17-Aug-2023","2305000","2305000","target quotation id 4130"
"already_has_items","SB/QTN/14112 B/23-24","New Enterprises","12-Aug-2023","2155500","1767510","target quotation id 4136"
"already_has_items","SB/QTN/14242 R2-F/23-24","Sri Maruthi Builders","07-Aug-2023","1326000","1087320","target quotation id 4139"
"already_has_items","SB/QTN/14279-R1-F/23-24","Alpine Housing","07-Aug-2023","2399250","2399250","target quotation id 4140"
"already_has_items","SB/QTN/14279-F/23-24","Alpine Housing","05-Aug-2023","1508750","1508750","target quotation id 4141"
"already_has_items","SB/QTN/14277C /23-24","Yama Ribbon","05-Aug-2023","3445000","2824900","target quotation id 4142"
"already_has_items","SB/QTN/14273B/23-24","Dairy World","04-Aug-2023","2150000","1763000","target quotation id 4143"
"already_has_items","SB/QTN/14273/23-24","Dairy World","03-Aug-2023","1595000","1307900","target quotation id 4144"
"already_has_items","SB/QTN/13889-R1-F/22-23","RAVIKA ORGANIC PRIVATE LIMITED","03-Aug-2023","2762400","2762400","target quotation id 4145"
"already_has_items","SB/QTN/14272 B/23-24","Eco Friendly Light Weight Bricks.","02-Aug-2023","2250000","1845000","target quotation id 4148"
"already_has_items","SB/QTN/14267/23-24","Siddhartha Chidipothu","01-Aug-2023","700000","574000","target quotation id 4149"
"already_has_items","SB/QTN/14268/23-24","Kuna","01-Aug-2023","1495000","1225900","target quotation id 4150"
"already_has_items","14264","HBL POWER SYSTEMS LTD","31-Jul-2023","1760000","1760000","target quotation id 4151"
"already_has_items","SB/QTN/14261/23-24","SLV PLYWOOD BOARD & DOOR MANUFACTURIY INDUSTRIES","31-Jul-2023","2241000","1837620","target quotation id 4152"
"already_has_items","SB/QTN/14261 F /23-24","SLV PLYWOOD BOARD & DOOR MANUFACTURIY INDUSTRIES","31-Jul-2023","1957500","1605150","target quotation id 4153"
"already_has_items","SB/QTN/14263/22-23","Apoorv Mehrotra","31-Jul-2023","2200000","1804000","target quotation id 4154"
"already_has_items","SB/QTN/14258 B/23-24","SMART LIFE SCIENCES","29-Jul-2023","1258000","1031560","target quotation id 4155"
"already_has_items","SB/QTN/14250-B-F/23-24","ANJALI POLY & CORRUGATOR","29-Jul-2023","2299750","2299750","target quotation id 4156"
"already_has_items","SB/QTN/14260/23-24","Gunajit","29-Jul-2023","1305000","1070100","target quotation id 4157"
"already_has_items","SB/QTN/14259/23-24","ANU ADITHYA AGRO","29-Jul-2023","2074000","1700680","target quotation id 4158"
"already_has_items","14247A","chakra chem life science pvt ltd","28-Jul-2023","2490000","2490000","target quotation id 4159"
"already_has_items","SB/QTN/14249/23-24","Amruth Organic Fertilizers","26-Jul-2023","1165500","955710","target quotation id 4160"
"already_has_items","SB/QTN/14242/23-24","Sri Maruthi Builders","25-Jul-2023","1435500","1177110","target quotation id 4162"
"already_has_items","14245","Prosafe Biologicals","25-Jul-2023","2985000","2985000","target quotation id 4163"
"already_has_items","SB/QTN/14240/23-24","Alggro Precast Cement Products","24-Jul-2023","1695000","1389900","target quotation id 4164"
"already_has_items","14238R1","liha life Science pvt ltd","24-Jul-2023","3086750","3086750","target quotation id 4167"
"already_has_items","SB/QTN/14239B/23-24","Ma Durga Fertiliser","24-Jul-2023","2961000","2428020","target quotation id 4168"
"already_has_items","SB/QTN/14242/23-24","Sri Maruthi Builders","24-Jul-2023","1435500","1177110","target quotation id 4161"
"already_has_items","SB/QTN/14238/23-24","liha life Science pvt ltd","24-Jul-2023","3160000","2591200","target quotation id 4169"
"already_has_items","SB/QTN/14236/23-24","SANCHI AGRO VENTURES","21-Jul-2023","2485000","2037700","target quotation id 4172"
"already_has_items","SB/QTN/14231/23-24","BEST ENGINEERING TECHNOLOGIES","19-Jul-2023","4795000","3931900","target quotation id 4175"
"already_has_items","SB/QTN/14227/23-24","M/s Bharathi Seeds","19-Jul-2023","6800000","6800000","target quotation id 4176"
"already_has_items","SB/QTN/14228/23-24","Pratap Marble Tiles And Sanitary","19-Jul-2023","1898400","1556688","target quotation id 4177"
"already_has_items","14227","M/s Bharathi Seeds","19-Jul-2023","6860000","6860000","target quotation id 4178"
"already_has_items","SB/QUO/14229/23-24","Pratap Marble Tiles And Sanitary","19-Jul-2023","1695000","1389900","target quotation id 4179"
"already_has_items","SB/QTN/14223/23-24","PowerSol Infra Services Pvt Ltd","15-Jul-2023","670000","549400","target quotation id 4180"
"already_has_items","SB/QTN/14221/23-24","VINAYA AGRO FOODS","15-Jul-2023","80170","65739.4","target quotation id 4181"
"already_has_items","SB/QTN/14215-F/23-24","Bimix Machines Pvt Ltd","12-Jul-2023","1638000","1638000","target quotation id 4182"
"already_has_items","SB/QTN/14214/23-24","FLOWLINE ENGINEERING SERVICES","11-Jul-2023","134640","110404.8","target quotation id 4183"
"already_has_items","SB/QTN/14202/23-24","RADHA KRISHNA POLY PACK","10-Jul-2023","2645000","2168900","target quotation id 4184"
"already_has_items","SB/QTN/14042-D-R3-F/23-24","Remedy Health Products Pvt. Ltd","10-Jul-2023","943000","943000","target quotation id 4185"
"already_has_items","SB/QTN/14210/23-24","NEOTECH ENERGY SYSTEMS PVT LTD","08-Jul-2023","2865000","2349300","target quotation id 4186"
"already_has_items","SB/QTN/14207/23-24","NEOTECH ENERGY SYSTEMS PVT LTD","08-Jul-2023","2550000","2091000","target quotation id 4187"
"already_has_items","SB/QTN/14182C /23-24","Bluecat Paper LLP","07-Jul-2023","1525000","1250500","target quotation id 4188"
"already_has_items","SB/QTN/14209/23-24","BRS REFINERIES","06-Jul-2023","2350000","1927000","target quotation id 4189"
"already_has_items","SB/QTN/14204-F/23-24","Ashwaria Seeds","06-Jul-2023","5000000","5000000","target quotation id 4190"
"already_has_items","SB/QTN/14106-D-F/23-24","Sri Vishnu Seeds","06-Jul-2023","4800000","4800000","target quotation id 4191"
"already_has_items","SB/QTN/14182/23-24","Bluecat Paper LLP","06-Jul-2023","1525000","1525000","target quotation id 4193"
"already_has_items","SBQTN/14205/2023-24","Gaurav Singh","06-Jul-2023","654500","536690","target quotation id 4194"
"already_has_items","SB/QTN/14209 B/23-24","BRS REFINERIES","06-Jul-2023","2935000","2406700","target quotation id 4195"
"already_has_items","13605A-R1","DEEPAK NITRITE LIMITED","05-Jul-2023","5525000","5525000","target quotation id 4196"
"already_has_items","13504D","DEEPAK NITRITE LIMITED","05-Jul-2023","4805000","4805000","target quotation id 4197"
"already_has_items","SB/QTN/14194/23-24","Champaran Poultry Feed","03-Jul-2023","2605000","2136100","target quotation id 4198"
"already_has_items","14200-Commercial ","Racs Pharmacam India Pvt Ltd","03-Jul-2023","1925000","1925000","target quotation id 4199"
"already_has_items","SB/QTN/14200/23-24","Racs Pharmacam India Pvt Ltd","03-Jul-2023","1732500","1420650","target quotation id 4200"
"already_has_items","SB/QTN/14193/23-24","Halder Enterprise","03-Jul-2023","625000","512500","target quotation id 4201"
"already_has_items","SB/QTN/14197/23-24","farmer","03-Jul-2023","2150000","1763000","target quotation id 4202"
"already_has_items","SB/QTN/14199/23-24","keshav agro industry","03-Jul-2023","700000","574000","target quotation id 4203"
"already_has_items","SB/QTN/14198/23-24","Maa Rice Industries","03-Jul-2023","3450000","2829000","target quotation id 4204"
"already_has_items","SB/QTN/14195/23-24","Shri Mahadev Foods","03-Jul-2023","700000","574000","target quotation id 4205"
"already_has_items","SB/QTN/14189-F/23-24","Sri Lakshmi Seeds","02-Jul-2023","3982500","3982500","target quotation id 4206"
"already_has_items","SB/QTN/14188-F/23-24","Monika Seed","01-Jul-2023","3761250","3761250","target quotation id 4207"
"already_has_items","14186Commercial","M/s. Sri Venkateshwara Industries","30-Jun-2023","1795000","1795000","target quotation id 4208"
"already_has_items","SB/QTN/14187/23-24","Chaitanya Pharmaceuticals Pvt. Ltd","30-Jun-2023","1606500","1317330","target quotation id 4209"
"already_has_items","14135R1","M/S Heena Metal Pvt Ltd","30-Jun-2023","953960","953960","target quotation id 4210"
"already_has_items","SB/QTN/14184/23-24","NEOTECH ENERGY SYSTEMS PVT LTD","29-Jun-2023","990000","811800","target quotation id 4211"
"already_has_items","SB/QTN/14182/23-24","Bluecat Paper LLP","28-Jun-2023","969500","969500","target quotation id 4192"
"already_has_items","SB/QTN/14728B /23-24","NEOTECH ENERGY SYSTEMS PVT LTD","27-Jun-2023","4515000","3702300","target quotation id 4212"
"already_has_items","SB/QTN/14177/23-24","Bhole Baba Organics Dairy Milk Pvt Ltd","26-Jun-2023","1270000","1270000","target quotation id 4213"
"already_has_items","SB/QTN/14180/23-24","Yuvan Seeds","26-Jun-2023","400000","400000","target quotation id 4214"
"already_has_items","SB/QTN/14175 B/23-24","Adidude Chemicals","26-Jun-2023","1395000","1143900","target quotation id 4215"
"already_has_items","SB/QTN/14175 A/23-24","Adidude Chemicals","26-Jun-2023","1270000","1041400","target quotation id 4216"
"already_has_items","SB/QTN/14174/23-24","Hemant Industries","26-Jun-2023","969500","794990","target quotation id 4217"
"already_has_items","SB/QTN/14176 F/23-24","Sri Sai Aqua Foods","26-Jun-2023","1955000","1603100","target quotation id 4218"
"already_has_items","SB/QTN/14169 R1/23-24","Purna Milk Wardha","24-Jun-2023","1940400","1591128","target quotation id 4219"
"already_has_items","SB/QTN/14169/23-24","Purna Milk Wardha","23-Jun-2023","1694000","1389080","target quotation id 4220"
"already_has_items","SB/QTN/14167/23-24","JMJ Industries","22-Jun-2023","891000","730620","target quotation id 4221"
"already_has_items","SB/QTN/14164/22-24","amar jyoti automobiles","22-Jun-2023","1892000","1551440","target quotation id 4222"
"already_has_items","SB/QTN/14166/23-24","Sri Nitya Feeds","22-Jun-2023","1945000","1945000","target quotation id 4223"
"already_has_items","SB/QTN/14154/23-24","Pappu Girh Udyog","20-Jun-2023","1024250","839885","target quotation id 4224"
"already_has_items","SB/QTN/14161/23-24","Acor","20-Jun-2023","589500","483390","target quotation id 4225"
"already_has_items","SB/QTN/14158/23-24","NEOTECH ENERGY SYSTEMS PVT LTD","20-Jun-2023","1287500","1055750","target quotation id 4226"
"already_has_items","SB/QTN/14160/23-24","Karthik Engineering","20-Jun-2023","2452250","2010845","target quotation id 4227"
"already_has_items","14142A-CUM","M/S.MAYASH LABS","19-Jun-2023","4381750","4381750","target quotation id 4228"
"already_has_items","SB/QTN/14155-R1-F/23-24 ","Maatha Rani Rice Mill","18-Jun-2023","2275000","2275000","target quotation id 4230"
"already_has_items","SB/QTN/14157/23-24","NEOTECH ENERGY SYSTEMS PVT LTD","17-Jun-2023","2355000","1931100","target quotation id 4231"
"already_has_items","14142B","M/S.MAYASH LABS","16-Jun-2023","5300000","5300000","target quotation id 4234"
"already_has_items","14143-COMMERCIAL ","M/S.UNITED ENGINEERS","16-Jun-2023","1795000","1795000","target quotation id 4235"
"already_has_items","SB/QTN/14140/23-24","Shivram Agro Industries","15-Jun-2023","1755000","1439100","target quotation id 4236"
"already_has_items","14141-Commercial ","M/S Heena Metal Pvt Ltd","15-Jun-2023","1227500","1227500","target quotation id 4237"
"already_has_items","SB/QTN/14111 B/23-24","SAI GYPSUM TRADER","15-Jun-2023","420000","344400","target quotation id 4238"
"already_has_items","14138","Rohith Milk & Milk Products","14-Jun-2023","750000","750000","target quotation id 4239"
"already_has_items","14136","M/s. EQUATOR ENVIRO SOLUTIONS","14-Jun-2023","2655000","2655000","target quotation id 4240"
"already_has_items","SB/QTN/14139/23-24","HUSK GLOBAL TECHNOLOGIES PVT LTD","14-Jun-2023","235000","192700","target quotation id 4241"
"already_has_items","14135","Kadakawal Agrotech Private Limited","14-Jun-2023","1039500","1039500","target quotation id 4242"
"already_has_items","SB/QTN/14133/23-24","GEMINI DYEING & PRINTING MILLS PVT LTD","14-Jun-2023","4050000","3321000","target quotation id 4243"
"already_has_items","SB/QTN/14132 A/23-24","SMM SILK REELING INDUSTRY (ARM)","12-Jun-2023","1425000","1168500","target quotation id 4244"
"already_has_items","SB/QTN/14130/23-24","Vinayaga Modern Rice Mill","12-Jun-2023","2320000","1902400","target quotation id 4245"
"already_has_items","SB/QTN/14132 B/23-24","SMM SILK REELING INDUSTRY (ARM)","12-Jun-2023","1310000","1074200","target quotation id 4246"
"already_has_items","SB/QTN/14131/23-24","Just Ask Suppliers & Works","12-Jun-2023","5020000","4116400","target quotation id 4247"
"already_has_items","SB/QTN/14122/23-24","Anirban Choudhury","09-Jun-2023","1377000","1129140","target quotation id 4248"
"already_has_items","SB/QTN/14123/23-24","Shiva","09-Jun-2023","477500","391550","target quotation id 4249"
"already_has_items","SB/QTN/14119/23-24","Diyago Interior","09-Jun-2023","1010000","828200","target quotation id 4250"
"already_has_items","SB/QTN/14121-B-F/23-24","Nair","09-Jun-2023","922250","922250","target quotation id 4251"
"already_has_items","SB/QTN/14121-A-F/23-24","Nair","08-Jun-2023","811750","811750","target quotation id 4252"
"already_has_items","SB/QTN/14118-F/23-24","Usha International","06-Jun-2023","3344000","3344000","target quotation id 4256"
"already_has_items","SB/QTN/14109/23-24","Aerotech Energy Solutions","06-Jun-2023","2630750","2630750","target quotation id 4257"
"already_has_items","SB/QTN/14115/23-24","Life Water","05-Jun-2023","700000","574000","target quotation id 4258"
"already_has_items","SB/QTN/14107/23-24","Gourmet Popcornica LLP","03-Jun-2023","5350000","5350000","target quotation id 4261"
"already_has_items","SB/QTN/14106-B/23-24","Sri Vishnu Seeds","03-Jun-2023","6174000","6174000","target quotation id 4262"
"already_has_items","SB/QTN/14112/23-24","New Enterprises","03-Jun-2023","2268000","1859760","target quotation id 4263"
"already_has_items","SB/QTN/14110/23-24","Jai Sree Durga Industries","03-Jun-2023","1143000","937260","target quotation id 4264"
"already_has_items","SB/QTN/14111/23-24","SAI GYPSUM TRADER","03-Jun-2023","652500","535050","target quotation id 4265"
"already_has_items","SB/QTN/14105/23-24","BEST ENGINEERING TECHNOLOGIES","01-Jun-2023","3685000","3021700","target quotation id 4266"
"already_has_items","SB/QTN/14104/23-24","BEST SOLUTION ENTERPRISE","01-Jun-2023","3815000","3128300","target quotation id 4267"
"already_has_items","SB/QTN/14100 A/23-24","NEOTECH ENERGY SYSTEMS PVT LTD","31-May-2023","420000","344400","target quotation id 4268"
"already_has_items","SB/QTN/14100 B/23-24","NEOTECH ENERGY SYSTEMS PVT LTD","31-May-2023","700000","574000","target quotation id 4269"
"already_has_items","SB/QTN/14097/23-27","Krishna Phosphorous","30-May-2023","2730000","2238600","target quotation id 4270"
"already_has_items","SB/QTN/14098/23-24","Yusuf","30-May-2023","2550000","2091000","target quotation id 4271"
"already_has_items","14096-SBH-SF-100-WB-E","NAMI LIFE SCIENCES PVT LTD","29-May-2023","3020000","3020000","target quotation id 4272"
"already_has_items","14093","Haneef Engineering Associates","24-May-2023","4285000","4285000","target quotation id 4273"
"already_has_items","SB/QTN/14076/22-23","Eestella Logmin LLP","23-May-2023","2430000","1992600","target quotation id 4274"
"already_has_items","SB/QTN/14084 R1/22-23","NEOTECH ENERGY SYSTEMS PVT LTD","23-May-2023","2660000","2181200","target quotation id 4275"
"already_has_items","SB/QTN/14091-F/23-24","Laxmi Rice Mill","22-May-2023","1870500","1870500","target quotation id 4278"
"already_has_items","SB/QTN/14084/22-23","NEOTECH ENERGY SYSTEMS PVT LTD","20-May-2023","2380000","1951600","target quotation id 4279"
"already_has_items","SB/QTN/14071/23-24","Dairy Plant","20-May-2023","700000","574000","target quotation id 4280"
"already_has_items","SB/QTN/14085/23-24","Subbu Milk Dairy","20-May-2023","841500","690030","target quotation id 4281"
"already_has_items","SB/QTN/14078 R1 -F/23-24","Goose Industrial Solutions Pvt. Ltd.","19-May-2023","499500","409590","target quotation id 4282"
"already_has_items","14062B R1","M/s.Engineers & Developers","19-May-2023","367500","367500","target quotation id 4283"
"already_has_items","SB/QTN/14078 F/22-23","Goose Industrial Solutions Pvt. Ltd.","19-May-2023","562500","461250","target quotation id 4284"
"already_has_items","SB/QTN/14069 R2-F/23-24","Shafique Mohammed","18-May-2023","1529300","1254026","target quotation id 4285"
"already_has_items","SB/QTN/14066 R2-F/23-24","Sharna Food Products","18-May-2023","450000","369000","target quotation id 4286"
"already_has_items","SB/QTN/14070 R1/23-24","NEOTECH ENERGY SYSTEMS PVT LTD","18-May-2023","1445000","1184900","target quotation id 4287"
"already_has_items","SB/QTN/14052/22-23","indo block pvt ltd","17-May-2023","2445000","2004900","target quotation id 4289"
"already_has_items","SB/QTN/14069/23-24","Shafique Mohammed","17-May-2023","1645000","1348900","target quotation id 4290"
"already_has_items","SB/QTN/14070/23-24","NEOTECH ENERGY SYSTEMS PVT LTD","17-May-2023","715000","586300","target quotation id 4291"
"already_has_items","SB/QTN/14066 R1-F /23-24","Sharna Food Products","16-May-2023","500000","410000","target quotation id 4292"
"already_has_items","14062","M/s.Engineers & Developers","16-May-2023","336150","336150","target quotation id 4293"
"already_has_items","14065A","M/s. SUZEN MEDICARE PVT LTD","15-May-2023","7270000","7270000","target quotation id 4294"
"already_has_items","SB/QTN/14060/22-23","FLOWLINE ENGINEERING SERVICES","15-May-2023","258170","211699.4","target quotation id 4295"
"already_has_items","SB/QTN/14064-F/23-24","Kesharwani Plywood","15-May-2023","510000","561000","target quotation id 4296"
"already_has_items","SB/QTN/14066/23-24","Sharna Food Products","15-May-2023","675000","553500","target quotation id 4297"
"already_has_items","SB/QTN/14053/22-23","SARAT RICE MILL","13-May-2023","1750000","1435000","target quotation id 4298"
"already_has_items","SB/QTN/14052/22-23","indo block pvt ltd","13-May-2023","555000","555000","target quotation id 4288"
"already_has_items","SB/QTN/14054-R1-F/22-23","IAP FARM SERVICE PRIVATE LIMITED","13-May-2023","2732250","2732250","target quotation id 4299"
"already_has_items","SB/QTN/14053/23-24","SARAT RICE MILL","13-May-2023","1450000","1189000","target quotation id 4300"
"already_has_items","SB/QTN/14019 R1/22-23","Palral Milk Private Limited","13-May-2023","2095000","1717900","target quotation id 4301"
"already_has_items","14042","Santhosh","11-May-2023","3665000","3665000","target quotation id 4302"
"already_has_items","14040","Shiva Sai Sangham Dairy Products","11-May-2023","719500","719500","target quotation id 4303"
"already_has_items","14042A","Santhosh","11-May-2023","3665000","3665000","target quotation id 4304"
"already_has_items","14039","M/S . AVS CONCRETECH SOLUTIONS","10-May-2023","4050000","4050000","target quotation id 4305"
"already_has_items","SB/QTN/14038 A /23-24","NSPIRA MANAGEMENT SERVICE PVT LTD","10-May-2023","573325","470126.5","target quotation id 4306"
"already_has_items","14025R1","PROMT PACKAGEING","10-May-2023","657200","657200","target quotation id 4307"
"already_has_items","SB/QTN/14036/22-23","LEVO CHEMI LLP","10-May-2023","1655000","1357100","target quotation id 4308"
"already_has_items","SB/QTN/14039 B/22-23","NSPIRA MANAGEMENT SERVICE PVT LTD","10-May-2023","658325","539826.5","target quotation id 4309"
"already_has_items","14032","GSR Green Industry","09-May-2023","3600000","2952000","target quotation id 4310"
"already_has_items","SB/QTN/14033-F/22-23","JANATA WOOD","09-May-2023","1615000","1324300","target quotation id 4311"
"already_has_items","14032B","GSR Green Industry","09-May-2023","140000","140000","target quotation id 4314"
"already_has_items","14025","PROMT PACKAGEING","05-May-2023","690000","690000","target quotation id 4315"
"already_has_items","SB/QTN/14022 R1/23-24","HUSK GLOBAL TECHNOLOGIES PVT LTD","05-May-2023","290000","237800","target quotation id 4316"
"already_has_items","SB/QTN/14012B/22-23","SS CATERERS","05-May-2023","400000","328000","target quotation id 4317"
"already_has_items","SB/QTN/14020/22-23","Hara Corrugator Private Limited","04-May-2023","2161250","1772225","target quotation id 4318"
"already_has_items","14006B","SRI BALAJI METAL INDUSTRIES","04-May-2023","1000000","1000000","target quotation id 4321"
"already_has_items","SB/QTN/14017/22-23","SRI TRIVENI LIGHT BRICKS","04-May-2023","2505000","2054100","target quotation id 4322"
"already_has_items","SB/QTN/14022/22-23","HUSK GLOBAL TECHNOLOGIES PVT LTD","04-May-2023","330000","270600","target quotation id 4323"
"already_has_items","SB/QTN/14016/22-23","RATHINAVEL","03-May-2023","420000","344400","target quotation id 4324"
"already_has_items","SB/QTN/14014/22-23","RATHINAVEL","03-May-2023","2670000","2189400","target quotation id 4325"
"already_has_items","SB/QTN/14012/22-23","SS CATERERS","03-May-2023","405000","332100","target quotation id 4326"
"already_has_items","SB/QTN/13899-C-R2-F/22-23","NAV PRAYAS","30-Apr-2023","979500","803190","target quotation id 4327"
"already_has_items","14006","Vijay Babu","27-Apr-2023","5020000","5020000","target quotation id 4328"
"already_has_items","SB/QTN/14007 A/22-23","Devani Engineering Pvt Ltd","27-Apr-2023","2575000","2111500","target quotation id 4329"
"already_has_items","SB/QTN/14007 B/22-23","Devani Engineering Pvt Ltd","27-Apr-2023","3325000","2726500","target quotation id 4330"
"already_has_items","SB/QTN/14004/22-23","VINDRA AAGRO","26-Apr-2023","2500000","2050000","target quotation id 4331"
"already_has_items","SB/QTN/14003-B/22-23","ARVIND RICE MILL","25-Apr-2023","1160000","1160000","target quotation id 4332"
"already_has_items","SB/QTN/13995/22-23","Shristi Flame","24-Apr-2023","625000","512500","target quotation id 4333"
"already_has_items","SB/QTN/13994/22-23","Earthyy  Bags","24-Apr-2023","625000","512500","target quotation id 4334"
"already_has_items","SB/QTN/13996-A-F/23-24","Ganesh Services","24-Apr-2023","845000","845000","target quotation id 4335"
"already_has_items","SB/QTN/13952-R1/22-23","engineered polymers India P Ltd","23-Apr-2023","954500","782690","target quotation id 4336"
"already_has_items","SB/QTN/13986/22-23","OMKAR MAMIDA","21-Apr-2023","2715000","2226300","target quotation id 4337"
"already_has_items","SB/QTN/13988/22-23","Gautami Ecolites Blocks","20-Apr-2023","35000","28700","target quotation id 4338"
"already_has_items","SB/QTN/13984-F/23-24","SS Engineers India","18-Apr-2023","140000","140000","target quotation id 4339"
"already_has_items","SB/QTN/13983/22-23","OM ALLOY CASTING","17-Apr-2023","650000","533000","target quotation id 4340"
"already_has_items","SB/QTN/13983 B/23-24","OM ALLOY CASTING","17-Apr-2023","1295000","1061900","target quotation id 4341"
"already_has_items","SB/QTN/13982/22-23","RI RAMDAS FOOD WORKS PRIVATE LIMITED","17-Apr-2023","884000","724880","target quotation id 4342"
"already_has_items","SB/QTN/13978/22-23","CRESCENT ENTERPRISES","15-Apr-2023","2175000","1783500","target quotation id 4343"
"already_has_items","SB/QTN/13981/23-24","T-MSK Engineering and Services.,","15-Apr-2023","2375000","1947500","target quotation id 4344"
"already_has_items","SB/QTN/13977/22-23","SRI ADITYA PHARMA TRADERS","14-Apr-2023","2320000","1902400","target quotation id 4345"
"already_has_items","SB/QTN/13975/22-23","Shree Bhagath Industries","12-Apr-2023","380000","311600","target quotation id 4346"
"already_has_items","SB/QTN/13976/22-23","Amvik Launders","12-Apr-2023","2655000","2177100","target quotation id 4347"
"already_has_items","SB/QTN/13863-R1/22-23","Nissi Energy Engineering Services","12-Apr-2023","7315000","7315000","target quotation id 4348"
"already_has_items","SB/QTN/13973/22-23","Garmain Enterprises","12-Apr-2023","1810000","1484200","target quotation id 4349"
"already_has_items","SB/QTN/13962/22-23","Suman","11-Apr-2023","2320000","1902400","target quotation id 4350"
"already_has_items","SB/QTN/13967 B/22-23","Asmita Industries","11-Apr-2023","1810000","1484200","target quotation id 4351"
"already_has_items","SB/QTN/13963 B/22-23","Akansha Builder","11-Apr-2023","3530000","2894600","target quotation id 4352"
"already_has_items","SB/QTN/13965/22-23","Sri Bhagya Lakshmi Agro foods (P) Ltd","11-Apr-2023","675000","553500","target quotation id 4353"
"already_has_items","SB/QTN/13967/22-23","Asmita Industries","11-Apr-2023","2275000","1865500","target quotation id 4354"
"already_has_items","SB/QTN/13963 A/22-23","Akansha Builder","11-Apr-2023","2700000","2214000","target quotation id 4355"
"already_has_items","SB/QTN/13969/22-23","Abhinash Sahoo","11-Apr-2023","625000","512500","target quotation id 4356"
"already_has_items","SB/QTN/13864 B/22-23","Prakash Rice Mill","10-Apr-2023","2150000","1763000","target quotation id 4357"
"already_has_items","SB/QTN/13956/22-23","Emcor Packaging Private Limited","07-Apr-2023","352580","289115.6","target quotation id 4358"
"already_has_items","SB/QTN/13952/22-23","engineered polymers India P Ltd","07-Apr-2023","920000","754400","target quotation id 4361"
"already_has_items","SB/QTN/13953/22-23","Gwalior Sun Pipes","07-Apr-2023","2245000","1840900","target quotation id 4362"
"already_has_items","SB/QTN/13952/2022-23","engineered polymers India P Ltd","05-Apr-2023","605000","496100","target quotation id 4363"
"already_has_items","SB/QTN/13943/22-23","Efficient Agrichem Private Limited","04-Apr-2023","1145000","938900","target quotation id 4364"
"already_has_items","SB/Commercial -13948/23-24","M/S . KANAK SILKS","04-Apr-2023","3260000","2673200","target quotation id 4365"
"already_has_items","SB/QTN/13942/23-24","Life line","01-Apr-2023","95000","77900","target quotation id 4366"
"already_has_items","SB/QTN/13889-C-R1-F/22-23","RAVIKA ORGANIC PRIVATE LIMITED","30-Mar-2023","2771500","2771500","target quotation id 4367"
"already_has_items","SB/QTN/13932/22-23","Raza sizing works","30-Mar-2023","1800000","1476000","target quotation id 4368"
"already_has_items","SB/QTN/13927 R2/22-23","Nosch Labs Private Limited","29-Mar-2023","550300","451246","target quotation id 4369"
"already_has_items","SB/QTN/13930/22-23","Nanjundeswara Rice Mill","29-Mar-2023","2770000","2271400","target quotation id 4370"
"already_has_items","13478R2","Suprabhat Laboratories Private Limited","29-Mar-2023","1850250","1517205","target quotation id 4371"
"already_has_items","SB/QTN/13930 B/22-23","Nanjundeswara Rice Mill","29-Mar-2023","2655000","2177100","target quotation id 4372"
"already_has_items","SB/QTN/13925 B/22-23","Sree Sai Matha Enterprises","28-Mar-2023","760000","623200","target quotation id 4373"
"already_has_items","SB/QTN/13927/22-23","Nosch Labs Private Limited","28-Mar-2023","479800","393436","target quotation id 4374"
"already_has_items","SB/QTN/13922 R1/22-23","Chemic Life Sciences","28-Mar-2023","152500","125050","target quotation id 4375"
"already_has_items","SB/QTN/13912 B/22-23","Rajnarayan Kaithwas","27-Mar-2023","1660000","1361200","target quotation id 4376"
"already_has_items","SB/QTN/13925-CO/22-23","Sree Sai Maatha Enterprises","26-Mar-2023","1165000","1165000","target quotation id 4377"
"already_has_items","SB/QTN/13922/22-23","Chemic Life Sciences","25-Mar-2023","145000","118900","target quotation id 4378"
"already_has_items","SB/QTN/13924/22-23","Indus plywood Industries","25-Mar-2023","1470000","1205400","target quotation id 4379"
"already_has_items","SB/QTN/13919/22-23","LAUNDRY LINE","25-Mar-2023","495000","405900","target quotation id 4380"
"already_has_items","SB/QTN/13890 B/22-23","Laxmi Industries","25-Mar-2023","1840000","1508800","target quotation id 4381"
"already_has_items","SB/QTN/14692 R2 /2023-24","Hari Om Industries","25-Mar-2023","1755250","1439305","target quotation id 4382"
"already_has_items","13915","SCIEGEN PHARMACEUTICALS INDIA PVT LTD","25-Mar-2023","3230000","2648600","target quotation id 4383"
"already_has_items","SB/QTN/13912/22-23","Rajnarayan Kaithwas","25-Mar-2023","1770000","1451400","target quotation id 4384"
"already_has_items","13921","M/s Neutra Feeds","24-Mar-2023","315000","258300","target quotation id 4385"
"already_has_items","SB/QTN/13914/22-23","Kreative Organics Private Limited","23-Mar-2023","7096","5818.72","target quotation id 4386"
"already_has_items","SB/QTN/13909/22-23","Druk Wangmo Supplier,","22-Mar-2023","575000","575000","target quotation id 4387"
"already_has_items","SB/QTN/13908/22-23","St Martha Hospital","22-Mar-2023","3325000","3325000","target quotation id 4388"
"already_has_items","SB/QTN/13905/22-23","Ashok Jindal Plywood Pvt Ltd","22-Mar-2023","950000","950000","target quotation id 4389"
"already_has_items","13898B","LAKSHMI SARAS CHEM TECH PVT LTD","21-Mar-2023","3371200","3371200","target quotation id 4390"
"already_has_items","13898A-R1","LAKSHMI SARAS CHEM TECH PVT LTD","21-Mar-2023","6481550","5314871","target quotation id 4391"
"already_has_items","SB/QTN/13891/22-23","Subramaneswara Rice & Flour Mill","21-Mar-2023","2375000","1947500","target quotation id 4392"
"already_has_items","SB/QTN/13902/22-23","Mahendra Rice Traders","21-Mar-2023","690000","565800","target quotation id 4393"
"already_has_items","SB/QTN/13890/22-23","Laxmi Industries","21-Mar-2023","2155000","1767100","target quotation id 4394"
"already_has_items","SB/QTN/13899 B/22-23","NAV PRAYAS","18-Mar-2023","1245000","1020900","target quotation id 4395"
"already_has_items","SB/QTN/13899 A/22-23","NAV PRAYAS","18-Mar-2023","1470000","1205400","target quotation id 4396"
"already_has_items","13898A","LAKSHMI SARAS CHEM TECH PVT LTD","17-Mar-2023","5275000","4325500","target quotation id 4397"
"already_has_items","13895","DHATTERWAL Herbals","16-Mar-2023","1930000","1582600","target quotation id 4398"
"already_has_items","SB/QTN/13894/22-23","Abhay Solvents Private Limited","16-Mar-2023","740000","606800","target quotation id 4399"
"already_has_items","SB/QTN/13889 B/22-23","RAVIKA ORGANIC PRIVATE LIMITED","16-Mar-2023","2680000","2197600","target quotation id 4400"
"already_has_items","SB/QTN/13858-B/22-23","Jeeva Organic Private Limited","16-Mar-2023","1760000","1760000","target quotation id 4401"
"already_has_items","SB/QTN/13888/22-23","SK Food Product","15-Mar-2023","900000","738000","target quotation id 4402"
"already_has_items","SB/QTN/13880/22-23","Shilpa Pharma Lifesciences Limited","14-Mar-2023","195000","159900","target quotation id 4403"
"already_has_items","13240R1","Joshika Pharma","14-Mar-2023","2622600","2150532","target quotation id 4404"
"already_has_items","SB/QTN/13875/22-23","Samrudhi Consultants","13-Mar-2023","625000","512500","target quotation id 4405"
"already_has_items","SB/QTN/13872-CO-F/22-23","Akash Plywood Industries","12-Mar-2023","1925000","1925000","target quotation id 4406"
"already_has_items","SB/QTN/13870/22-23","Laxmi Narayana Drier Industries","11-Mar-2023","2600000","2600000","target quotation id 4407"
"already_has_items","13867","Crown Beers","08-Mar-2023","192500","192500","target quotation id 4408"
"already_has_items","SB/QTN/13865/22-23","Vishwakarma Industrial Point","08-Mar-2023","625000","512500","target quotation id 4409"
"already_has_items","13590C R1","SIDS FARM PRIVATE LIMITED","08-Mar-2023","2580500","2116010","target quotation id 4410"
"already_has_items","SB/QTN/13864/22-23","Prakash Rice Mill","08-Mar-2023","2050000","1681000","target quotation id 4411"
"already_has_items","SB/QTN/13859/22-23","Gounidhi Dairy","04-Mar-2023","1210000","1210000","target quotation id 4412"
"already_has_items","SB/QTN/13858/22-23","Jeeva Organic Private Limited","03-Mar-2023","1530000","1530000","target quotation id 4413"
"already_has_items","13590C","SIDS FARM PRIVATE LIMITED","01-Mar-2023","3180000","2607600","target quotation id 4414"
"already_has_items","13857-Commercial","Rao Power Constructions Pvt. Ltd","01-Mar-2023","2850000","2337000","target quotation id 4415"
"already_has_items","13843B-","UTILITY EQUIPMENTS","01-Mar-2023","1390500","1390500","target quotation id 4416"
"already_has_items","13855","Global Impex","28-Feb-2023","875000","717500","target quotation id 4417"
"already_has_items","SB/QTN/13818-A-R1/22-23","Odisha Industrial Monorel Pvt, Ltd","28-Feb-2023","550000","550000","target quotation id 4418"
"already_has_items","SB/QTN/13852/22-23","Jaggu","25-Feb-2023","4300000","3526000","target quotation id 4420"
"already_has_items","SB/QTN/13857-A-R1/22-23","Sandhya Aqua Exports Pvt. Ltd","25-Feb-2023","6865000","6865000","target quotation id 4421"
"already_has_items","SB/QTN/13857-A/22-23","Sandhya Aqua Exports Pvt. Ltd","25-Feb-2023","5335000","5335000","target quotation id 4422"
"already_has_items","SB/QTN/13852/22-23","Jaggu","23-Feb-2023","3750000","3075000","target quotation id 4419"
"already_has_items","SB/QTN/13853/22-23","M/S Nitesh Intreprises","23-Feb-2023","1840000","1508800","target quotation id 4423"
"already_has_items","SB/QTN/13610-A-To/22-23","Sri Sai Engineering","22-Feb-2023","978750","802575","target quotation id 4424"
"already_has_items","13765R2","GODREJ CDPL (Creamline Dairy Products Ltd)","21-Feb-2023","903250","740665","target quotation id 4425"
"already_has_items","13843R1","UTILITY EQUIPMENTS","21-Feb-2023","1539000","1539000","target quotation id 4426"
"already_has_items","13765r3","GODREJ CDPL (Creamline Dairy Products Ltd)","21-Feb-2023","1045000","856900","target quotation id 4427"
"already_has_items","SB-SF-200-13824A","M/S.SRIVEN PHARMACHEM PVT LTD","18-Feb-2023","2305000","1890100","target quotation id 4428"
"already_has_items","SB/QTN/13551-B/22-23","AEI EXTRACTION INDUSTRIES PVT LTD","18-Feb-2023","7255000","7255000","target quotation id 4429"
"already_has_items","13765R1","GODREJ CDPL (Creamline Dairy Products Ltd)","18-Feb-2023","955500","783510","target quotation id 4430"
"already_has_items","SB-MF-300-13824B","M/S.SRIVEN PHARMACHEM PVT LTD","18-Feb-2023","4925000","4038500","target quotation id 4431"
"already_has_items","13843","UTILITY EQUIPMENTS","16-Feb-2023","2130000","1746600","target quotation id 4432"
"already_has_items","SB/QTN/13840/22-23","NEOTECH ENERGY SYSTEMS PVT LTD","15-Feb-2023","1985000","1627700","target quotation id 4433"
"already_has_items","SB/QTN/13837/22-23","RANGOLI EPS","15-Feb-2023","2320000","1902400","target quotation id 4434"
"already_has_items","SB/QTN/13837 B/22-23","RANGOLI EPS","15-Feb-2023","2520000","2066400","target quotation id 4435"
"already_has_items","SB/QTN/13835/22-23","Praana Energy India Private Limited","14-Feb-2023","900000","738000","target quotation id 4436"
"already_has_items","SB/QTN/13716C/22-23","Sri Surya Food Products","14-Feb-2023","1725000","1414500","target quotation id 4437"
"already_has_items","SB/QTN/13836/22-23","Whole Raw Foods","14-Feb-2023","625000","512500","target quotation id 4438"
"already_has_items","SB/QTN/13838/22-23","Creamline Diary Products Ltd","14-Feb-2023","195000","159900","target quotation id 4439"
"already_has_items","SB/QTN/13830/22-23","Taj Engineering Works","11-Feb-2023","223915","223915","target quotation id 4440"
"already_has_items","SB/QTN/13826/22-23","Coir-On Foam Products Private Ltd","08-Feb-2023","860000","705200","target quotation id 4441"
"already_has_items","SB/QTN/13825/22-23","GANGADHAR","08-Feb-2023","2375000","1947500","target quotation id 4442"
"already_has_items","SB/QTN/13813 A/22-23","NEOTECH ENERGY SYSTEMS PVT LTD","04-Feb-2023","1875000","1537500","target quotation id 4443"
"already_has_items","SB/QTN/13813 b/22-23","NEOTECH ENERGY SYSTEMS PVT LTD","04-Feb-2023","2100000","1722000","target quotation id 4444"
"already_has_items","SB/QTN/13813 C/22-23","NEOTECH ENERGY SYSTEMS PVT LTD","04-Feb-2023","1490000","1490000","target quotation id 4445"
"already_has_items","SB/QTN/13814/22-23","Agasthya Superfoods India Pvt Ltd,","04-Feb-2023","1490000","1221800","target quotation id 4446"
"already_has_items","13810","Nagavardhana Rao Vishwanadham","02-Feb-2023","3335000","2734700","target quotation id 4447"
"already_has_items","SB/QTN/13806 B/22-23","ALL RICH DAIRY PVT LTD","01-Feb-2023","2015000","1652300","target quotation id 4450"
"already_has_items","SB/QTN/13808/22-23","Explotech Chemicals P Ltd","01-Feb-2023","83000","68060","target quotation id 4451"
"already_has_items","13804","M/s .QUALITEK PHARMA","31-Jan-2023","1545000","1266900","target quotation id 4452"
"already_has_items","13788AR2","Ramsay Laboratories,","30-Jan-2023","2285500","2285500","target quotation id 4453"
"already_has_items","13801","M/s. E-VAP ENGINEERING SERVICES PVT LTD","30-Jan-2023","1005000","824100","target quotation id 4454"
"already_has_items","SB/QTN/13802/22-23","Cream Line Dairy Products Ltd","30-Jan-2023","495000","405900","target quotation id 4455"
"already_has_items","SB/QTN/13796 A/22-23","Salvi life science Ltd","28-Jan-2023","4780000","3919600","target quotation id 4457"
"already_has_items","SB/QTN/13796 B/22-23","Salvi life science Ltd","28-Jan-2023","5180000","4247600","target quotation id 4458"
"already_has_items","SB/QTN/13795 C/22-23","Sri Balaji Foods","27-Jan-2023","1300000","1066000","target quotation id 4459"
"already_has_items","SB/QTN/13795 A/22-23","Sri Balaji Foods","27-Jan-2023","1525000","1250500","target quotation id 4462"
"already_has_items","SB/QTN/13795 D/22-23","Sri Balaji Foods","27-Jan-2023","1740000","1426800","target quotation id 4463"
"already_has_items","13788B","Ramsay Laboratories,","25-Jan-2023","4350000","4350000","target quotation id 4464"
"already_has_items","13788A R1","Ramsay Laboratories,","25-Jan-2023","2354500","2354500","target quotation id 4465"
"already_has_items","SB/QTN/13791/22-23","SS Engineers India","24-Jan-2023","2580000","2115600","target quotation id 4466"
"already_has_items","13786","M/S. Akshyachemicals pvt ltd","23-Jan-2023","4005000","3284100","target quotation id 4467"
"already_has_items","13788","Ramsay Laboratories,","23-Jan-2023","3950000","3239000","target quotation id 4468"
"already_has_items","SB/QTN/13785/22-23","NEOTECH ENERGY SYSTEMS PVT LTD","21-Jan-2023","3265000","2677300","target quotation id 4469"
"already_has_items","SA/QTN/182/2022-23","Glochem Industries Limited","17-Jan-2023","47500","38950","target quotation id 4470"
"already_has_items","13781A-Commercial ","M/s. Brundavan Laboratories  Pvt Ltd.","16-Jan-2023","8945000","7334900","target quotation id 4471"
"already_has_items","SB/QTN/13775/22-23","Pithampur Industrial Waste Management","12-Jan-2023","17500","14350","target quotation id 4472"
"already_has_items","SB/QTN/13758 D/22-23","Harniks India LLP","12-Jan-2023","890000","729800","target quotation id 4474"
"already_has_items","SB/QTN/13777/22-23","NIFTY LABS PVT LTD,","12-Jan-2023","16500","13530","target quotation id 4475"
"already_has_items","SB/QTN/13758 D/22-23","Harniks India LLP","10-Jan-2023","890000","729800","target quotation id 4473"
"already_has_items","13771","SCIEGEN PHARMACEUTICALS INDIA PVT LTD","10-Jan-2023","1100000","902000","target quotation id 4478"
"already_has_items","13770","Sushanth Polytron Industries Llp","09-Jan-2023","95000","77900","target quotation id 4479"
"already_has_items","13709A","M/s Pajson Agro India Pvt Ltd","07-Jan-2023","4460000","4460000","target quotation id 4480"
"already_has_items","13765","GODREJ CDPL (Creamline Dairy Products Ltd)","05-Jan-2023","1045000","856900","target quotation id 4483"
"already_has_items","SB/QTN/13759R1/22-23","Godrej","04-Jan-2023","56000","52528","target quotation id 4484"
"already_has_items","13761","Jenmed Pharma","04-Jan-2023","2205000","2205000","target quotation id 4485"
"already_has_items","SB/QTN/14522-R2-F/23-24","Elite Infra Products","04-Jan-2023","2239875","2239875","target quotation id 4486"
"already_has_items","SB/QTN/13760","Noor Mohamed Sizing Malegaon","03-Jan-2023","1930000","1930000","target quotation id 4487"
"already_has_items","SB/QTN/13758 A/22-23","Harniks India LLP","31-Dec-2022","490000","401800","target quotation id 4488"
"already_has_items","SB/QTN/13759/22-23","Godrej","31-Dec-2022","56000","45920","target quotation id 4489"
"already_has_items","SB/QTN/13758 B/22-23","Harniks India LLP","31-Dec-2022","615000","504300","target quotation id 4490"
"already_has_items","SB/QTN/13758/22-23","Harniks India LLP","30-Dec-2022","1050000","861000","target quotation id 4491"
"already_has_items","13755","Rayeez Gulam","29-Dec-2022","4505000","3694100","target quotation id 4492"
"already_has_items","SB/QTN/13751/22-23","SS NATURALS","29-Dec-2022","1930000","1582600","target quotation id 4493"
"already_has_items","13750B","YSR Pharma Pvt. Ltd","29-Dec-2022","3175000","2603500","target quotation id 4494"
"already_has_items","SB/QTN/13747-B-F/22-23","Anira Pharmaceuticals Pvt. Ltd","28-Dec-2022","3505000","3505000","target quotation id 4495"
"already_has_items","SB/QTN/13715 B/22-23","Leocon Infra","28-Dec-2022","3270000","2681400","target quotation id 4496"
"already_has_items","SB/QTN/13752/22-23","PROMPT PULP & FIBERS","28-Dec-2022","58500","61425","target quotation id 4500"
"already_has_items","SB/QTN/13747-A-F/22-23","Anira Pharmaceuticals Pvt. Ltd","27-Dec-2022","3655000","3655000","target quotation id 4501"
"already_has_items","SB/QTN/13744/22-23","Aurobindo Pharma Ltd","26-Dec-2022","5000","4100","target quotation id 4502"
"already_has_items","SB/QTN/13743/22-23","MANIKRAHAN TRADING COMPANY","24-Dec-2022","505000","414100","target quotation id 4504"
"already_has_items","SB/QTN/13743/22-23","MANIKRAHAN TRADING COMPANY","23-Dec-2022","480000","393600","target quotation id 4503"
"already_has_items","SB/QTN/13594 R1/22-23","BAUDH DISTILLRIES","22-Dec-2022","2777000","2277140","target quotation id 4505"
"already_has_items","13729B","AVT BABU","21-Dec-2022","280000","279160","target quotation id 4506"
"already_has_items","13740","Syed Khair Uddin","21-Dec-2022","1595000","1307900","target quotation id 4507"
"already_has_items","SB/QTN/13719-R1-F/22-23","Sushrutha Chem Pharma","18-Dec-2022","3230000","3230000","target quotation id 4508"
"already_has_items","SB/QTN/13732-B-CO/22-23","Sri Anantha Lakshmi Rice Mill","18-Dec-2022","3175000","3175000","target quotation id 4509"
"already_has_items","SB/QTN/13574B/22-23","DHATTERWAL Herbals","17-Dec-2022","900000","900000","target quotation id 4510"
"already_has_items","SB/QTN/13734/22-23","DHATTERWAL Herbals","17-Dec-2022","1520000","1246400","target quotation id 4511"
"already_has_items","SB/QTN/13733/22-23","ACTIS GENERICS PRIVATE LIMITED","16-Dec-2022","1845000","1512900","target quotation id 4512"
"already_has_items","SB/QTN/13732-COM/22-23","Sri Anantha Lakshmi Rice Mill","15-Dec-2022","2675000","2675000","target quotation id 4513"
"already_has_items","13731","Nida Packaging","15-Dec-2022","1570000","1287400","target quotation id 4514"
"already_has_items","SB/QTN/13730/22-23","Golsey Pharma","14-Dec-2022","4880000","4001600","target quotation id 4515"
"already_has_items","13729","AVT BABU","13-Dec-2022","340000","278800","target quotation id 4516"
"already_has_items","13724A-R1","SRI SATYA SAI SKANDAN INDUSTRIES","12-Dec-2022","3890000","3189800","target quotation id 4517"
"already_has_items","13724A","SRI SATYA SAI SKANDAN INDUSTRIES","10-Dec-2022","3905000","3202100","target quotation id 4518"
"already_has_items","SB/QTN/13722/22-23","STERLING PACKAGING PVT LTD","10-Dec-2022","990000","811800","target quotation id 4519"
"already_has_items","13721C","Hi Pro Feeds","09-Dec-2022","2930000","2402600","target quotation id 4520"
"already_has_items","SB/QTN/13719-F/22-23","Sushrutha Chem Pharma","08-Dec-2022","3130000","3130000","target quotation id 4521"
"already_has_items","13349B","CONGRUUENT REMEDIES","08-Dec-2022","7385000","6055700","target quotation id 4522"
"already_has_items","13684CR2","DISCOVER MACHINARY","07-Dec-2022","1459100","1459100","target quotation id 4523"
"already_has_items","1329B-R1","DEEPAK NITRITE LIMITED","07-Dec-2022","2030000","1664600","target quotation id 4524"
"already_has_items","SB/QTN/13644-C-F/22-23","RIYANSH INDUSTRIES PRIVATE LIMITED","07-Dec-2022","2520000","2520000","target quotation id 4525"
"already_has_items","13063-A-R1","M/s. Avyaya Farms & Feeds","07-Dec-2022","2845000","2845000","target quotation id 4526"
"already_has_items","13711R1","M/s Satya Sai Agency","07-Dec-2022","565000","463300","target quotation id 4527"
"already_has_items","13684C","DISCOVER MACHINARY","06-Dec-2022","1505000","1234100","target quotation id 4528"
"already_has_items","SB/QTN/13715/22-23","Leocon Infra","03-Dec-2022","3195000","2619900","target quotation id 4532"
"already_has_items","SB/QTN/13716B/22-23","Sri Surya Food Products","03-Dec-2022","2275000","1865500","target quotation id 4533"
"already_has_items","13692B","M/s.GLOSTER CABLES","03-Dec-2022","1690000","1385800","target quotation id 4534"
"already_has_items","SB/QTN/13712/22-23","FLOWLINE ENGINEERING SERVICES","02-Dec-2022","1800000","1476000","target quotation id 4535"
"already_has_items","13709","M/s Pajson Agro India Pvt Ltd","01-Dec-2022","3880000","3181600","target quotation id 4536"
"already_has_items","13708","M/s Satya Sai Chmenicals","01-Dec-2022","85000","69700","target quotation id 4537"
"already_has_items","SB/QTN/13708-CO/22-23","MAHAMAYA INDUSTRIES","30-Nov-2022","2730000","2730000","target quotation id 4538"
"already_has_items","13668R2","Shobha Life sciences","29-Nov-2022","88250","72365","target quotation id 4539"
"already_has_items","13668R1","Shobha Life sciences","29-Nov-2022","88250","72365","target quotation id 4540"
"already_has_items","13670R1","M/s Satya Sai Chmenicals","29-Nov-2022","220000","180400","target quotation id 4543"
"already_has_items","SB/QTN/13706/22-23","Taj Engineering Works","29-Nov-2022","125000","102500","target quotation id 4544"
"already_has_items","SB/QTN/13644 B/22-23","RIYANSH INDUSTRIES PRIVATE LIMITED","29-Nov-2022","2970000","2435400","target quotation id 4545"
"already_has_items","SB/QTN/13703/22-23","Thermotech","29-Nov-2022","3935000","3226700","target quotation id 4546"
"already_has_items","SB/QTN/13702/22-23","Fortune Engineering Works","28-Nov-2022","1645000","1348900","target quotation id 4547"
"already_has_items","13670R1","M/s Satya Sai Chmenicals","28-Nov-2022","220000","180400","target quotation id 4542"
"already_has_items","SB/QTN/13701-CO/22-23","Rakesh Roshan","26-Nov-2022","3100000","3100000","target quotation id 4548"
"already_has_items","13670R2","M/s Satya Sai Chmenicals","25-Nov-2022","235340","192978.8","target quotation id 4549"
"already_has_items","SB/QTN/13697/22-23","Hanuman Oil Mill","25-Nov-2022","4860000","3985200","target quotation id 4550"
"already_has_items","13670R1","M/s Satya Sai Chmenicals","24-Nov-2022","229660","188321.2","target quotation id 4541"
"already_has_items","SB/13694/MF-400","M/s LOTUS CHOCOLATE","24-Nov-2022","7215000","5916300","target quotation id 4551"
"already_has_items","SB/QTN/13693/22-23","Hussaini","23-Nov-2022","2120000","1738400","target quotation id 4554"
"already_has_items","SB/QTN/13691/22-23","Nanolite Infratech Private Limited","22-Nov-2022","2630000","2156600","target quotation id 4555"
"already_has_items","13684B","DISCOVER MACHINARY","22-Nov-2022","935000","935000","target quotation id 4556"
"already_has_items","SB/QTN/13691 B/22-23","Nanolite Infratech Private Limited","22-Nov-2022","2750000","2255000","target quotation id 4557"
"already_has_items","SB/QTN/13689/22-23","krishna AAC","21-Nov-2022","2545000","2086900","target quotation id 4558"
"already_has_items","SB/QTN/13645R1-F/22-23","KGVK AGRO LIMITED","21-Nov-2022","1815000","1815000","target quotation id 4559"
"already_has_items","SB/QTN/13685-A-CO-F","RK Agro Foods","19-Nov-2022","1105000","1105000","target quotation id 4560"
"already_has_items","SB/QTN/13680/22-23","HHPL","17-Nov-2022","2060000","1689200","target quotation id 4565"
"already_has_items","SB/QTN/13674/22-23","Shree Packing Industries","17-Nov-2022","1490000","1221800","target quotation id 4566"
"already_has_items","SB/QTN/13606 C/22-23","RND Foods","16-Nov-2022","3720000","3050400","target quotation id 4567"
"already_has_items","SB/QTN/13675-A/22-23","New Durgamata Electrical Works","16-Nov-2022","2245000","2245000","target quotation id 4568"
"already_has_items","13666","Chem tech","15-Nov-2022","235000","192700","target quotation id 4569"
"already_has_items","SB/QTN/13670/22-23","M/s Satya Sai Chmenicals","15-Nov-2022","275000","225500","target quotation id 4570"
"already_has_items","SB/QTN/13672/22-23","Greenway Technologies India Private Limited","15-Nov-2022","55000","45100","target quotation id 4579"
"already_has_items","SB/QTN/13668A/22-23","Shobha Life sciences","15-Nov-2022","68000","55760","target quotation id 4582"
"already_has_items","SB/QTN/13663/22-23","Laxmi Pack Wood","12-Nov-2022","685000","561700","target quotation id 4587"
"already_has_items","SB/QTN/13647/22-23","Shri Satya Wood Industry","10-Nov-2022","1545000","1699500","target quotation id 4590"
"already_has_items","SB/QTN/13645/22-23","KGVK AGRO LIMITED","07-Nov-2022","2175000","2501250","target quotation id 4591"
"already_has_items","SB/QTN/13644/22-23","RIYANSH INDUSTRIES PRIVATE LIMITED","07-Nov-2022","2275000","1865500","target quotation id 4592"
"already_has_items","SB/QTN/13641-R1/23-24","Vaishnavi Agro Industries","04-Nov-2022","2900000","2378000","target quotation id 4593"
"already_has_items","SB/QTN/13640/22-23","Gouthami Explosives Private Limited","04-Nov-2022","162000","132840","target quotation id 4594"
"already_has_items","SB/QTN/13716 B-R2-F/22-23","Greenway Technologies India Private Limited","03-Nov-2022","3795000","3111900","target quotation id 4595"
"already_has_items","SB/QTN/13632 A/22-23","BARAMATI AGRO","02-Nov-2022","1470000","1205400","target quotation id 4597"
"already_has_items","SB/QTN/13632B/22-23","BARAMATI AGRO","02-Nov-2022","1800000","1476000","target quotation id 4598"
"already_has_items","SB/QTN/13638/22-23","Sree Sai Mata Enterprises","02-Nov-2022","650000","533000","target quotation id 4599"
"already_has_items","SB/QTN/13637/22-23","SLV Engineers","02-Nov-2022","440000","360800","target quotation id 4600"
"already_has_items","13624A","M/s.Roman Island","29-Oct-2022","740000","606800","target quotation id 4603"
"already_has_items","13627A","M/S.SRIVATHSA LIFE SCIENCES PVT LTD","29-Oct-2022","4615000","3784300","target quotation id 4604"
"already_has_items","13626","M/s. Artemis biotech","29-Oct-2022","4250000","3485000","target quotation id 4605"
"already_has_items","SB/QTN/13623/22-23","FLOWLINE ENGINEERING SERVICES","28-Oct-2022","4625000","3792500","target quotation id 4606"
"already_has_items","SB/QTN/13622/22-23","KIBA BIOTECH","28-Oct-2022","455000","373100","target quotation id 4607"
"already_has_items","SB/QTN/13621-B-CO/22-23","Abhi Bajpai","24-Oct-2022","4450000","4450000","target quotation id 4608"
"already_has_items","SB/QTN/13620/22-23","Abhi Bajpai","23-Oct-2022","3525000","3525000","target quotation id 4609"
"already_has_items","SB/QTN/13617B/22-23","Greenway Technologies India Private Limited","22-Oct-2022","3705000","3038100","target quotation id 4610"
"already_has_items","SB/QTN/13616/22-23","Maartan Fine Chem","21-Oct-2022","3340000","2738800","target quotation id 4611"
"already_has_items","SB/QTN/13615B/22-23","Nilambo pickle plant","21-Oct-2022","2175000","1783500","target quotation id 4612"
"already_has_items","13148ER1","Shobha Life sciences","21-Oct-2022","278500","228370","target quotation id 4613"
"already_has_items","SB/QTN/13617 A/22-23","Greenway Technologies India Private Limited","21-Oct-2022","3005000","2464100","target quotation id 4614"
"already_has_items","13614","SLS Engineering Technology","20-Oct-2022","3290000","2697800","target quotation id 4615"
"already_has_items","SB/QTN/13615/22-23","Nilambo pickle plant","20-Oct-2022","1915000","1570300","target quotation id 4616"
"already_has_items","SB/QTN/13613/22-23","M/s. Engry Solution","19-Oct-2022","1900000","1558000","target quotation id 4617"
"already_has_items","SB/QTN/13612 A/22-23","Adishwar Packaging","18-Oct-2022","3445000","2824900","target quotation id 4618"
"already_has_items","SB/QTN/13612B/22-23","Adishwar Packaging","18-Oct-2022","3520000","2886400","target quotation id 4619"
"already_has_items","13590 B","SIDS FARM PRIVATE LIMITED","17-Oct-2022","4955000","4063100","target quotation id 4620"
"already_has_items","SB/QUO/12363B/22-23","Shreyakon Chemicals P Ltd","17-Oct-2022","1665000","1365300","target quotation id 4621"
"already_has_items","13611","M/s Satya Sai Chmenicals","17-Oct-2022","435000","382365","target quotation id 4622"
"already_has_items","SB/QTN/13610-A/22-23","Sri Sai Engineering","15-Oct-2022","1445000","1445000","target quotation id 4623"
"already_has_items","SB/QTN/13609-B/22-23","J. Patidar","13-Oct-2022","3170000","3170000","target quotation id 4624"
"already_has_items","SB/QTN/13609-A/22-23","J. Patidar","13-Oct-2022","2770000","2770000","target quotation id 4625"
"already_has_items","SB/QTN/13606/22-23","RND Foods","11-Oct-2022","1675000","1373500","target quotation id 4626"
"already_has_items","SB/QTN/13585B/22-23","The axis","10-Oct-2022","2920000","2394400","target quotation id 4627"
"already_has_items","SB/QTN/13604/22-23","ANUSH FOOD PRODUCTS","08-Oct-2022","3655000","2997100","target quotation id 4628"
"already_has_items","SB/QTN/13594/22-23","BAUDH DISTILLRIES","01-Oct-2022","2530000","2074600","target quotation id 4629"
"already_has_items","13596","GBR LABORATORIES PVT LTD","01-Oct-2022","820000","672400","target quotation id 4630"
"already_has_items","13596B","GBR LABORATORIES PVT LTD","01-Oct-2022","4115000","3374300","target quotation id 4631"
"already_has_items","13598A","Maathrusri Engineers","01-Oct-2022","7260000","5953200","target quotation id 4632"
"already_has_items","SB/QTN/13593B/22-23","Chinmay Apparels Private Limited","30-Sep-2022","1950000","1599000","target quotation id 4633"
"already_has_items","SB/QTN/13593/22-23","Chinmay Apparels Private Limited","30-Sep-2022","1470000","1205400","target quotation id 4634"
"already_has_items","13588","Ambassador Hotel","29-Sep-2022","855000","701100","target quotation id 4635"
"already_has_items","13590B","SIDS FARM PRIVATE LIMITED","29-Sep-2022","6430000","5272600","target quotation id 4636"
"already_has_items","SB/QTN/13580/22-23","SHOBHA LIFE SCIENCE PVT LTD","28-Sep-2022","340000","278800","target quotation id 4637"
"already_has_items","SB/QTN/13585/22-23","The axis","28-Sep-2022","2470000","2025400","target quotation id 4638"
"already_has_items","SB/QTN/13584/22-23","Lingappa Ranasut","28-Sep-2022","1615000","1324300","target quotation id 4639"
"already_has_items","13583B","UBIC LIFE SCIENCES","26-Sep-2022","1500000","1230000","target quotation id 4640"
"already_has_items","13585","SPAR INDUSTRIES","26-Sep-2022","690000","565800","target quotation id 4641"
"already_has_items","13583A","UBIC LIFE SCIENCES","26-Sep-2022","2845000","2332900","target quotation id 4642"
"already_has_items","13472R1","M/s. Plantae Life Sciences Private Limited.","26-Sep-2022","2645000","2168900","target quotation id 4643"
"already_has_items","1383A","UBIC LIFE SCIENCES","24-Sep-2022","2210000","2210000","target quotation id 4644"
"already_has_items","SB/QTN/13335 A-R2 /2022-23","YORKER FABRICS","23-Sep-2022","3680000","3680000","target quotation id 4645"
"already_has_items","SB/QTN/13579 B/22-23","Creamline Dairy","22-Sep-2022","5070","4157.4","target quotation id 4646"
"already_has_items","SB/QTN/13575 c/22-23","MICROBITE","19-Sep-2022","545000","446900","target quotation id 4649"
"already_has_items","SB/QTN/13575 B/22-23","MICROBITE","19-Sep-2022","5580000","5580000","target quotation id 4652"
"already_has_items","SB/QTN/13575/22-23","MICROBITE","19-Sep-2022","390000","319800","target quotation id 4653"
"already_has_items","SB/QTN/13568/22-23","Goa Galaya Laudry","14-Sep-2022","1175000","963500","target quotation id 4659"
"already_has_items","SB/QTN/13568 B/22-23","Goa Galaya Laudry","14-Sep-2022","825000","676500","target quotation id 4660"
"already_has_items","SB/QTN/13567/22-23","Divya Dhan Consultant Private Limited","14-Sep-2022","1125000","922500","target quotation id 4662"
